file_path,label,dataset_source,speaker_id,language,attack_type,generation_method,recording_environment,codec,sample_rate,duration,split
data/real/asvspoof_2021_00001.wav,REAL,ASVspoof_2021,SPK_ASV_001,en,BONAFIDE,HUMAN,Studio / Clean,pcm_16k,16000,4.42,train
data/real/asvspoof_2021_00002.wav,REAL,ASVspoof_2021,SPK_ASV_002,en,BONAFIDE,HUMAN,Studio / Clean,pcm_16k,16000,3.44,validation
data/real/asvspoof_2021_00003.wav,REAL,ASVspoof_2021,SPK_ASV_003,en,BONAFIDE,HUMAN,Studio / Clean,pcm_16k,16000,3.84,train
data/real/asvspoof_2021_00004.wav,REAL,ASVspoof_2021,SPK_ASV_004,en,BONAFIDE,HUMAN,Studio / Clean,pcm_16k,16000,3.76,train
data/real/asvspoof_2021_00005.wav,REAL,ASVspoof_2021,SPK_ASV_005,en,BONAFIDE,HUMAN,Studio / Clean,pcm_16k,16000,4.58,train
data/real/asvspoof_2021_00006.wav,REAL,ASVspoof_2021,SPK_ASV_006,en,BONAFIDE,HUMAN,Studio / Clean,pcm_16k,16000,4.48,train
data/real/asvspoof_2021_00007.wav,REAL,ASVspoof_2021,SPK_ASV_007,en,BONAFIDE,HUMAN,Studio / Clean,pcm_16k,16000,4.83,train
data/real/asvspoof_2021_00008.wav,REAL,ASVspoof_2021,SPK_ASV_008,en,BONAFIDE,HUMAN,Studio / Clean,pcm_16k,16000,3.54,train
data/real/asvspoof_2021_00009.wav,REAL,ASVspoof_2021,SPK_ASV_009,en,BONAFIDE,HUMAN,Studio / Clean,pcm_16k,16000,4.08,train
data/real/asvspoof_2021_00010.wav,REAL,ASVspoof_2021,SPK_ASV_010,en,BONAFIDE,HUMAN,Studio / Clean,pcm_16k,16000,3.45,validation
data/real/asvspoof_2021_00011.wav,REAL,ASVspoof_2021,SPK_ASV_011,en,BONAFIDE,HUMAN,Studio / Clean,pcm_16k,16000,3.75,train
data/real/asvspoof_2021_00012.wav,REAL,ASVspoof_2021,SPK_ASV_012,en,BONAFIDE,HUMAN,Studio / Clean,pcm_16k,16000,4.21,train
data/real/asvspoof_2021_00013.wav,REAL,ASVspoof_2021,SPK_ASV_013,en,BONAFIDE,HUMAN,Studio / Clean,pcm_16k,16000,3.44,validation
data/real/asvspoof_2021_00014.wav,REAL,ASVspoof_2021,SPK_ASV_014,en,BONAFIDE,HUMAN,Studio / Clean,pcm_16k,16000,3.72,train
data/real/asvspoof_2021_00015.wav,REAL,ASVspoof_2021,SPK_ASV_015,en,BONAFIDE,HUMAN,Studio / Clean,pcm_16k,16000,4.44,train
data/real/asvspoof_2021_00016.wav,REAL,ASVspoof_2021,SPK_ASV_016,en,BONAFIDE,HUMAN,Studio / Clean,pcm_16k,16000,4.27,train
data/real/asvspoof_2021_00017.wav,REAL,ASVspoof_2021,SPK_ASV_017,en,BONAFIDE,HUMAN,Studio / Clean,pcm_16k,16000,3.75,train
data/real/asvspoof_2021_00018.wav,REAL,ASVspoof_2021,SPK_ASV_018,en,BONAFIDE,HUMAN,Studio / Clean,pcm_16k,16000,4.34,train
data/real/asvspoof_2021_00019.wav,REAL,ASVspoof_2021,SPK_ASV_019,en,BONAFIDE,HUMAN,Studio / Clean,pcm_16k,16000,4.7,train
data/real/asvspoof_2021_00020.wav,REAL,ASVspoof_2021,SPK_ASV_020,en,BONAFIDE,HUMAN,Studio / Clean,pcm_16k,16000,3.41,train
data/real/asvspoof_2021_00021.wav,REAL,ASVspoof_2021,SPK_ASV_021,en,BONAFIDE,HUMAN,Studio / Clean,pcm_16k,16000,4.69,train
data/real/asvspoof_2021_00022.wav,REAL,ASVspoof_2021,SPK_ASV_022,en,BONAFIDE,HUMAN,Studio / Clean,pcm_16k,16000,4.52,train
data/real/asvspoof_2021_00023.wav,REAL,ASVspoof_2021,SPK_ASV_023,en,BONAFIDE,HUMAN,Studio / Clean,pcm_16k,16000,3.94,train
data/real/asvspoof_2021_00024.wav,REAL,ASVspoof_2021,SPK_ASV_024,en,BONAFIDE,HUMAN,Studio / Clean,pcm_16k,16000,3.65,test
data/real/asvspoof_2021_00025.wav,REAL,ASVspoof_2021,SPK_ASV_025,en,BONAFIDE,HUMAN,Studio / Clean,pcm_16k,16000,4.93,train
data/real/asvspoof_2021_00026.wav,REAL,ASVspoof_2021,SPK_ASV_026,en,BONAFIDE,HUMAN,Studio / Clean,pcm_16k,16000,3.94,train
data/real/asvspoof_2021_00027.wav,REAL,ASVspoof_2021,SPK_ASV_027,en,BONAFIDE,HUMAN,Studio / Clean,pcm_16k,16000,3.55,train
data/real/asvspoof_2021_00028.wav,REAL,ASVspoof_2021,SPK_ASV_028,en,BONAFIDE,HUMAN,Studio / Clean,pcm_16k,16000,3.55,train
data/real/asvspoof_2021_00029.wav,REAL,ASVspoof_2021,SPK_ASV_029,en,BONAFIDE,HUMAN,Studio / Clean,pcm_16k,16000,4.76,train
data/real/asvspoof_2021_00030.wav,REAL,ASVspoof_2021,SPK_ASV_030,en,BONAFIDE,HUMAN,Studio / Clean,pcm_16k,16000,4.37,train
data/real/asvspoof_2021_00031.wav,REAL,ASVspoof_2021,SPK_ASV_031,en,BONAFIDE,HUMAN,Studio / Clean,pcm_16k,16000,4.69,train
data/real/asvspoof_2021_00032.wav,REAL,ASVspoof_2021,SPK_ASV_032,en,BONAFIDE,HUMAN,Studio / Clean,pcm_16k,16000,4.57,test
data/real/asvspoof_2021_00033.wav,REAL,ASVspoof_2021,SPK_ASV_033,en,BONAFIDE,HUMAN,Studio / Clean,pcm_16k,16000,4.26,train
data/real/asvspoof_2021_00034.wav,REAL,ASVspoof_2021,SPK_ASV_034,en,BONAFIDE,HUMAN,Studio / Clean,pcm_16k,16000,4.96,validation
data/real/asvspoof_2021_00035.wav,REAL,ASVspoof_2021,SPK_ASV_035,en,BONAFIDE,HUMAN,Studio / Clean,pcm_16k,16000,4.01,train
data/real/asvspoof_2021_00036.wav,REAL,ASVspoof_2021,SPK_ASV_036,en,BONAFIDE,HUMAN,Studio / Clean,pcm_16k,16000,4.28,train
data/real/asvspoof_2021_00037.wav,REAL,ASVspoof_2021,SPK_ASV_037,en,BONAFIDE,HUMAN,Studio / Clean,pcm_16k,16000,4.73,train
data/real/asvspoof_2021_00038.wav,REAL,ASVspoof_2021,SPK_ASV_038,en,BONAFIDE,HUMAN,Studio / Clean,pcm_16k,16000,4.39,train
data/real/asvspoof_2021_00039.wav,REAL,ASVspoof_2021,SPK_ASV_039,en,BONAFIDE,HUMAN,Studio / Clean,pcm_16k,16000,4.78,train
data/real/asvspoof_2021_00040.wav,REAL,ASVspoof_2021,SPK_ASV_040,en,BONAFIDE,HUMAN,Studio / Clean,pcm_16k,16000,4.32,train
data/real/asvspoof_2021_00041.wav,REAL,ASVspoof_2021,SPK_ASV_041,en,BONAFIDE,HUMAN,Studio / Clean,pcm_16k,16000,4.53,train
data/real/asvspoof_2021_00042.wav,REAL,ASVspoof_2021,SPK_ASV_042,en,BONAFIDE,HUMAN,Studio / Clean,pcm_16k,16000,3.47,train
data/real/asvspoof_2021_00043.wav,REAL,ASVspoof_2021,SPK_ASV_043,en,BONAFIDE,HUMAN,Studio / Clean,pcm_16k,16000,3.76,validation
data/real/asvspoof_2021_00044.wav,REAL,ASVspoof_2021,SPK_ASV_044,en,BONAFIDE,HUMAN,Studio / Clean,pcm_16k,16000,3.86,test
data/real/asvspoof_2021_00045.wav,REAL,ASVspoof_2021,SPK_ASV_045,en,BONAFIDE,HUMAN,Studio / Clean,pcm_16k,16000,3.53,train
data/real/asvspoof_2021_00046.wav,REAL,ASVspoof_2021,SPK_ASV_046,en,BONAFIDE,HUMAN,Studio / Clean,pcm_16k,16000,3.77,train
data/real/asvspoof_2021_00047.wav,REAL,ASVspoof_2021,SPK_ASV_047,en,BONAFIDE,HUMAN,Studio / Clean,pcm_16k,16000,3.56,test
data/real/asvspoof_2021_00048.wav,REAL,ASVspoof_2021,SPK_ASV_048,en,BONAFIDE,HUMAN,Studio / Clean,pcm_16k,16000,3.84,validation
data/real/asvspoof_2021_00049.wav,REAL,ASVspoof_2021,SPK_ASV_049,en,BONAFIDE,HUMAN,Studio / Clean,pcm_16k,16000,4.42,test
data/real/asvspoof_2021_00050.wav,REAL,ASVspoof_2021,SPK_ASV_050,en,BONAFIDE,HUMAN,Studio / Clean,pcm_16k,16000,3.98,test
data/real/asvspoof_2021_00051.wav,REAL,ASVspoof_2021,SPK_ASV_051,en,BONAFIDE,HUMAN,Studio / Clean,pcm_16k,16000,3.99,test
data/real/asvspoof_2021_00052.wav,REAL,ASVspoof_2021,SPK_ASV_052,en,BONAFIDE,HUMAN,Studio / Clean,pcm_16k,16000,3.74,test
data/real/asvspoof_2021_00053.wav,REAL,ASVspoof_2021,SPK_ASV_053,en,BONAFIDE,HUMAN,Studio / Clean,pcm_16k,16000,3.83,test
data/real/asvspoof_2021_00054.wav,REAL,ASVspoof_2021,SPK_ASV_054,en,BONAFIDE,HUMAN,Studio / Clean,pcm_16k,16000,4.9,train
data/real/asvspoof_2021_00055.wav,REAL,ASVspoof_2021,SPK_ASV_055,en,BONAFIDE,HUMAN,Studio / Clean,pcm_16k,16000,4.44,train
data/real/asvspoof_2021_00056.wav,REAL,ASVspoof_2021,SPK_ASV_056,en,BONAFIDE,HUMAN,Studio / Clean,pcm_16k,16000,4.37,train
data/real/asvspoof_2021_00057.wav,REAL,ASVspoof_2021,SPK_ASV_057,en,BONAFIDE,HUMAN,Studio / Clean,pcm_16k,16000,3.67,test
data/real/asvspoof_2021_00058.wav,REAL,ASVspoof_2021,SPK_ASV_058,en,BONAFIDE,HUMAN,Studio / Clean,pcm_16k,16000,4.57,test
data/real/asvspoof_2021_00059.wav,REAL,ASVspoof_2021,SPK_ASV_059,en,BONAFIDE,HUMAN,Studio / Clean,pcm_16k,16000,3.66,train
data/real/asvspoof_2021_00060.wav,REAL,ASVspoof_2021,SPK_ASV_060,en,BONAFIDE,HUMAN,Studio / Clean,pcm_16k,16000,4.01,test
data/real/asvspoof_2021_00061.wav,REAL,ASVspoof_2021,SPK_ASV_061,en,BONAFIDE,HUMAN,Studio / Clean,pcm_16k,16000,4.98,train
data/real/asvspoof_2021_00062.wav,REAL,ASVspoof_2021,SPK_ASV_062,en,BONAFIDE,HUMAN,Studio / Clean,pcm_16k,16000,4.42,validation
data/real/asvspoof_2021_00063.wav,REAL,ASVspoof_2021,SPK_ASV_063,en,BONAFIDE,HUMAN,Studio / Clean,pcm_16k,16000,4.29,train
data/real/asvspoof_2021_00064.wav,REAL,ASVspoof_2021,SPK_ASV_064,en,BONAFIDE,HUMAN,Studio / Clean,pcm_16k,16000,4.5,train
data/real/asvspoof_2021_00065.wav,REAL,ASVspoof_2021,SPK_ASV_065,en,BONAFIDE,HUMAN,Studio / Clean,pcm_16k,16000,4.75,test
data/real/asvspoof_2021_00066.wav,REAL,ASVspoof_2021,SPK_ASV_066,en,BONAFIDE,HUMAN,Studio / Clean,pcm_16k,16000,4.64,test
data/real/asvspoof_2021_00067.wav,REAL,ASVspoof_2021,SPK_ASV_067,en,BONAFIDE,HUMAN,Studio / Clean,pcm_16k,16000,3.77,validation
data/real/asvspoof_2021_00068.wav,REAL,ASVspoof_2021,SPK_ASV_068,en,BONAFIDE,HUMAN,Studio / Clean,pcm_16k,16000,3.45,train
data/real/asvspoof_2021_00069.wav,REAL,ASVspoof_2021,SPK_ASV_069,en,BONAFIDE,HUMAN,Studio / Clean,pcm_16k,16000,3.9,test
data/real/asvspoof_2021_00070.wav,REAL,ASVspoof_2021,SPK_ASV_070,en,BONAFIDE,HUMAN,Studio / Clean,pcm_16k,16000,3.83,train
data/real/asvspoof_2021_00071.wav,REAL,ASVspoof_2021,SPK_ASV_071,en,BONAFIDE,HUMAN,Studio / Clean,pcm_16k,16000,3.74,train
data/real/asvspoof_2021_00072.wav,REAL,ASVspoof_2021,SPK_ASV_072,en,BONAFIDE,HUMAN,Studio / Clean,pcm_16k,16000,4.91,test
data/real/asvspoof_2021_00073.wav,REAL,ASVspoof_2021,SPK_ASV_073,en,BONAFIDE,HUMAN,Studio / Clean,pcm_16k,16000,4.8,train
data/real/asvspoof_2021_00074.wav,REAL,ASVspoof_2021,SPK_ASV_074,en,BONAFIDE,HUMAN,Studio / Clean,pcm_16k,16000,3.9,train
data/real/asvspoof_2021_00075.wav,REAL,ASVspoof_2021,SPK_ASV_075,en,BONAFIDE,HUMAN,Studio / Clean,pcm_16k,16000,4.45,train
data/real/asvspoof_2021_00076.wav,REAL,ASVspoof_2021,SPK_ASV_076,en,BONAFIDE,HUMAN,Studio / Clean,pcm_16k,16000,4.03,validation
data/real/asvspoof_2021_00077.wav,REAL,ASVspoof_2021,SPK_ASV_077,en,BONAFIDE,HUMAN,Studio / Clean,pcm_16k,16000,4.86,test
data/real/asvspoof_2021_00078.wav,REAL,ASVspoof_2021,SPK_ASV_078,en,BONAFIDE,HUMAN,Studio / Clean,pcm_16k,16000,4.13,train
data/real/asvspoof_2021_00079.wav,REAL,ASVspoof_2021,SPK_ASV_079,en,BONAFIDE,HUMAN,Studio / Clean,pcm_16k,16000,3.82,train
data/real/asvspoof_2021_00080.wav,REAL,ASVspoof_2021,SPK_ASV_080,en,BONAFIDE,HUMAN,Studio / Clean,pcm_16k,16000,3.79,train
data/real/asvspoof_2021_00081.wav,REAL,ASVspoof_2021,SPK_ASV_081,en,BONAFIDE,HUMAN,Studio / Clean,pcm_16k,16000,4.3,train
data/real/asvspoof_2021_00082.wav,REAL,ASVspoof_2021,SPK_ASV_082,en,BONAFIDE,HUMAN,Studio / Clean,pcm_16k,16000,3.82,train
data/real/asvspoof_2021_00083.wav,REAL,ASVspoof_2021,SPK_ASV_083,en,BONAFIDE,HUMAN,Studio / Clean,pcm_16k,16000,4.34,train
data/real/asvspoof_2021_00084.wav,REAL,ASVspoof_2021,SPK_ASV_084,en,BONAFIDE,HUMAN,Studio / Clean,pcm_16k,16000,4.84,train
data/real/asvspoof_2021_00085.wav,REAL,ASVspoof_2021,SPK_ASV_085,en,BONAFIDE,HUMAN,Studio / Clean,pcm_16k,16000,4.04,test
data/real/asvspoof_2021_00086.wav,REAL,ASVspoof_2021,SPK_ASV_086,en,BONAFIDE,HUMAN,Studio / Clean,pcm_16k,16000,3.75,train
data/real/asvspoof_2021_00087.wav,REAL,ASVspoof_2021,SPK_ASV_087,en,BONAFIDE,HUMAN,Studio / Clean,pcm_16k,16000,5.0,test
data/real/asvspoof_2021_00088.wav,REAL,ASVspoof_2021,SPK_ASV_088,en,BONAFIDE,HUMAN,Studio / Clean,pcm_16k,16000,4.22,train
data/real/asvspoof_2021_00089.wav,REAL,ASVspoof_2021,SPK_ASV_089,en,BONAFIDE,HUMAN,Studio / Clean,pcm_16k,16000,3.55,train
data/real/asvspoof_2021_00090.wav,REAL,ASVspoof_2021,SPK_ASV_090,en,BONAFIDE,HUMAN,Studio / Clean,pcm_16k,16000,3.48,validation
data/real/asvspoof_2021_00091.wav,REAL,ASVspoof_2021,SPK_ASV_091,en,BONAFIDE,HUMAN,Studio / Clean,pcm_16k,16000,3.58,train
data/real/asvspoof_2021_00092.wav,REAL,ASVspoof_2021,SPK_ASV_092,en,BONAFIDE,HUMAN,Studio / Clean,pcm_16k,16000,4.4,train
data/real/asvspoof_2021_00093.wav,REAL,ASVspoof_2021,SPK_ASV_093,en,BONAFIDE,HUMAN,Studio / Clean,pcm_16k,16000,4.67,validation
data/real/asvspoof_2021_00094.wav,REAL,ASVspoof_2021,SPK_ASV_094,en,BONAFIDE,HUMAN,Studio / Clean,pcm_16k,16000,4.08,train
data/real/asvspoof_2021_00095.wav,REAL,ASVspoof_2021,SPK_ASV_095,en,BONAFIDE,HUMAN,Studio / Clean,pcm_16k,16000,3.5,train
data/real/asvspoof_2021_00096.wav,REAL,ASVspoof_2021,SPK_ASV_096,en,BONAFIDE,HUMAN,Studio / Clean,pcm_16k,16000,4.01,train
data/real/asvspoof_2021_00097.wav,REAL,ASVspoof_2021,SPK_ASV_097,en,BONAFIDE,HUMAN,Studio / Clean,pcm_16k,16000,4.99,train
data/real/asvspoof_2021_00098.wav,REAL,ASVspoof_2021,SPK_ASV_098,en,BONAFIDE,HUMAN,Studio / Clean,pcm_16k,16000,4.25,train
data/real/asvspoof_2021_00099.wav,REAL,ASVspoof_2021,SPK_ASV_099,en,BONAFIDE,HUMAN,Studio / Clean,pcm_16k,16000,4.95,test
data/real/asvspoof_2021_00100.wav,REAL,ASVspoof_2021,SPK_ASV_100,en,BONAFIDE,HUMAN,Studio / Clean,pcm_16k,16000,4.78,train
data/real/asvspoof_2021_00101.wav,REAL,ASVspoof_2021,SPK_ASV_101,en,BONAFIDE,HUMAN,Studio / Clean,pcm_16k,16000,3.42,train
data/real/asvspoof_2021_00102.wav,REAL,ASVspoof_2021,SPK_ASV_102,en,BONAFIDE,HUMAN,Studio / Clean,pcm_16k,16000,4.55,validation
data/real/asvspoof_2021_00103.wav,REAL,ASVspoof_2021,SPK_ASV_103,en,BONAFIDE,HUMAN,Studio / Clean,pcm_16k,16000,4.49,train
data/real/asvspoof_2021_00104.wav,REAL,ASVspoof_2021,SPK_ASV_104,en,BONAFIDE,HUMAN,Studio / Clean,pcm_16k,16000,4.26,train
data/real/asvspoof_2021_00105.wav,REAL,ASVspoof_2021,SPK_ASV_105,en,BONAFIDE,HUMAN,Studio / Clean,pcm_16k,16000,3.83,validation
data/real/asvspoof_2021_00106.wav,REAL,ASVspoof_2021,SPK_ASV_106,en,BONAFIDE,HUMAN,Studio / Clean,pcm_16k,16000,4.43,train
data/real/asvspoof_2021_00107.wav,REAL,ASVspoof_2021,SPK_ASV_107,en,BONAFIDE,HUMAN,Studio / Clean,pcm_16k,16000,3.58,train
data/real/asvspoof_2021_00108.wav,REAL,ASVspoof_2021,SPK_ASV_108,en,BONAFIDE,HUMAN,Studio / Clean,pcm_16k,16000,4.1,train
data/real/asvspoof_2021_00109.wav,REAL,ASVspoof_2021,SPK_ASV_109,en,BONAFIDE,HUMAN,Studio / Clean,pcm_16k,16000,4.13,train
data/real/asvspoof_2021_00110.wav,REAL,ASVspoof_2021,SPK_ASV_110,en,BONAFIDE,HUMAN,Studio / Clean,pcm_16k,16000,4.93,test
data/real/asvspoof_2021_00111.wav,REAL,ASVspoof_2021,SPK_ASV_111,en,BONAFIDE,HUMAN,Studio / Clean,pcm_16k,16000,4.8,validation
data/real/asvspoof_2021_00112.wav,REAL,ASVspoof_2021,SPK_ASV_112,en,BONAFIDE,HUMAN,Studio / Clean,pcm_16k,16000,3.82,train
data/real/asvspoof_2021_00113.wav,REAL,ASVspoof_2021,SPK_ASV_113,en,BONAFIDE,HUMAN,Studio / Clean,pcm_16k,16000,4.2,train
data/real/asvspoof_2021_00114.wav,REAL,ASVspoof_2021,SPK_ASV_114,en,BONAFIDE,HUMAN,Studio / Clean,pcm_16k,16000,3.69,train
data/real/asvspoof_2021_00115.wav,REAL,ASVspoof_2021,SPK_ASV_115,en,BONAFIDE,HUMAN,Studio / Clean,pcm_16k,16000,4.86,train
data/real/asvspoof_2021_00116.wav,REAL,ASVspoof_2021,SPK_ASV_116,en,BONAFIDE,HUMAN,Studio / Clean,pcm_16k,16000,4.79,train
data/real/asvspoof_2021_00117.wav,REAL,ASVspoof_2021,SPK_ASV_117,en,BONAFIDE,HUMAN,Studio / Clean,pcm_16k,16000,3.88,validation
data/real/asvspoof_2021_00118.wav,REAL,ASVspoof_2021,SPK_ASV_118,en,BONAFIDE,HUMAN,Studio / Clean,pcm_16k,16000,4.42,train
data/real/asvspoof_2021_00119.wav,REAL,ASVspoof_2021,SPK_ASV_119,en,BONAFIDE,HUMAN,Studio / Clean,pcm_16k,16000,4.37,train
data/real/asvspoof_2021_00120.wav,REAL,ASVspoof_2021,SPK_ASV_000,en,BONAFIDE,HUMAN,Studio / Clean,pcm_16k,16000,3.64,train
data/real/asvspoof_2021_00121.wav,REAL,ASVspoof_2021,SPK_ASV_001,en,BONAFIDE,HUMAN,Studio / Clean,pcm_16k,16000,4.62,train
data/real/asvspoof_2021_00122.wav,REAL,ASVspoof_2021,SPK_ASV_002,en,BONAFIDE,HUMAN,Studio / Clean,pcm_16k,16000,4.26,validation
data/real/asvspoof_2021_00123.wav,REAL,ASVspoof_2021,SPK_ASV_003,en,BONAFIDE,HUMAN,Studio / Clean,pcm_16k,16000,4.65,train
data/real/asvspoof_2021_00124.wav,REAL,ASVspoof_2021,SPK_ASV_004,en,BONAFIDE,HUMAN,Studio / Clean,pcm_16k,16000,4.25,train
data/real/asvspoof_2021_00125.wav,REAL,ASVspoof_2021,SPK_ASV_005,en,BONAFIDE,HUMAN,Studio / Clean,pcm_16k,16000,3.4,train
data/real/asvspoof_2021_00126.wav,REAL,ASVspoof_2021,SPK_ASV_006,en,BONAFIDE,HUMAN,Studio / Clean,pcm_16k,16000,3.92,train
data/real/asvspoof_2021_00127.wav,REAL,ASVspoof_2021,SPK_ASV_007,en,BONAFIDE,HUMAN,Studio / Clean,pcm_16k,16000,3.43,train
data/real/asvspoof_2021_00128.wav,REAL,ASVspoof_2021,SPK_ASV_008,en,BONAFIDE,HUMAN,Studio / Clean,pcm_16k,16000,4.89,train
data/real/asvspoof_2021_00129.wav,REAL,ASVspoof_2021,SPK_ASV_009,en,BONAFIDE,HUMAN,Studio / Clean,pcm_16k,16000,4.81,train
data/real/asvspoof_2021_00130.wav,REAL,ASVspoof_2021,SPK_ASV_010,en,BONAFIDE,HUMAN,Studio / Clean,pcm_16k,16000,4.73,validation
data/real/asvspoof_2021_00131.wav,REAL,ASVspoof_2021,SPK_ASV_011,en,BONAFIDE,HUMAN,Studio / Clean,pcm_16k,16000,3.89,train
data/real/asvspoof_2021_00132.wav,REAL,ASVspoof_2021,SPK_ASV_012,en,BONAFIDE,HUMAN,Studio / Clean,pcm_16k,16000,3.49,train
data/real/asvspoof_2021_00133.wav,REAL,ASVspoof_2021,SPK_ASV_013,en,BONAFIDE,HUMAN,Studio / Clean,pcm_16k,16000,4.8,validation
data/real/asvspoof_2021_00134.wav,REAL,ASVspoof_2021,SPK_ASV_014,en,BONAFIDE,HUMAN,Studio / Clean,pcm_16k,16000,4.92,train
data/real/asvspoof_2021_00135.wav,REAL,ASVspoof_2021,SPK_ASV_015,en,BONAFIDE,HUMAN,Studio / Clean,pcm_16k,16000,3.54,train
data/real/asvspoof_2021_00136.wav,REAL,ASVspoof_2021,SPK_ASV_016,en,BONAFIDE,HUMAN,Studio / Clean,pcm_16k,16000,4.18,train
data/real/asvspoof_2021_00137.wav,REAL,ASVspoof_2021,SPK_ASV_017,en,BONAFIDE,HUMAN,Studio / Clean,pcm_16k,16000,3.51,train
data/real/asvspoof_2021_00138.wav,REAL,ASVspoof_2021,SPK_ASV_018,en,BONAFIDE,HUMAN,Studio / Clean,pcm_16k,16000,4.62,train
data/real/asvspoof_2021_00139.wav,REAL,ASVspoof_2021,SPK_ASV_019,en,BONAFIDE,HUMAN,Studio / Clean,pcm_16k,16000,4.63,train
data/real/asvspoof_2021_00140.wav,REAL,ASVspoof_2021,SPK_ASV_020,en,BONAFIDE,HUMAN,Studio / Clean,pcm_16k,16000,3.61,train
data/real/asvspoof_2021_00141.wav,REAL,ASVspoof_2021,SPK_ASV_021,en,BONAFIDE,HUMAN,Studio / Clean,pcm_16k,16000,4.16,train
data/real/asvspoof_2021_00142.wav,REAL,ASVspoof_2021,SPK_ASV_022,en,BONAFIDE,HUMAN,Studio / Clean,pcm_16k,16000,4.28,train
data/real/asvspoof_2021_00143.wav,REAL,ASVspoof_2021,SPK_ASV_023,en,BONAFIDE,HUMAN,Studio / Clean,pcm_16k,16000,3.82,train
data/real/asvspoof_2021_00144.wav,REAL,ASVspoof_2021,SPK_ASV_024,en,BONAFIDE,HUMAN,Studio / Clean,pcm_16k,16000,4.8,test
data/real/asvspoof_2021_00145.wav,REAL,ASVspoof_2021,SPK_ASV_025,en,BONAFIDE,HUMAN,Studio / Clean,pcm_16k,16000,4.08,train
data/real/asvspoof_2021_00146.wav,REAL,ASVspoof_2021,SPK_ASV_026,en,BONAFIDE,HUMAN,Studio / Clean,pcm_16k,16000,3.74,train
data/real/asvspoof_2021_00147.wav,REAL,ASVspoof_2021,SPK_ASV_027,en,BONAFIDE,HUMAN,Studio / Clean,pcm_16k,16000,4.26,train
data/real/asvspoof_2021_00148.wav,REAL,ASVspoof_2021,SPK_ASV_028,en,BONAFIDE,HUMAN,Studio / Clean,pcm_16k,16000,4.57,train
data/real/asvspoof_2021_00149.wav,REAL,ASVspoof_2021,SPK_ASV_029,en,BONAFIDE,HUMAN,Studio / Clean,pcm_16k,16000,3.72,train
data/real/asvspoof_2021_00150.wav,REAL,ASVspoof_2021,SPK_ASV_030,en,BONAFIDE,HUMAN,Studio / Clean,pcm_16k,16000,3.9,train
data/real/asvspoof_2021_00151.wav,REAL,ASVspoof_2021,SPK_ASV_031,en,BONAFIDE,HUMAN,Studio / Clean,pcm_16k,16000,4.99,train
data/real/asvspoof_2021_00152.wav,REAL,ASVspoof_2021,SPK_ASV_032,en,BONAFIDE,HUMAN,Studio / Clean,pcm_16k,16000,4.44,test
data/real/asvspoof_2021_00153.wav,REAL,ASVspoof_2021,SPK_ASV_033,en,BONAFIDE,HUMAN,Studio / Clean,pcm_16k,16000,4.1,train
data/real/asvspoof_2021_00154.wav,REAL,ASVspoof_2021,SPK_ASV_034,en,BONAFIDE,HUMAN,Studio / Clean,pcm_16k,16000,4.23,validation
data/real/asvspoof_2021_00155.wav,REAL,ASVspoof_2021,SPK_ASV_035,en,BONAFIDE,HUMAN,Studio / Clean,pcm_16k,16000,3.59,train
data/real/asvspoof_2021_00156.wav,REAL,ASVspoof_2021,SPK_ASV_036,en,BONAFIDE,HUMAN,Studio / Clean,pcm_16k,16000,3.76,train
data/real/asvspoof_2021_00157.wav,REAL,ASVspoof_2021,SPK_ASV_037,en,BONAFIDE,HUMAN,Studio / Clean,pcm_16k,16000,3.94,train
data/real/asvspoof_2021_00158.wav,REAL,ASVspoof_2021,SPK_ASV_038,en,BONAFIDE,HUMAN,Studio / Clean,pcm_16k,16000,4.34,train
data/real/asvspoof_2021_00159.wav,REAL,ASVspoof_2021,SPK_ASV_039,en,BONAFIDE,HUMAN,Studio / Clean,pcm_16k,16000,3.77,train
data/real/asvspoof_2021_00160.wav,REAL,ASVspoof_2021,SPK_ASV_040,en,BONAFIDE,HUMAN,Studio / Clean,pcm_16k,16000,3.75,train
data/real/asvspoof_2021_00161.wav,REAL,ASVspoof_2021,SPK_ASV_041,en,BONAFIDE,HUMAN,Studio / Clean,pcm_16k,16000,3.51,train
data/real/asvspoof_2021_00162.wav,REAL,ASVspoof_2021,SPK_ASV_042,en,BONAFIDE,HUMAN,Studio / Clean,pcm_16k,16000,4.41,train
data/real/asvspoof_2021_00163.wav,REAL,ASVspoof_2021,SPK_ASV_043,en,BONAFIDE,HUMAN,Studio / Clean,pcm_16k,16000,3.77,validation
data/real/asvspoof_2021_00164.wav,REAL,ASVspoof_2021,SPK_ASV_044,en,BONAFIDE,HUMAN,Studio / Clean,pcm_16k,16000,4.85,test
data/real/asvspoof_2021_00165.wav,REAL,ASVspoof_2021,SPK_ASV_045,en,BONAFIDE,HUMAN,Studio / Clean,pcm_16k,16000,4.78,train
data/real/asvspoof_2021_00166.wav,REAL,ASVspoof_2021,SPK_ASV_046,en,BONAFIDE,HUMAN,Studio / Clean,pcm_16k,16000,3.51,train
data/real/asvspoof_2021_00167.wav,REAL,ASVspoof_2021,SPK_ASV_047,en,BONAFIDE,HUMAN,Studio / Clean,pcm_16k,16000,3.78,test
data/real/asvspoof_2021_00168.wav,REAL,ASVspoof_2021,SPK_ASV_048,en,BONAFIDE,HUMAN,Studio / Clean,pcm_16k,16000,4.47,validation
data/real/asvspoof_2021_00169.wav,REAL,ASVspoof_2021,SPK_ASV_049,en,BONAFIDE,HUMAN,Studio / Clean,pcm_16k,16000,3.74,test
data/real/asvspoof_2021_00170.wav,REAL,ASVspoof_2021,SPK_ASV_050,en,BONAFIDE,HUMAN,Studio / Clean,pcm_16k,16000,3.61,test
data/real/asvspoof_2021_00171.wav,REAL,ASVspoof_2021,SPK_ASV_051,en,BONAFIDE,HUMAN,Studio / Clean,pcm_16k,16000,4.9,test
data/real/asvspoof_2021_00172.wav,REAL,ASVspoof_2021,SPK_ASV_052,en,BONAFIDE,HUMAN,Studio / Clean,pcm_16k,16000,4.31,test
data/real/asvspoof_2021_00173.wav,REAL,ASVspoof_2021,SPK_ASV_053,en,BONAFIDE,HUMAN,Studio / Clean,pcm_16k,16000,4.16,test
data/real/asvspoof_2021_00174.wav,REAL,ASVspoof_2021,SPK_ASV_054,en,BONAFIDE,HUMAN,Studio / Clean,pcm_16k,16000,4.66,train
data/real/asvspoof_2021_00175.wav,REAL,ASVspoof_2021,SPK_ASV_055,en,BONAFIDE,HUMAN,Studio / Clean,pcm_16k,16000,4.69,train
data/real/asvspoof_2021_00176.wav,REAL,ASVspoof_2021,SPK_ASV_056,en,BONAFIDE,HUMAN,Studio / Clean,pcm_16k,16000,3.7,train
data/real/asvspoof_2021_00177.wav,REAL,ASVspoof_2021,SPK_ASV_057,en,BONAFIDE,HUMAN,Studio / Clean,pcm_16k,16000,3.56,test
data/real/asvspoof_2021_00178.wav,REAL,ASVspoof_2021,SPK_ASV_058,en,BONAFIDE,HUMAN,Studio / Clean,pcm_16k,16000,4.09,test
data/real/asvspoof_2021_00179.wav,REAL,ASVspoof_2021,SPK_ASV_059,en,BONAFIDE,HUMAN,Studio / Clean,pcm_16k,16000,4.08,train
data/real/asvspoof_2021_00180.wav,REAL,ASVspoof_2021,SPK_ASV_060,en,BONAFIDE,HUMAN,Studio / Clean,pcm_16k,16000,4.15,test
data/real/asvspoof_2021_00181.wav,REAL,ASVspoof_2021,SPK_ASV_061,en,BONAFIDE,HUMAN,Studio / Clean,pcm_16k,16000,4.57,train
data/real/asvspoof_2021_00182.wav,REAL,ASVspoof_2021,SPK_ASV_062,en,BONAFIDE,HUMAN,Studio / Clean,pcm_16k,16000,4.48,validation
data/real/asvspoof_2021_00183.wav,REAL,ASVspoof_2021,SPK_ASV_063,en,BONAFIDE,HUMAN,Studio / Clean,pcm_16k,16000,4.97,train
data/real/asvspoof_2021_00184.wav,REAL,ASVspoof_2021,SPK_ASV_064,en,BONAFIDE,HUMAN,Studio / Clean,pcm_16k,16000,3.56,train
data/real/asvspoof_2021_00185.wav,REAL,ASVspoof_2021,SPK_ASV_065,en,BONAFIDE,HUMAN,Studio / Clean,pcm_16k,16000,4.04,test
data/real/asvspoof_2021_00186.wav,REAL,ASVspoof_2021,SPK_ASV_066,en,BONAFIDE,HUMAN,Studio / Clean,pcm_16k,16000,3.94,test
data/real/asvspoof_2021_00187.wav,REAL,ASVspoof_2021,SPK_ASV_067,en,BONAFIDE,HUMAN,Studio / Clean,pcm_16k,16000,4.78,validation
data/real/asvspoof_2021_00188.wav,REAL,ASVspoof_2021,SPK_ASV_068,en,BONAFIDE,HUMAN,Studio / Clean,pcm_16k,16000,3.8,train
data/real/asvspoof_2021_00189.wav,REAL,ASVspoof_2021,SPK_ASV_069,en,BONAFIDE,HUMAN,Studio / Clean,pcm_16k,16000,3.7,test
data/real/asvspoof_2021_00190.wav,REAL,ASVspoof_2021,SPK_ASV_070,en,BONAFIDE,HUMAN,Studio / Clean,pcm_16k,16000,4.12,train
data/real/asvspoof_2021_00191.wav,REAL,ASVspoof_2021,SPK_ASV_071,en,BONAFIDE,HUMAN,Studio / Clean,pcm_16k,16000,4.08,train
data/real/asvspoof_2021_00192.wav,REAL,ASVspoof_2021,SPK_ASV_072,en,BONAFIDE,HUMAN,Studio / Clean,pcm_16k,16000,3.85,test
data/real/asvspoof_2021_00193.wav,REAL,ASVspoof_2021,SPK_ASV_073,en,BONAFIDE,HUMAN,Studio / Clean,pcm_16k,16000,3.8,train
data/real/asvspoof_2021_00194.wav,REAL,ASVspoof_2021,SPK_ASV_074,en,BONAFIDE,HUMAN,Studio / Clean,pcm_16k,16000,4.88,train
data/real/asvspoof_2021_00195.wav,REAL,ASVspoof_2021,SPK_ASV_075,en,BONAFIDE,HUMAN,Studio / Clean,pcm_16k,16000,4.11,train
data/real/asvspoof_2021_00196.wav,REAL,ASVspoof_2021,SPK_ASV_076,en,BONAFIDE,HUMAN,Studio / Clean,pcm_16k,16000,4.78,validation
data/real/asvspoof_2021_00197.wav,REAL,ASVspoof_2021,SPK_ASV_077,en,BONAFIDE,HUMAN,Studio / Clean,pcm_16k,16000,4.28,test
data/real/asvspoof_2021_00198.wav,REAL,ASVspoof_2021,SPK_ASV_078,en,BONAFIDE,HUMAN,Studio / Clean,pcm_16k,16000,3.48,train
data/real/asvspoof_2021_00199.wav,REAL,ASVspoof_2021,SPK_ASV_079,en,BONAFIDE,HUMAN,Studio / Clean,pcm_16k,16000,5.0,train
data/real/asvspoof_2021_00200.wav,REAL,ASVspoof_2021,SPK_ASV_080,en,BONAFIDE,HUMAN,Studio / Clean,pcm_16k,16000,4.74,train
data/real/asvspoof_2021_00201.wav,REAL,ASVspoof_2021,SPK_ASV_081,en,BONAFIDE,HUMAN,Studio / Clean,pcm_16k,16000,4.95,train
data/real/asvspoof_2021_00202.wav,REAL,ASVspoof_2021,SPK_ASV_082,en,BONAFIDE,HUMAN,Studio / Clean,pcm_16k,16000,4.88,train
data/real/asvspoof_2021_00203.wav,REAL,ASVspoof_2021,SPK_ASV_083,en,BONAFIDE,HUMAN,Studio / Clean,pcm_16k,16000,4.76,train
data/real/asvspoof_2021_00204.wav,REAL,ASVspoof_2021,SPK_ASV_084,en,BONAFIDE,HUMAN,Studio / Clean,pcm_16k,16000,3.67,train
data/real/asvspoof_2021_00205.wav,REAL,ASVspoof_2021,SPK_ASV_085,en,BONAFIDE,HUMAN,Studio / Clean,pcm_16k,16000,4.18,test
data/real/asvspoof_2021_00206.wav,REAL,ASVspoof_2021,SPK_ASV_086,en,BONAFIDE,HUMAN,Studio / Clean,pcm_16k,16000,3.74,train
data/real/asvspoof_2021_00207.wav,REAL,ASVspoof_2021,SPK_ASV_087,en,BONAFIDE,HUMAN,Studio / Clean,pcm_16k,16000,4.04,test
data/real/asvspoof_2021_00208.wav,REAL,ASVspoof_2021,SPK_ASV_088,en,BONAFIDE,HUMAN,Studio / Clean,pcm_16k,16000,3.49,train
data/real/asvspoof_2021_00209.wav,REAL,ASVspoof_2021,SPK_ASV_089,en,BONAFIDE,HUMAN,Studio / Clean,pcm_16k,16000,4.01,train
data/real/asvspoof_2021_00210.wav,REAL,ASVspoof_2021,SPK_ASV_090,en,BONAFIDE,HUMAN,Studio / Clean,pcm_16k,16000,4.98,validation
data/real/asvspoof_2021_00211.wav,REAL,ASVspoof_2021,SPK_ASV_091,en,BONAFIDE,HUMAN,Studio / Clean,pcm_16k,16000,3.82,train
data/real/asvspoof_2021_00212.wav,REAL,ASVspoof_2021,SPK_ASV_092,en,BONAFIDE,HUMAN,Studio / Clean,pcm_16k,16000,4.65,train
data/real/asvspoof_2021_00213.wav,REAL,ASVspoof_2021,SPK_ASV_093,en,BONAFIDE,HUMAN,Studio / Clean,pcm_16k,16000,4.13,validation
data/real/asvspoof_2021_00214.wav,REAL,ASVspoof_2021,SPK_ASV_094,en,BONAFIDE,HUMAN,Studio / Clean,pcm_16k,16000,4.08,train
data/real/asvspoof_2021_00215.wav,REAL,ASVspoof_2021,SPK_ASV_095,en,BONAFIDE,HUMAN,Studio / Clean,pcm_16k,16000,4.93,train
data/real/asvspoof_2021_00216.wav,REAL,ASVspoof_2021,SPK_ASV_096,en,BONAFIDE,HUMAN,Studio / Clean,pcm_16k,16000,4.99,train
data/real/asvspoof_2021_00217.wav,REAL,ASVspoof_2021,SPK_ASV_097,en,BONAFIDE,HUMAN,Studio / Clean,pcm_16k,16000,4.29,train
data/real/asvspoof_2021_00218.wav,REAL,ASVspoof_2021,SPK_ASV_098,en,BONAFIDE,HUMAN,Studio / Clean,pcm_16k,16000,4.55,train
data/real/asvspoof_2021_00219.wav,REAL,ASVspoof_2021,SPK_ASV_099,en,BONAFIDE,HUMAN,Studio / Clean,pcm_16k,16000,3.65,test
data/real/asvspoof_2021_00220.wav,REAL,ASVspoof_2021,SPK_ASV_100,en,BONAFIDE,HUMAN,Studio / Clean,pcm_16k,16000,3.87,train
data/real/asvspoof_2021_00221.wav,REAL,ASVspoof_2021,SPK_ASV_101,en,BONAFIDE,HUMAN,Studio / Clean,pcm_16k,16000,4.95,train
data/real/asvspoof_2021_00222.wav,REAL,ASVspoof_2021,SPK_ASV_102,en,BONAFIDE,HUMAN,Studio / Clean,pcm_16k,16000,4.33,validation
data/real/asvspoof_2021_00223.wav,REAL,ASVspoof_2021,SPK_ASV_103,en,BONAFIDE,HUMAN,Studio / Clean,pcm_16k,16000,4.27,train
data/real/asvspoof_2021_00224.wav,REAL,ASVspoof_2021,SPK_ASV_104,en,BONAFIDE,HUMAN,Studio / Clean,pcm_16k,16000,4.6,train
data/real/asvspoof_2021_00225.wav,REAL,ASVspoof_2021,SPK_ASV_105,en,BONAFIDE,HUMAN,Studio / Clean,pcm_16k,16000,3.49,validation
data/real/asvspoof_2021_00226.wav,REAL,ASVspoof_2021,SPK_ASV_106,en,BONAFIDE,HUMAN,Studio / Clean,pcm_16k,16000,4.33,train
data/real/asvspoof_2021_00227.wav,REAL,ASVspoof_2021,SPK_ASV_107,en,BONAFIDE,HUMAN,Studio / Clean,pcm_16k,16000,4.2,train
data/real/asvspoof_2021_00228.wav,REAL,ASVspoof_2021,SPK_ASV_108,en,BONAFIDE,HUMAN,Studio / Clean,pcm_16k,16000,4.76,train
data/real/asvspoof_2021_00229.wav,REAL,ASVspoof_2021,SPK_ASV_109,en,BONAFIDE,HUMAN,Studio / Clean,pcm_16k,16000,3.65,train
data/real/asvspoof_2021_00230.wav,REAL,ASVspoof_2021,SPK_ASV_110,en,BONAFIDE,HUMAN,Studio / Clean,pcm_16k,16000,4.94,test
data/real/asvspoof_2021_00231.wav,REAL,ASVspoof_2021,SPK_ASV_111,en,BONAFIDE,HUMAN,Studio / Clean,pcm_16k,16000,3.53,validation
data/real/asvspoof_2021_00232.wav,REAL,ASVspoof_2021,SPK_ASV_112,en,BONAFIDE,HUMAN,Studio / Clean,pcm_16k,16000,3.7,train
data/real/asvspoof_2021_00233.wav,REAL,ASVspoof_2021,SPK_ASV_113,en,BONAFIDE,HUMAN,Studio / Clean,pcm_16k,16000,4.35,train
data/real/asvspoof_2021_00234.wav,REAL,ASVspoof_2021,SPK_ASV_114,en,BONAFIDE,HUMAN,Studio / Clean,pcm_16k,16000,4.48,train
data/real/asvspoof_2021_00235.wav,REAL,ASVspoof_2021,SPK_ASV_115,en,BONAFIDE,HUMAN,Studio / Clean,pcm_16k,16000,3.78,train
data/real/asvspoof_2021_00236.wav,REAL,ASVspoof_2021,SPK_ASV_116,en,BONAFIDE,HUMAN,Studio / Clean,pcm_16k,16000,3.59,train
data/real/asvspoof_2021_00237.wav,REAL,ASVspoof_2021,SPK_ASV_117,en,BONAFIDE,HUMAN,Studio / Clean,pcm_16k,16000,4.82,validation
data/real/asvspoof_2021_00238.wav,REAL,ASVspoof_2021,SPK_ASV_118,en,BONAFIDE,HUMAN,Studio / Clean,pcm_16k,16000,3.79,train
data/real/asvspoof_2021_00239.wav,REAL,ASVspoof_2021,SPK_ASV_119,en,BONAFIDE,HUMAN,Studio / Clean,pcm_16k,16000,4.35,train
data/real/asvspoof_2021_00240.wav,REAL,ASVspoof_2021,SPK_ASV_000,en,BONAFIDE,HUMAN,Studio / Clean,pcm_16k,16000,4.39,train
data/real/asvspoof_2021_00241.wav,REAL,ASVspoof_2021,SPK_ASV_001,en,BONAFIDE,HUMAN,Studio / Clean,pcm_16k,16000,4.07,train
data/real/asvspoof_2021_00242.wav,REAL,ASVspoof_2021,SPK_ASV_002,en,BONAFIDE,HUMAN,Studio / Clean,pcm_16k,16000,4.33,validation
data/real/asvspoof_2021_00243.wav,REAL,ASVspoof_2021,SPK_ASV_003,en,BONAFIDE,HUMAN,Studio / Clean,pcm_16k,16000,4.24,train
data/real/asvspoof_2021_00244.wav,REAL,ASVspoof_2021,SPK_ASV_004,en,BONAFIDE,HUMAN,Studio / Clean,pcm_16k,16000,4.9,train
data/real/asvspoof_2021_00245.wav,REAL,ASVspoof_2021,SPK_ASV_005,en,BONAFIDE,HUMAN,Studio / Clean,pcm_16k,16000,3.73,train
data/real/asvspoof_2021_00246.wav,REAL,ASVspoof_2021,SPK_ASV_006,en,BONAFIDE,HUMAN,Studio / Clean,pcm_16k,16000,4.55,train
data/real/asvspoof_2021_00247.wav,REAL,ASVspoof_2021,SPK_ASV_007,en,BONAFIDE,HUMAN,Studio / Clean,pcm_16k,16000,3.78,train
data/real/asvspoof_2021_00248.wav,REAL,ASVspoof_2021,SPK_ASV_008,en,BONAFIDE,HUMAN,Studio / Clean,pcm_16k,16000,4.03,train
data/real/asvspoof_2021_00249.wav,REAL,ASVspoof_2021,SPK_ASV_009,en,BONAFIDE,HUMAN,Studio / Clean,pcm_16k,16000,4.47,train
data/real/asvspoof_2021_00250.wav,REAL,ASVspoof_2021,SPK_ASV_010,en,BONAFIDE,HUMAN,Studio / Clean,pcm_16k,16000,3.88,validation
data/real/asvspoof_2021_00251.wav,REAL,ASVspoof_2021,SPK_ASV_011,en,BONAFIDE,HUMAN,Studio / Clean,pcm_16k,16000,3.91,train
data/real/asvspoof_2021_00252.wav,REAL,ASVspoof_2021,SPK_ASV_012,en,BONAFIDE,HUMAN,Studio / Clean,pcm_16k,16000,4.6,train
data/real/asvspoof_2021_00253.wav,REAL,ASVspoof_2021,SPK_ASV_013,en,BONAFIDE,HUMAN,Studio / Clean,pcm_16k,16000,3.52,validation
data/real/asvspoof_2021_00254.wav,REAL,ASVspoof_2021,SPK_ASV_014,en,BONAFIDE,HUMAN,Studio / Clean,pcm_16k,16000,4.13,train
data/real/asvspoof_2021_00255.wav,REAL,ASVspoof_2021,SPK_ASV_015,en,BONAFIDE,HUMAN,Studio / Clean,pcm_16k,16000,5.0,train
data/real/asvspoof_2021_00256.wav,REAL,ASVspoof_2021,SPK_ASV_016,en,BONAFIDE,HUMAN,Studio / Clean,pcm_16k,16000,4.99,train
data/real/asvspoof_2021_00257.wav,REAL,ASVspoof_2021,SPK_ASV_017,en,BONAFIDE,HUMAN,Studio / Clean,pcm_16k,16000,3.52,train
data/real/asvspoof_2021_00258.wav,REAL,ASVspoof_2021,SPK_ASV_018,en,BONAFIDE,HUMAN,Studio / Clean,pcm_16k,16000,3.74,train
data/real/asvspoof_2021_00259.wav,REAL,ASVspoof_2021,SPK_ASV_019,en,BONAFIDE,HUMAN,Studio / Clean,pcm_16k,16000,3.82,train
data/real/asvspoof_2021_00260.wav,REAL,ASVspoof_2021,SPK_ASV_020,en,BONAFIDE,HUMAN,Studio / Clean,pcm_16k,16000,4.89,train
data/real/asvspoof_2021_00261.wav,REAL,ASVspoof_2021,SPK_ASV_021,en,BONAFIDE,HUMAN,Studio / Clean,pcm_16k,16000,4.81,train
data/real/asvspoof_2021_00262.wav,REAL,ASVspoof_2021,SPK_ASV_022,en,BONAFIDE,HUMAN,Studio / Clean,pcm_16k,16000,4.81,train
data/real/asvspoof_2021_00263.wav,REAL,ASVspoof_2021,SPK_ASV_023,en,BONAFIDE,HUMAN,Studio / Clean,pcm_16k,16000,3.99,train
data/real/asvspoof_2021_00264.wav,REAL,ASVspoof_2021,SPK_ASV_024,en,BONAFIDE,HUMAN,Studio / Clean,pcm_16k,16000,3.65,test
data/real/asvspoof_2021_00265.wav,REAL,ASVspoof_2021,SPK_ASV_025,en,BONAFIDE,HUMAN,Studio / Clean,pcm_16k,16000,4.73,train
data/real/asvspoof_2021_00266.wav,REAL,ASVspoof_2021,SPK_ASV_026,en,BONAFIDE,HUMAN,Studio / Clean,pcm_16k,16000,4.53,train
data/real/asvspoof_2021_00267.wav,REAL,ASVspoof_2021,SPK_ASV_027,en,BONAFIDE,HUMAN,Studio / Clean,pcm_16k,16000,4.38,train
data/real/asvspoof_2021_00268.wav,REAL,ASVspoof_2021,SPK_ASV_028,en,BONAFIDE,HUMAN,Studio / Clean,pcm_16k,16000,4.98,train
data/real/asvspoof_2021_00269.wav,REAL,ASVspoof_2021,SPK_ASV_029,en,BONAFIDE,HUMAN,Studio / Clean,pcm_16k,16000,4.45,train
data/real/asvspoof_2021_00270.wav,REAL,ASVspoof_2021,SPK_ASV_030,en,BONAFIDE,HUMAN,Studio / Clean,pcm_16k,16000,3.41,train
data/real/asvspoof_2021_00271.wav,REAL,ASVspoof_2021,SPK_ASV_031,en,BONAFIDE,HUMAN,Studio / Clean,pcm_16k,16000,4.71,train
data/real/asvspoof_2021_00272.wav,REAL,ASVspoof_2021,SPK_ASV_032,en,BONAFIDE,HUMAN,Studio / Clean,pcm_16k,16000,3.88,test
data/real/asvspoof_2021_00273.wav,REAL,ASVspoof_2021,SPK_ASV_033,en,BONAFIDE,HUMAN,Studio / Clean,pcm_16k,16000,4.46,train
data/real/asvspoof_2021_00274.wav,REAL,ASVspoof_2021,SPK_ASV_034,en,BONAFIDE,HUMAN,Studio / Clean,pcm_16k,16000,4.9,validation
data/real/asvspoof_2021_00275.wav,REAL,ASVspoof_2021,SPK_ASV_035,en,BONAFIDE,HUMAN,Studio / Clean,pcm_16k,16000,3.61,train
data/real/asvspoof_2021_00276.wav,REAL,ASVspoof_2021,SPK_ASV_036,en,BONAFIDE,HUMAN,Studio / Clean,pcm_16k,16000,3.58,train
data/real/asvspoof_2021_00277.wav,REAL,ASVspoof_2021,SPK_ASV_037,en,BONAFIDE,HUMAN,Studio / Clean,pcm_16k,16000,3.57,train
data/real/asvspoof_2021_00278.wav,REAL,ASVspoof_2021,SPK_ASV_038,en,BONAFIDE,HUMAN,Studio / Clean,pcm_16k,16000,4.29,train
data/real/asvspoof_2021_00279.wav,REAL,ASVspoof_2021,SPK_ASV_039,en,BONAFIDE,HUMAN,Studio / Clean,pcm_16k,16000,3.84,train
data/real/asvspoof_2021_00280.wav,REAL,ASVspoof_2021,SPK_ASV_040,en,BONAFIDE,HUMAN,Studio / Clean,pcm_16k,16000,4.37,train
data/real/asvspoof_2021_00281.wav,REAL,ASVspoof_2021,SPK_ASV_041,en,BONAFIDE,HUMAN,Studio / Clean,pcm_16k,16000,4.55,train
data/real/asvspoof_2021_00282.wav,REAL,ASVspoof_2021,SPK_ASV_042,en,BONAFIDE,HUMAN,Studio / Clean,pcm_16k,16000,3.73,train
data/real/asvspoof_2021_00283.wav,REAL,ASVspoof_2021,SPK_ASV_043,en,BONAFIDE,HUMAN,Studio / Clean,pcm_16k,16000,4.41,validation
data/real/asvspoof_2021_00284.wav,REAL,ASVspoof_2021,SPK_ASV_044,en,BONAFIDE,HUMAN,Studio / Clean,pcm_16k,16000,3.82,test
data/real/asvspoof_2021_00285.wav,REAL,ASVspoof_2021,SPK_ASV_045,en,BONAFIDE,HUMAN,Studio / Clean,pcm_16k,16000,4.18,train
data/real/asvspoof_2021_00286.wav,REAL,ASVspoof_2021,SPK_ASV_046,en,BONAFIDE,HUMAN,Studio / Clean,pcm_16k,16000,4.85,train
data/real/asvspoof_2021_00287.wav,REAL,ASVspoof_2021,SPK_ASV_047,en,BONAFIDE,HUMAN,Studio / Clean,pcm_16k,16000,4.75,test
data/real/asvspoof_2021_00288.wav,REAL,ASVspoof_2021,SPK_ASV_048,en,BONAFIDE,HUMAN,Studio / Clean,pcm_16k,16000,3.55,validation
data/real/asvspoof_2021_00289.wav,REAL,ASVspoof_2021,SPK_ASV_049,en,BONAFIDE,HUMAN,Studio / Clean,pcm_16k,16000,4.08,test
data/real/asvspoof_2021_00290.wav,REAL,ASVspoof_2021,SPK_ASV_050,en,BONAFIDE,HUMAN,Studio / Clean,pcm_16k,16000,3.84,test
data/real/asvspoof_2021_00291.wav,REAL,ASVspoof_2021,SPK_ASV_051,en,BONAFIDE,HUMAN,Studio / Clean,pcm_16k,16000,3.41,test
data/real/asvspoof_2021_00292.wav,REAL,ASVspoof_2021,SPK_ASV_052,en,BONAFIDE,HUMAN,Studio / Clean,pcm_16k,16000,4.63,test
data/real/asvspoof_2021_00293.wav,REAL,ASVspoof_2021,SPK_ASV_053,en,BONAFIDE,HUMAN,Studio / Clean,pcm_16k,16000,4.42,test
data/real/asvspoof_2021_00294.wav,REAL,ASVspoof_2021,SPK_ASV_054,en,BONAFIDE,HUMAN,Studio / Clean,pcm_16k,16000,3.82,train
data/real/asvspoof_2021_00295.wav,REAL,ASVspoof_2021,SPK_ASV_055,en,BONAFIDE,HUMAN,Studio / Clean,pcm_16k,16000,4.59,train
data/real/asvspoof_2021_00296.wav,REAL,ASVspoof_2021,SPK_ASV_056,en,BONAFIDE,HUMAN,Studio / Clean,pcm_16k,16000,4.28,train
data/real/asvspoof_2021_00297.wav,REAL,ASVspoof_2021,SPK_ASV_057,en,BONAFIDE,HUMAN,Studio / Clean,pcm_16k,16000,4.08,test
data/real/asvspoof_2021_00298.wav,REAL,ASVspoof_2021,SPK_ASV_058,en,BONAFIDE,HUMAN,Studio / Clean,pcm_16k,16000,3.42,test
data/real/asvspoof_2021_00299.wav,REAL,ASVspoof_2021,SPK_ASV_059,en,BONAFIDE,HUMAN,Studio / Clean,pcm_16k,16000,3.52,train
data/real/asvspoof_2021_00300.wav,REAL,ASVspoof_2021,SPK_ASV_060,en,BONAFIDE,HUMAN,Studio / Clean,pcm_16k,16000,4.81,test
data/real/asvspoof_2021_00301.wav,REAL,ASVspoof_2021,SPK_ASV_061,en,BONAFIDE,HUMAN,Studio / Clean,pcm_16k,16000,4.85,train
data/real/asvspoof_2021_00302.wav,REAL,ASVspoof_2021,SPK_ASV_062,en,BONAFIDE,HUMAN,Studio / Clean,pcm_16k,16000,4.27,validation
data/real/asvspoof_2021_00303.wav,REAL,ASVspoof_2021,SPK_ASV_063,en,BONAFIDE,HUMAN,Studio / Clean,pcm_16k,16000,4.74,train
data/real/asvspoof_2021_00304.wav,REAL,ASVspoof_2021,SPK_ASV_064,en,BONAFIDE,HUMAN,Studio / Clean,pcm_16k,16000,4.33,train
data/real/asvspoof_2021_00305.wav,REAL,ASVspoof_2021,SPK_ASV_065,en,BONAFIDE,HUMAN,Studio / Clean,pcm_16k,16000,3.64,test
data/real/asvspoof_2021_00306.wav,REAL,ASVspoof_2021,SPK_ASV_066,en,BONAFIDE,HUMAN,Studio / Clean,pcm_16k,16000,3.6,test
data/real/asvspoof_2021_00307.wav,REAL,ASVspoof_2021,SPK_ASV_067,en,BONAFIDE,HUMAN,Studio / Clean,pcm_16k,16000,3.89,validation
data/real/asvspoof_2021_00308.wav,REAL,ASVspoof_2021,SPK_ASV_068,en,BONAFIDE,HUMAN,Studio / Clean,pcm_16k,16000,4.84,train
data/real/asvspoof_2021_00309.wav,REAL,ASVspoof_2021,SPK_ASV_069,en,BONAFIDE,HUMAN,Studio / Clean,pcm_16k,16000,4.67,test
data/real/asvspoof_2021_00310.wav,REAL,ASVspoof_2021,SPK_ASV_070,en,BONAFIDE,HUMAN,Studio / Clean,pcm_16k,16000,4.78,train
data/real/asvspoof_2021_00311.wav,REAL,ASVspoof_2021,SPK_ASV_071,en,BONAFIDE,HUMAN,Studio / Clean,pcm_16k,16000,4.84,train
data/real/asvspoof_2021_00312.wav,REAL,ASVspoof_2021,SPK_ASV_072,en,BONAFIDE,HUMAN,Studio / Clean,pcm_16k,16000,3.74,test
data/real/asvspoof_2021_00313.wav,REAL,ASVspoof_2021,SPK_ASV_073,en,BONAFIDE,HUMAN,Studio / Clean,pcm_16k,16000,3.8,train
data/real/asvspoof_2021_00314.wav,REAL,ASVspoof_2021,SPK_ASV_074,en,BONAFIDE,HUMAN,Studio / Clean,pcm_16k,16000,3.56,train
data/real/asvspoof_2021_00315.wav,REAL,ASVspoof_2021,SPK_ASV_075,en,BONAFIDE,HUMAN,Studio / Clean,pcm_16k,16000,4.65,train
data/real/asvspoof_2021_00316.wav,REAL,ASVspoof_2021,SPK_ASV_076,en,BONAFIDE,HUMAN,Studio / Clean,pcm_16k,16000,4.81,validation
data/real/asvspoof_2021_00317.wav,REAL,ASVspoof_2021,SPK_ASV_077,en,BONAFIDE,HUMAN,Studio / Clean,pcm_16k,16000,4.05,test
data/real/asvspoof_2021_00318.wav,REAL,ASVspoof_2021,SPK_ASV_078,en,BONAFIDE,HUMAN,Studio / Clean,pcm_16k,16000,4.39,train
data/real/asvspoof_2021_00319.wav,REAL,ASVspoof_2021,SPK_ASV_079,en,BONAFIDE,HUMAN,Studio / Clean,pcm_16k,16000,3.65,train
data/real/asvspoof_2021_00320.wav,REAL,ASVspoof_2021,SPK_ASV_080,en,BONAFIDE,HUMAN,Studio / Clean,pcm_16k,16000,4.89,train
data/real/asvspoof_2021_00321.wav,REAL,ASVspoof_2021,SPK_ASV_081,en,BONAFIDE,HUMAN,Studio / Clean,pcm_16k,16000,4.78,train
data/real/asvspoof_2021_00322.wav,REAL,ASVspoof_2021,SPK_ASV_082,en,BONAFIDE,HUMAN,Studio / Clean,pcm_16k,16000,4.96,train
data/real/asvspoof_2021_00323.wav,REAL,ASVspoof_2021,SPK_ASV_083,en,BONAFIDE,HUMAN,Studio / Clean,pcm_16k,16000,4.7,train
data/real/asvspoof_2021_00324.wav,REAL,ASVspoof_2021,SPK_ASV_084,en,BONAFIDE,HUMAN,Studio / Clean,pcm_16k,16000,4.81,train
data/real/asvspoof_2021_00325.wav,REAL,ASVspoof_2021,SPK_ASV_085,en,BONAFIDE,HUMAN,Studio / Clean,pcm_16k,16000,3.44,test
data/real/asvspoof_2021_00326.wav,REAL,ASVspoof_2021,SPK_ASV_086,en,BONAFIDE,HUMAN,Studio / Clean,pcm_16k,16000,4.58,train
data/real/asvspoof_2021_00327.wav,REAL,ASVspoof_2021,SPK_ASV_087,en,BONAFIDE,HUMAN,Studio / Clean,pcm_16k,16000,3.93,test
data/real/asvspoof_2021_00328.wav,REAL,ASVspoof_2021,SPK_ASV_088,en,BONAFIDE,HUMAN,Studio / Clean,pcm_16k,16000,4.89,train
data/real/asvspoof_2021_00329.wav,REAL,ASVspoof_2021,SPK_ASV_089,en,BONAFIDE,HUMAN,Studio / Clean,pcm_16k,16000,4.68,train
data/real/asvspoof_2021_00330.wav,REAL,ASVspoof_2021,SPK_ASV_090,en,BONAFIDE,HUMAN,Studio / Clean,pcm_16k,16000,4.78,validation
data/real/asvspoof_2021_00331.wav,REAL,ASVspoof_2021,SPK_ASV_091,en,BONAFIDE,HUMAN,Studio / Clean,pcm_16k,16000,4.7,train
data/real/asvspoof_2021_00332.wav,REAL,ASVspoof_2021,SPK_ASV_092,en,BONAFIDE,HUMAN,Studio / Clean,pcm_16k,16000,3.83,train
data/real/asvspoof_2021_00333.wav,REAL,ASVspoof_2021,SPK_ASV_093,en,BONAFIDE,HUMAN,Studio / Clean,pcm_16k,16000,4.66,validation
data/real/asvspoof_2021_00334.wav,REAL,ASVspoof_2021,SPK_ASV_094,en,BONAFIDE,HUMAN,Studio / Clean,pcm_16k,16000,3.57,train
data/real/asvspoof_2021_00335.wav,REAL,ASVspoof_2021,SPK_ASV_095,en,BONAFIDE,HUMAN,Studio / Clean,pcm_16k,16000,4.8,train
data/real/asvspoof_2021_00336.wav,REAL,ASVspoof_2021,SPK_ASV_096,en,BONAFIDE,HUMAN,Studio / Clean,pcm_16k,16000,4.77,train
data/real/asvspoof_2021_00337.wav,REAL,ASVspoof_2021,SPK_ASV_097,en,BONAFIDE,HUMAN,Studio / Clean,pcm_16k,16000,3.76,train
data/real/asvspoof_2021_00338.wav,REAL,ASVspoof_2021,SPK_ASV_098,en,BONAFIDE,HUMAN,Studio / Clean,pcm_16k,16000,4.71,train
data/real/asvspoof_2021_00339.wav,REAL,ASVspoof_2021,SPK_ASV_099,en,BONAFIDE,HUMAN,Studio / Clean,pcm_16k,16000,4.14,test
data/real/asvspoof_2021_00340.wav,REAL,ASVspoof_2021,SPK_ASV_100,en,BONAFIDE,HUMAN,Studio / Clean,pcm_16k,16000,3.89,train
data/real/asvspoof_2021_00341.wav,REAL,ASVspoof_2021,SPK_ASV_101,en,BONAFIDE,HUMAN,Studio / Clean,pcm_16k,16000,4.67,train
data/real/asvspoof_2021_00342.wav,REAL,ASVspoof_2021,SPK_ASV_102,en,BONAFIDE,HUMAN,Studio / Clean,pcm_16k,16000,3.76,validation
data/real/asvspoof_2021_00343.wav,REAL,ASVspoof_2021,SPK_ASV_103,en,BONAFIDE,HUMAN,Studio / Clean,pcm_16k,16000,3.44,train
data/real/asvspoof_2021_00344.wav,REAL,ASVspoof_2021,SPK_ASV_104,en,BONAFIDE,HUMAN,Studio / Clean,pcm_16k,16000,3.71,train
data/real/asvspoof_2021_00345.wav,REAL,ASVspoof_2021,SPK_ASV_105,en,BONAFIDE,HUMAN,Studio / Clean,pcm_16k,16000,3.93,validation
data/real/asvspoof_2021_00346.wav,REAL,ASVspoof_2021,SPK_ASV_106,en,BONAFIDE,HUMAN,Studio / Clean,pcm_16k,16000,4.78,train
data/real/asvspoof_2021_00347.wav,REAL,ASVspoof_2021,SPK_ASV_107,en,BONAFIDE,HUMAN,Studio / Clean,pcm_16k,16000,4.95,train
data/real/asvspoof_2021_00348.wav,REAL,ASVspoof_2021,SPK_ASV_108,en,BONAFIDE,HUMAN,Studio / Clean,pcm_16k,16000,3.85,train
data/real/asvspoof_2021_00349.wav,REAL,ASVspoof_2021,SPK_ASV_109,en,BONAFIDE,HUMAN,Studio / Clean,pcm_16k,16000,4.43,train
data/real/asvspoof_2021_00350.wav,REAL,ASVspoof_2021,SPK_ASV_110,en,BONAFIDE,HUMAN,Studio / Clean,pcm_16k,16000,4.04,test
data/real/asvspoof_2021_00351.wav,REAL,ASVspoof_2021,SPK_ASV_111,en,BONAFIDE,HUMAN,Studio / Clean,pcm_16k,16000,4.97,validation
data/real/asvspoof_2021_00352.wav,REAL,ASVspoof_2021,SPK_ASV_112,en,BONAFIDE,HUMAN,Studio / Clean,pcm_16k,16000,4.26,train
data/real/asvspoof_2021_00353.wav,REAL,ASVspoof_2021,SPK_ASV_113,en,BONAFIDE,HUMAN,Studio / Clean,pcm_16k,16000,4.9,train
data/real/asvspoof_2021_00354.wav,REAL,ASVspoof_2021,SPK_ASV_114,en,BONAFIDE,HUMAN,Studio / Clean,pcm_16k,16000,3.58,train
data/real/asvspoof_2021_00355.wav,REAL,ASVspoof_2021,SPK_ASV_115,en,BONAFIDE,HUMAN,Studio / Clean,pcm_16k,16000,4.95,train
data/real/asvspoof_2021_00356.wav,REAL,ASVspoof_2021,SPK_ASV_116,en,BONAFIDE,HUMAN,Studio / Clean,pcm_16k,16000,3.69,train
data/real/asvspoof_2021_00357.wav,REAL,ASVspoof_2021,SPK_ASV_117,en,BONAFIDE,HUMAN,Studio / Clean,pcm_16k,16000,4.94,validation
data/real/asvspoof_2021_00358.wav,REAL,ASVspoof_2021,SPK_ASV_118,en,BONAFIDE,HUMAN,Studio / Clean,pcm_16k,16000,3.82,train
data/real/asvspoof_2021_00359.wav,REAL,ASVspoof_2021,SPK_ASV_119,en,BONAFIDE,HUMAN,Studio / Clean,pcm_16k,16000,3.57,train
data/real/asvspoof_2021_00360.wav,REAL,ASVspoof_2021,SPK_ASV_000,en,BONAFIDE,HUMAN,Studio / Clean,pcm_16k,16000,4.1,train
data/real/asvspoof_2021_00361.wav,REAL,ASVspoof_2021,SPK_ASV_001,en,BONAFIDE,HUMAN,Studio / Clean,pcm_16k,16000,4.57,train
data/real/asvspoof_2021_00362.wav,REAL,ASVspoof_2021,SPK_ASV_002,en,BONAFIDE,HUMAN,Studio / Clean,pcm_16k,16000,3.9,validation
data/real/asvspoof_2021_00363.wav,REAL,ASVspoof_2021,SPK_ASV_003,en,BONAFIDE,HUMAN,Studio / Clean,pcm_16k,16000,4.37,train
data/real/asvspoof_2021_00364.wav,REAL,ASVspoof_2021,SPK_ASV_004,en,BONAFIDE,HUMAN,Studio / Clean,pcm_16k,16000,4.22,train
data/real/asvspoof_2021_00365.wav,REAL,ASVspoof_2021,SPK_ASV_005,en,BONAFIDE,HUMAN,Studio / Clean,pcm_16k,16000,4.02,train
data/real/asvspoof_2021_00366.wav,REAL,ASVspoof_2021,SPK_ASV_006,en,BONAFIDE,HUMAN,Studio / Clean,pcm_16k,16000,4.32,train
data/real/asvspoof_2021_00367.wav,REAL,ASVspoof_2021,SPK_ASV_007,en,BONAFIDE,HUMAN,Studio / Clean,pcm_16k,16000,3.81,train
data/real/asvspoof_2021_00368.wav,REAL,ASVspoof_2021,SPK_ASV_008,en,BONAFIDE,HUMAN,Studio / Clean,pcm_16k,16000,4.53,train
data/real/asvspoof_2021_00369.wav,REAL,ASVspoof_2021,SPK_ASV_009,en,BONAFIDE,HUMAN,Studio / Clean,pcm_16k,16000,3.4,train
data/real/asvspoof_2021_00370.wav,REAL,ASVspoof_2021,SPK_ASV_010,en,BONAFIDE,HUMAN,Studio / Clean,pcm_16k,16000,4.88,validation
data/real/asvspoof_2021_00371.wav,REAL,ASVspoof_2021,SPK_ASV_011,en,BONAFIDE,HUMAN,Studio / Clean,pcm_16k,16000,4.26,train
data/real/asvspoof_2021_00372.wav,REAL,ASVspoof_2021,SPK_ASV_012,en,BONAFIDE,HUMAN,Studio / Clean,pcm_16k,16000,4.55,train
data/real/asvspoof_2021_00373.wav,REAL,ASVspoof_2021,SPK_ASV_013,en,BONAFIDE,HUMAN,Studio / Clean,pcm_16k,16000,4.59,validation
data/real/asvspoof_2021_00374.wav,REAL,ASVspoof_2021,SPK_ASV_014,en,BONAFIDE,HUMAN,Studio / Clean,pcm_16k,16000,4.47,train
data/real/asvspoof_2021_00375.wav,REAL,ASVspoof_2021,SPK_ASV_015,en,BONAFIDE,HUMAN,Studio / Clean,pcm_16k,16000,3.98,train
data/real/asvspoof_2021_00376.wav,REAL,ASVspoof_2021,SPK_ASV_016,en,BONAFIDE,HUMAN,Studio / Clean,pcm_16k,16000,3.51,train
data/real/asvspoof_2021_00377.wav,REAL,ASVspoof_2021,SPK_ASV_017,en,BONAFIDE,HUMAN,Studio / Clean,pcm_16k,16000,4.46,train
data/real/asvspoof_2021_00378.wav,REAL,ASVspoof_2021,SPK_ASV_018,en,BONAFIDE,HUMAN,Studio / Clean,pcm_16k,16000,3.93,train
data/real/asvspoof_2021_00379.wav,REAL,ASVspoof_2021,SPK_ASV_019,en,BONAFIDE,HUMAN,Studio / Clean,pcm_16k,16000,3.9,train
data/real/asvspoof_2021_00380.wav,REAL,ASVspoof_2021,SPK_ASV_020,en,BONAFIDE,HUMAN,Studio / Clean,pcm_16k,16000,4.76,train
data/real/asvspoof_2021_00381.wav,REAL,ASVspoof_2021,SPK_ASV_021,en,BONAFIDE,HUMAN,Studio / Clean,pcm_16k,16000,4.55,train
data/real/asvspoof_2021_00382.wav,REAL,ASVspoof_2021,SPK_ASV_022,en,BONAFIDE,HUMAN,Studio / Clean,pcm_16k,16000,3.88,train
data/real/asvspoof_2021_00383.wav,REAL,ASVspoof_2021,SPK_ASV_023,en,BONAFIDE,HUMAN,Studio / Clean,pcm_16k,16000,3.89,train
data/real/asvspoof_2021_00384.wav,REAL,ASVspoof_2021,SPK_ASV_024,en,BONAFIDE,HUMAN,Studio / Clean,pcm_16k,16000,4.05,test
data/real/asvspoof_2021_00385.wav,REAL,ASVspoof_2021,SPK_ASV_025,en,BONAFIDE,HUMAN,Studio / Clean,pcm_16k,16000,4.04,train
data/real/asvspoof_2021_00386.wav,REAL,ASVspoof_2021,SPK_ASV_026,en,BONAFIDE,HUMAN,Studio / Clean,pcm_16k,16000,3.87,train
data/real/asvspoof_2021_00387.wav,REAL,ASVspoof_2021,SPK_ASV_027,en,BONAFIDE,HUMAN,Studio / Clean,pcm_16k,16000,3.6,train
data/real/asvspoof_2021_00388.wav,REAL,ASVspoof_2021,SPK_ASV_028,en,BONAFIDE,HUMAN,Studio / Clean,pcm_16k,16000,4.07,train
data/real/asvspoof_2021_00389.wav,REAL,ASVspoof_2021,SPK_ASV_029,en,BONAFIDE,HUMAN,Studio / Clean,pcm_16k,16000,4.9,train
data/real/asvspoof_2021_00390.wav,REAL,ASVspoof_2021,SPK_ASV_030,en,BONAFIDE,HUMAN,Studio / Clean,pcm_16k,16000,4.48,train
data/real/asvspoof_2021_00391.wav,REAL,ASVspoof_2021,SPK_ASV_031,en,BONAFIDE,HUMAN,Studio / Clean,pcm_16k,16000,4.84,train
data/real/asvspoof_2021_00392.wav,REAL,ASVspoof_2021,SPK_ASV_032,en,BONAFIDE,HUMAN,Studio / Clean,pcm_16k,16000,4.38,test
data/real/asvspoof_2021_00393.wav,REAL,ASVspoof_2021,SPK_ASV_033,en,BONAFIDE,HUMAN,Studio / Clean,pcm_16k,16000,3.88,train
data/real/asvspoof_2021_00394.wav,REAL,ASVspoof_2021,SPK_ASV_034,en,BONAFIDE,HUMAN,Studio / Clean,pcm_16k,16000,4.28,validation
data/real/asvspoof_2021_00395.wav,REAL,ASVspoof_2021,SPK_ASV_035,en,BONAFIDE,HUMAN,Studio / Clean,pcm_16k,16000,3.4,train
data/real/asvspoof_2021_00396.wav,REAL,ASVspoof_2021,SPK_ASV_036,en,BONAFIDE,HUMAN,Studio / Clean,pcm_16k,16000,3.86,train
data/real/asvspoof_2021_00397.wav,REAL,ASVspoof_2021,SPK_ASV_037,en,BONAFIDE,HUMAN,Studio / Clean,pcm_16k,16000,4.09,train
data/real/asvspoof_2021_00398.wav,REAL,ASVspoof_2021,SPK_ASV_038,en,BONAFIDE,HUMAN,Studio / Clean,pcm_16k,16000,4.33,train
data/real/asvspoof_2021_00399.wav,REAL,ASVspoof_2021,SPK_ASV_039,en,BONAFIDE,HUMAN,Studio / Clean,pcm_16k,16000,4.45,train
data/real/asvspoof_2021_00400.wav,REAL,ASVspoof_2021,SPK_ASV_040,en,BONAFIDE,HUMAN,Studio / Clean,pcm_16k,16000,4.14,train
data/real/asvspoof_2021_00401.wav,REAL,ASVspoof_2021,SPK_ASV_041,en,BONAFIDE,HUMAN,Studio / Clean,pcm_16k,16000,4.11,train
data/real/asvspoof_2021_00402.wav,REAL,ASVspoof_2021,SPK_ASV_042,en,BONAFIDE,HUMAN,Studio / Clean,pcm_16k,16000,3.74,train
data/real/asvspoof_2021_00403.wav,REAL,ASVspoof_2021,SPK_ASV_043,en,BONAFIDE,HUMAN,Studio / Clean,pcm_16k,16000,4.16,validation
data/real/asvspoof_2021_00404.wav,REAL,ASVspoof_2021,SPK_ASV_044,en,BONAFIDE,HUMAN,Studio / Clean,pcm_16k,16000,4.84,test
data/real/asvspoof_2021_00405.wav,REAL,ASVspoof_2021,SPK_ASV_045,en,BONAFIDE,HUMAN,Studio / Clean,pcm_16k,16000,4.67,train
data/real/asvspoof_2021_00406.wav,REAL,ASVspoof_2021,SPK_ASV_046,en,BONAFIDE,HUMAN,Studio / Clean,pcm_16k,16000,3.67,train
data/real/asvspoof_2021_00407.wav,REAL,ASVspoof_2021,SPK_ASV_047,en,BONAFIDE,HUMAN,Studio / Clean,pcm_16k,16000,3.54,test
data/real/asvspoof_2021_00408.wav,REAL,ASVspoof_2021,SPK_ASV_048,en,BONAFIDE,HUMAN,Studio / Clean,pcm_16k,16000,4.22,validation
data/real/asvspoof_2021_00409.wav,REAL,ASVspoof_2021,SPK_ASV_049,en,BONAFIDE,HUMAN,Studio / Clean,pcm_16k,16000,4.41,test
data/real/asvspoof_2021_00410.wav,REAL,ASVspoof_2021,SPK_ASV_050,en,BONAFIDE,HUMAN,Studio / Clean,pcm_16k,16000,3.94,test
data/real/asvspoof_2021_00411.wav,REAL,ASVspoof_2021,SPK_ASV_051,en,BONAFIDE,HUMAN,Studio / Clean,pcm_16k,16000,4.71,test
data/real/asvspoof_2021_00412.wav,REAL,ASVspoof_2021,SPK_ASV_052,en,BONAFIDE,HUMAN,Studio / Clean,pcm_16k,16000,4.6,test
data/real/asvspoof_2021_00413.wav,REAL,ASVspoof_2021,SPK_ASV_053,en,BONAFIDE,HUMAN,Studio / Clean,pcm_16k,16000,4.48,test
data/real/asvspoof_2021_00414.wav,REAL,ASVspoof_2021,SPK_ASV_054,en,BONAFIDE,HUMAN,Studio / Clean,pcm_16k,16000,3.76,train
data/real/asvspoof_2021_00415.wav,REAL,ASVspoof_2021,SPK_ASV_055,en,BONAFIDE,HUMAN,Studio / Clean,pcm_16k,16000,3.72,train
data/real/asvspoof_2021_00416.wav,REAL,ASVspoof_2021,SPK_ASV_056,en,BONAFIDE,HUMAN,Studio / Clean,pcm_16k,16000,3.44,train
data/real/asvspoof_2021_00417.wav,REAL,ASVspoof_2021,SPK_ASV_057,en,BONAFIDE,HUMAN,Studio / Clean,pcm_16k,16000,3.79,test
data/real/asvspoof_2021_00418.wav,REAL,ASVspoof_2021,SPK_ASV_058,en,BONAFIDE,HUMAN,Studio / Clean,pcm_16k,16000,4.16,test
data/real/asvspoof_2021_00419.wav,REAL,ASVspoof_2021,SPK_ASV_059,en,BONAFIDE,HUMAN,Studio / Clean,pcm_16k,16000,4.76,train
data/real/asvspoof_2021_00420.wav,REAL,ASVspoof_2021,SPK_ASV_060,en,BONAFIDE,HUMAN,Studio / Clean,pcm_16k,16000,3.52,test
data/real/asvspoof_2021_00421.wav,REAL,ASVspoof_2021,SPK_ASV_061,en,BONAFIDE,HUMAN,Studio / Clean,pcm_16k,16000,4.06,train
data/real/asvspoof_2021_00422.wav,REAL,ASVspoof_2021,SPK_ASV_062,en,BONAFIDE,HUMAN,Studio / Clean,pcm_16k,16000,4.41,validation
data/real/asvspoof_2021_00423.wav,REAL,ASVspoof_2021,SPK_ASV_063,en,BONAFIDE,HUMAN,Studio / Clean,pcm_16k,16000,3.71,train
data/real/asvspoof_2021_00424.wav,REAL,ASVspoof_2021,SPK_ASV_064,en,BONAFIDE,HUMAN,Studio / Clean,pcm_16k,16000,4.51,train
data/real/asvspoof_2021_00425.wav,REAL,ASVspoof_2021,SPK_ASV_065,en,BONAFIDE,HUMAN,Studio / Clean,pcm_16k,16000,4.19,test
data/real/asvspoof_2021_00426.wav,REAL,ASVspoof_2021,SPK_ASV_066,en,BONAFIDE,HUMAN,Studio / Clean,pcm_16k,16000,3.79,test
data/real/asvspoof_2021_00427.wav,REAL,ASVspoof_2021,SPK_ASV_067,en,BONAFIDE,HUMAN,Studio / Clean,pcm_16k,16000,4.45,validation
data/real/asvspoof_2021_00428.wav,REAL,ASVspoof_2021,SPK_ASV_068,en,BONAFIDE,HUMAN,Studio / Clean,pcm_16k,16000,3.41,train
data/real/asvspoof_2021_00429.wav,REAL,ASVspoof_2021,SPK_ASV_069,en,BONAFIDE,HUMAN,Studio / Clean,pcm_16k,16000,4.6,test
data/real/asvspoof_2021_00430.wav,REAL,ASVspoof_2021,SPK_ASV_070,en,BONAFIDE,HUMAN,Studio / Clean,pcm_16k,16000,4.63,train
data/real/asvspoof_2021_00431.wav,REAL,ASVspoof_2021,SPK_ASV_071,en,BONAFIDE,HUMAN,Studio / Clean,pcm_16k,16000,3.57,train
data/real/asvspoof_2021_00432.wav,REAL,ASVspoof_2021,SPK_ASV_072,en,BONAFIDE,HUMAN,Studio / Clean,pcm_16k,16000,4.08,test
data/real/asvspoof_2021_00433.wav,REAL,ASVspoof_2021,SPK_ASV_073,en,BONAFIDE,HUMAN,Studio / Clean,pcm_16k,16000,3.68,train
data/real/asvspoof_2021_00434.wav,REAL,ASVspoof_2021,SPK_ASV_074,en,BONAFIDE,HUMAN,Studio / Clean,pcm_16k,16000,4.93,train
data/real/asvspoof_2021_00435.wav,REAL,ASVspoof_2021,SPK_ASV_075,en,BONAFIDE,HUMAN,Studio / Clean,pcm_16k,16000,4.23,train
data/real/asvspoof_2021_00436.wav,REAL,ASVspoof_2021,SPK_ASV_076,en,BONAFIDE,HUMAN,Studio / Clean,pcm_16k,16000,3.48,validation
data/real/asvspoof_2021_00437.wav,REAL,ASVspoof_2021,SPK_ASV_077,en,BONAFIDE,HUMAN,Studio / Clean,pcm_16k,16000,3.8,test
data/real/asvspoof_2021_00438.wav,REAL,ASVspoof_2021,SPK_ASV_078,en,BONAFIDE,HUMAN,Studio / Clean,pcm_16k,16000,4.76,train
data/real/asvspoof_2021_00439.wav,REAL,ASVspoof_2021,SPK_ASV_079,en,BONAFIDE,HUMAN,Studio / Clean,pcm_16k,16000,4.13,train
data/real/asvspoof_2021_00440.wav,REAL,ASVspoof_2021,SPK_ASV_080,en,BONAFIDE,HUMAN,Studio / Clean,pcm_16k,16000,4.68,train
data/real/asvspoof_2021_00441.wav,REAL,ASVspoof_2021,SPK_ASV_081,en,BONAFIDE,HUMAN,Studio / Clean,pcm_16k,16000,4.47,train
data/real/asvspoof_2021_00442.wav,REAL,ASVspoof_2021,SPK_ASV_082,en,BONAFIDE,HUMAN,Studio / Clean,pcm_16k,16000,4.98,train
data/real/asvspoof_2021_00443.wav,REAL,ASVspoof_2021,SPK_ASV_083,en,BONAFIDE,HUMAN,Studio / Clean,pcm_16k,16000,4.35,train
data/real/asvspoof_2021_00444.wav,REAL,ASVspoof_2021,SPK_ASV_084,en,BONAFIDE,HUMAN,Studio / Clean,pcm_16k,16000,4.92,train
data/real/asvspoof_2021_00445.wav,REAL,ASVspoof_2021,SPK_ASV_085,en,BONAFIDE,HUMAN,Studio / Clean,pcm_16k,16000,4.83,test
data/real/asvspoof_2021_00446.wav,REAL,ASVspoof_2021,SPK_ASV_086,en,BONAFIDE,HUMAN,Studio / Clean,pcm_16k,16000,4.38,train
data/real/asvspoof_2021_00447.wav,REAL,ASVspoof_2021,SPK_ASV_087,en,BONAFIDE,HUMAN,Studio / Clean,pcm_16k,16000,4.55,test
data/real/asvspoof_2021_00448.wav,REAL,ASVspoof_2021,SPK_ASV_088,en,BONAFIDE,HUMAN,Studio / Clean,pcm_16k,16000,4.21,train
data/real/asvspoof_2021_00449.wav,REAL,ASVspoof_2021,SPK_ASV_089,en,BONAFIDE,HUMAN,Studio / Clean,pcm_16k,16000,4.73,train
data/real/asvspoof_2021_00450.wav,REAL,ASVspoof_2021,SPK_ASV_090,en,BONAFIDE,HUMAN,Studio / Clean,pcm_16k,16000,4.28,validation
data/real/asvspoof_2021_00451.wav,REAL,ASVspoof_2021,SPK_ASV_091,en,BONAFIDE,HUMAN,Studio / Clean,pcm_16k,16000,4.84,train
data/real/asvspoof_2021_00452.wav,REAL,ASVspoof_2021,SPK_ASV_092,en,BONAFIDE,HUMAN,Studio / Clean,pcm_16k,16000,4.59,train
data/real/asvspoof_2021_00453.wav,REAL,ASVspoof_2021,SPK_ASV_093,en,BONAFIDE,HUMAN,Studio / Clean,pcm_16k,16000,4.16,validation
data/real/asvspoof_2021_00454.wav,REAL,ASVspoof_2021,SPK_ASV_094,en,BONAFIDE,HUMAN,Studio / Clean,pcm_16k,16000,3.81,train
data/real/asvspoof_2021_00455.wav,REAL,ASVspoof_2021,SPK_ASV_095,en,BONAFIDE,HUMAN,Studio / Clean,pcm_16k,16000,3.8,train
data/real/asvspoof_2021_00456.wav,REAL,ASVspoof_2021,SPK_ASV_096,en,BONAFIDE,HUMAN,Studio / Clean,pcm_16k,16000,4.42,train
data/real/asvspoof_2021_00457.wav,REAL,ASVspoof_2021,SPK_ASV_097,en,BONAFIDE,HUMAN,Studio / Clean,pcm_16k,16000,4.63,train
data/real/asvspoof_2021_00458.wav,REAL,ASVspoof_2021,SPK_ASV_098,en,BONAFIDE,HUMAN,Studio / Clean,pcm_16k,16000,4.23,train
data/real/asvspoof_2021_00459.wav,REAL,ASVspoof_2021,SPK_ASV_099,en,BONAFIDE,HUMAN,Studio / Clean,pcm_16k,16000,4.4,test
data/real/asvspoof_2021_00460.wav,REAL,ASVspoof_2021,SPK_ASV_100,en,BONAFIDE,HUMAN,Studio / Clean,pcm_16k,16000,3.84,train
data/real/asvspoof_2021_00461.wav,REAL,ASVspoof_2021,SPK_ASV_101,en,BONAFIDE,HUMAN,Studio / Clean,pcm_16k,16000,3.52,train
data/real/asvspoof_2021_00462.wav,REAL,ASVspoof_2021,SPK_ASV_102,en,BONAFIDE,HUMAN,Studio / Clean,pcm_16k,16000,3.86,validation
data/real/asvspoof_2021_00463.wav,REAL,ASVspoof_2021,SPK_ASV_103,en,BONAFIDE,HUMAN,Studio / Clean,pcm_16k,16000,3.83,train
data/real/asvspoof_2021_00464.wav,REAL,ASVspoof_2021,SPK_ASV_104,en,BONAFIDE,HUMAN,Studio / Clean,pcm_16k,16000,3.91,train
data/real/asvspoof_2021_00465.wav,REAL,ASVspoof_2021,SPK_ASV_105,en,BONAFIDE,HUMAN,Studio / Clean,pcm_16k,16000,4.26,validation
data/real/asvspoof_2021_00466.wav,REAL,ASVspoof_2021,SPK_ASV_106,en,BONAFIDE,HUMAN,Studio / Clean,pcm_16k,16000,3.62,train
data/real/asvspoof_2021_00467.wav,REAL,ASVspoof_2021,SPK_ASV_107,en,BONAFIDE,HUMAN,Studio / Clean,pcm_16k,16000,3.77,train
data/real/asvspoof_2021_00468.wav,REAL,ASVspoof_2021,SPK_ASV_108,en,BONAFIDE,HUMAN,Studio / Clean,pcm_16k,16000,4.51,train
data/real/asvspoof_2021_00469.wav,REAL,ASVspoof_2021,SPK_ASV_109,en,BONAFIDE,HUMAN,Studio / Clean,pcm_16k,16000,4.53,train
data/real/asvspoof_2021_00470.wav,REAL,ASVspoof_2021,SPK_ASV_110,en,BONAFIDE,HUMAN,Studio / Clean,pcm_16k,16000,3.5,test
data/real/asvspoof_2021_00471.wav,REAL,ASVspoof_2021,SPK_ASV_111,en,BONAFIDE,HUMAN,Studio / Clean,pcm_16k,16000,4.05,validation
data/real/asvspoof_2021_00472.wav,REAL,ASVspoof_2021,SPK_ASV_112,en,BONAFIDE,HUMAN,Studio / Clean,pcm_16k,16000,4.27,train
data/real/asvspoof_2021_00473.wav,REAL,ASVspoof_2021,SPK_ASV_113,en,BONAFIDE,HUMAN,Studio / Clean,pcm_16k,16000,4.07,train
data/real/asvspoof_2021_00474.wav,REAL,ASVspoof_2021,SPK_ASV_114,en,BONAFIDE,HUMAN,Studio / Clean,pcm_16k,16000,3.73,train
data/real/asvspoof_2021_00475.wav,REAL,ASVspoof_2021,SPK_ASV_115,en,BONAFIDE,HUMAN,Studio / Clean,pcm_16k,16000,4.07,train
data/real/asvspoof_2021_00476.wav,REAL,ASVspoof_2021,SPK_ASV_116,en,BONAFIDE,HUMAN,Studio / Clean,pcm_16k,16000,4.85,train
data/real/asvspoof_2021_00477.wav,REAL,ASVspoof_2021,SPK_ASV_117,en,BONAFIDE,HUMAN,Studio / Clean,pcm_16k,16000,4.33,validation
data/real/asvspoof_2021_00478.wav,REAL,ASVspoof_2021,SPK_ASV_118,en,BONAFIDE,HUMAN,Studio / Clean,pcm_16k,16000,4.51,train
data/real/asvspoof_2021_00479.wav,REAL,ASVspoof_2021,SPK_ASV_119,en,BONAFIDE,HUMAN,Studio / Clean,pcm_16k,16000,4.77,train
data/real/asvspoof_2021_00480.wav,REAL,ASVspoof_2021,SPK_ASV_000,en,BONAFIDE,HUMAN,Studio / Clean,pcm_16k,16000,4.62,train
data/real/asvspoof_2021_00481.wav,REAL,ASVspoof_2021,SPK_ASV_001,en,BONAFIDE,HUMAN,Studio / Clean,pcm_16k,16000,4.01,train
data/real/asvspoof_2021_00482.wav,REAL,ASVspoof_2021,SPK_ASV_002,en,BONAFIDE,HUMAN,Studio / Clean,pcm_16k,16000,3.41,validation
data/real/asvspoof_2021_00483.wav,REAL,ASVspoof_2021,SPK_ASV_003,en,BONAFIDE,HUMAN,Studio / Clean,pcm_16k,16000,3.96,train
data/real/asvspoof_2021_00484.wav,REAL,ASVspoof_2021,SPK_ASV_004,en,BONAFIDE,HUMAN,Studio / Clean,pcm_16k,16000,4.61,train
data/real/asvspoof_2021_00485.wav,REAL,ASVspoof_2021,SPK_ASV_005,en,BONAFIDE,HUMAN,Studio / Clean,pcm_16k,16000,4.77,train
data/real/asvspoof_2021_00486.wav,REAL,ASVspoof_2021,SPK_ASV_006,en,BONAFIDE,HUMAN,Studio / Clean,pcm_16k,16000,4.93,train
data/real/asvspoof_2021_00487.wav,REAL,ASVspoof_2021,SPK_ASV_007,en,BONAFIDE,HUMAN,Studio / Clean,pcm_16k,16000,4.07,train
data/real/asvspoof_2021_00488.wav,REAL,ASVspoof_2021,SPK_ASV_008,en,BONAFIDE,HUMAN,Studio / Clean,pcm_16k,16000,4.6,train
data/real/asvspoof_2021_00489.wav,REAL,ASVspoof_2021,SPK_ASV_009,en,BONAFIDE,HUMAN,Studio / Clean,pcm_16k,16000,4.27,train
data/real/asvspoof_2021_00490.wav,REAL,ASVspoof_2021,SPK_ASV_010,en,BONAFIDE,HUMAN,Studio / Clean,pcm_16k,16000,4.37,validation
data/real/asvspoof_2021_00491.wav,REAL,ASVspoof_2021,SPK_ASV_011,en,BONAFIDE,HUMAN,Studio / Clean,pcm_16k,16000,3.75,train
data/real/asvspoof_2021_00492.wav,REAL,ASVspoof_2021,SPK_ASV_012,en,BONAFIDE,HUMAN,Studio / Clean,pcm_16k,16000,3.75,train
data/real/asvspoof_2021_00493.wav,REAL,ASVspoof_2021,SPK_ASV_013,en,BONAFIDE,HUMAN,Studio / Clean,pcm_16k,16000,4.1,validation
data/real/asvspoof_2021_00494.wav,REAL,ASVspoof_2021,SPK_ASV_014,en,BONAFIDE,HUMAN,Studio / Clean,pcm_16k,16000,3.45,train
data/real/asvspoof_2021_00495.wav,REAL,ASVspoof_2021,SPK_ASV_015,en,BONAFIDE,HUMAN,Studio / Clean,pcm_16k,16000,3.94,train
data/real/asvspoof_2021_00496.wav,REAL,ASVspoof_2021,SPK_ASV_016,en,BONAFIDE,HUMAN,Studio / Clean,pcm_16k,16000,4.49,train
data/real/asvspoof_2021_00497.wav,REAL,ASVspoof_2021,SPK_ASV_017,en,BONAFIDE,HUMAN,Studio / Clean,pcm_16k,16000,4.05,train
data/real/asvspoof_2021_00498.wav,REAL,ASVspoof_2021,SPK_ASV_018,en,BONAFIDE,HUMAN,Studio / Clean,pcm_16k,16000,3.66,train
data/real/asvspoof_2021_00499.wav,REAL,ASVspoof_2021,SPK_ASV_019,en,BONAFIDE,HUMAN,Studio / Clean,pcm_16k,16000,4.15,train
data/real/asvspoof_2021_00500.wav,REAL,ASVspoof_2021,SPK_ASV_020,en,BONAFIDE,HUMAN,Studio / Clean,pcm_16k,16000,3.6,train
data/real/asvspoof_2021_00501.wav,REAL,ASVspoof_2021,SPK_ASV_021,en,BONAFIDE,HUMAN,Studio / Clean,pcm_16k,16000,4.4,train
data/real/asvspoof_2021_00502.wav,REAL,ASVspoof_2021,SPK_ASV_022,en,BONAFIDE,HUMAN,Studio / Clean,pcm_16k,16000,3.44,train
data/real/asvspoof_2021_00503.wav,REAL,ASVspoof_2021,SPK_ASV_023,en,BONAFIDE,HUMAN,Studio / Clean,pcm_16k,16000,4.03,train
data/real/asvspoof_2021_00504.wav,REAL,ASVspoof_2021,SPK_ASV_024,en,BONAFIDE,HUMAN,Studio / Clean,pcm_16k,16000,4.3,test
data/real/asvspoof_2021_00505.wav,REAL,ASVspoof_2021,SPK_ASV_025,en,BONAFIDE,HUMAN,Studio / Clean,pcm_16k,16000,3.44,train
data/real/asvspoof_2021_00506.wav,REAL,ASVspoof_2021,SPK_ASV_026,en,BONAFIDE,HUMAN,Studio / Clean,pcm_16k,16000,4.43,train
data/real/asvspoof_2021_00507.wav,REAL,ASVspoof_2021,SPK_ASV_027,en,BONAFIDE,HUMAN,Studio / Clean,pcm_16k,16000,3.62,train
data/real/asvspoof_2021_00508.wav,REAL,ASVspoof_2021,SPK_ASV_028,en,BONAFIDE,HUMAN,Studio / Clean,pcm_16k,16000,4.14,train
data/real/asvspoof_2021_00509.wav,REAL,ASVspoof_2021,SPK_ASV_029,en,BONAFIDE,HUMAN,Studio / Clean,pcm_16k,16000,3.48,train
data/real/asvspoof_2021_00510.wav,REAL,ASVspoof_2021,SPK_ASV_030,en,BONAFIDE,HUMAN,Studio / Clean,pcm_16k,16000,4.01,train
data/real/asvspoof_2021_00511.wav,REAL,ASVspoof_2021,SPK_ASV_031,en,BONAFIDE,HUMAN,Studio / Clean,pcm_16k,16000,3.74,train
data/real/asvspoof_2021_00512.wav,REAL,ASVspoof_2021,SPK_ASV_032,en,BONAFIDE,HUMAN,Studio / Clean,pcm_16k,16000,3.92,test
data/real/asvspoof_2021_00513.wav,REAL,ASVspoof_2021,SPK_ASV_033,en,BONAFIDE,HUMAN,Studio / Clean,pcm_16k,16000,4.62,train
data/real/asvspoof_2021_00514.wav,REAL,ASVspoof_2021,SPK_ASV_034,en,BONAFIDE,HUMAN,Studio / Clean,pcm_16k,16000,4.01,validation
data/real/asvspoof_2021_00515.wav,REAL,ASVspoof_2021,SPK_ASV_035,en,BONAFIDE,HUMAN,Studio / Clean,pcm_16k,16000,4.6,train
data/real/asvspoof_2021_00516.wav,REAL,ASVspoof_2021,SPK_ASV_036,en,BONAFIDE,HUMAN,Studio / Clean,pcm_16k,16000,4.73,train
data/real/asvspoof_2021_00517.wav,REAL,ASVspoof_2021,SPK_ASV_037,en,BONAFIDE,HUMAN,Studio / Clean,pcm_16k,16000,3.8,train
data/real/asvspoof_2021_00518.wav,REAL,ASVspoof_2021,SPK_ASV_038,en,BONAFIDE,HUMAN,Studio / Clean,pcm_16k,16000,3.53,train
data/real/asvspoof_2021_00519.wav,REAL,ASVspoof_2021,SPK_ASV_039,en,BONAFIDE,HUMAN,Studio / Clean,pcm_16k,16000,3.43,train
data/real/asvspoof_2021_00520.wav,REAL,ASVspoof_2021,SPK_ASV_040,en,BONAFIDE,HUMAN,Studio / Clean,pcm_16k,16000,4.26,train
data/real/asvspoof_2021_00521.wav,REAL,ASVspoof_2021,SPK_ASV_041,en,BONAFIDE,HUMAN,Studio / Clean,pcm_16k,16000,5.0,train
data/real/asvspoof_2021_00522.wav,REAL,ASVspoof_2021,SPK_ASV_042,en,BONAFIDE,HUMAN,Studio / Clean,pcm_16k,16000,3.96,train
data/real/asvspoof_2021_00523.wav,REAL,ASVspoof_2021,SPK_ASV_043,en,BONAFIDE,HUMAN,Studio / Clean,pcm_16k,16000,4.44,validation
data/real/asvspoof_2021_00524.wav,REAL,ASVspoof_2021,SPK_ASV_044,en,BONAFIDE,HUMAN,Studio / Clean,pcm_16k,16000,4.65,test
data/real/asvspoof_2021_00525.wav,REAL,ASVspoof_2021,SPK_ASV_045,en,BONAFIDE,HUMAN,Studio / Clean,pcm_16k,16000,4.44,train
data/real/asvspoof_2021_00526.wav,REAL,ASVspoof_2021,SPK_ASV_046,en,BONAFIDE,HUMAN,Studio / Clean,pcm_16k,16000,4.61,train
data/real/asvspoof_2021_00527.wav,REAL,ASVspoof_2021,SPK_ASV_047,en,BONAFIDE,HUMAN,Studio / Clean,pcm_16k,16000,4.92,test
data/real/asvspoof_2021_00528.wav,REAL,ASVspoof_2021,SPK_ASV_048,en,BONAFIDE,HUMAN,Studio / Clean,pcm_16k,16000,3.72,validation
data/real/asvspoof_2021_00529.wav,REAL,ASVspoof_2021,SPK_ASV_049,en,BONAFIDE,HUMAN,Studio / Clean,pcm_16k,16000,3.43,test
data/real/asvspoof_2021_00530.wav,REAL,ASVspoof_2021,SPK_ASV_050,en,BONAFIDE,HUMAN,Studio / Clean,pcm_16k,16000,3.64,test
data/real/asvspoof_2021_00531.wav,REAL,ASVspoof_2021,SPK_ASV_051,en,BONAFIDE,HUMAN,Studio / Clean,pcm_16k,16000,3.6,test
data/real/asvspoof_2021_00532.wav,REAL,ASVspoof_2021,SPK_ASV_052,en,BONAFIDE,HUMAN,Studio / Clean,pcm_16k,16000,4.47,test
data/real/asvspoof_2021_00533.wav,REAL,ASVspoof_2021,SPK_ASV_053,en,BONAFIDE,HUMAN,Studio / Clean,pcm_16k,16000,4.3,test
data/real/asvspoof_2021_00534.wav,REAL,ASVspoof_2021,SPK_ASV_054,en,BONAFIDE,HUMAN,Studio / Clean,pcm_16k,16000,3.75,train
data/real/asvspoof_2021_00535.wav,REAL,ASVspoof_2021,SPK_ASV_055,en,BONAFIDE,HUMAN,Studio / Clean,pcm_16k,16000,4.52,train
data/real/asvspoof_2021_00536.wav,REAL,ASVspoof_2021,SPK_ASV_056,en,BONAFIDE,HUMAN,Studio / Clean,pcm_16k,16000,4.63,train
data/real/asvspoof_2021_00537.wav,REAL,ASVspoof_2021,SPK_ASV_057,en,BONAFIDE,HUMAN,Studio / Clean,pcm_16k,16000,3.67,test
data/real/asvspoof_2021_00538.wav,REAL,ASVspoof_2021,SPK_ASV_058,en,BONAFIDE,HUMAN,Studio / Clean,pcm_16k,16000,4.37,test
data/real/asvspoof_2021_00539.wav,REAL,ASVspoof_2021,SPK_ASV_059,en,BONAFIDE,HUMAN,Studio / Clean,pcm_16k,16000,4.6,train
data/real/asvspoof_2021_00540.wav,REAL,ASVspoof_2021,SPK_ASV_060,en,BONAFIDE,HUMAN,Studio / Clean,pcm_16k,16000,3.58,test
data/real/asvspoof_2021_00541.wav,REAL,ASVspoof_2021,SPK_ASV_061,en,BONAFIDE,HUMAN,Studio / Clean,pcm_16k,16000,4.71,train
data/real/asvspoof_2021_00542.wav,REAL,ASVspoof_2021,SPK_ASV_062,en,BONAFIDE,HUMAN,Studio / Clean,pcm_16k,16000,4.94,validation
data/real/asvspoof_2021_00543.wav,REAL,ASVspoof_2021,SPK_ASV_063,en,BONAFIDE,HUMAN,Studio / Clean,pcm_16k,16000,3.57,train
data/real/asvspoof_2021_00544.wav,REAL,ASVspoof_2021,SPK_ASV_064,en,BONAFIDE,HUMAN,Studio / Clean,pcm_16k,16000,3.44,train
data/real/asvspoof_2021_00545.wav,REAL,ASVspoof_2021,SPK_ASV_065,en,BONAFIDE,HUMAN,Studio / Clean,pcm_16k,16000,3.9,test
data/real/asvspoof_2021_00546.wav,REAL,ASVspoof_2021,SPK_ASV_066,en,BONAFIDE,HUMAN,Studio / Clean,pcm_16k,16000,4.48,test
data/real/asvspoof_2021_00547.wav,REAL,ASVspoof_2021,SPK_ASV_067,en,BONAFIDE,HUMAN,Studio / Clean,pcm_16k,16000,4.93,validation
data/real/asvspoof_2021_00548.wav,REAL,ASVspoof_2021,SPK_ASV_068,en,BONAFIDE,HUMAN,Studio / Clean,pcm_16k,16000,4.03,train
data/real/asvspoof_2021_00549.wav,REAL,ASVspoof_2021,SPK_ASV_069,en,BONAFIDE,HUMAN,Studio / Clean,pcm_16k,16000,4.54,test
data/real/asvspoof_2021_00550.wav,REAL,ASVspoof_2021,SPK_ASV_070,en,BONAFIDE,HUMAN,Studio / Clean,pcm_16k,16000,3.52,train
data/real/asvspoof_2021_00551.wav,REAL,ASVspoof_2021,SPK_ASV_071,en,BONAFIDE,HUMAN,Studio / Clean,pcm_16k,16000,4.5,train
data/real/asvspoof_2021_00552.wav,REAL,ASVspoof_2021,SPK_ASV_072,en,BONAFIDE,HUMAN,Studio / Clean,pcm_16k,16000,4.4,test
data/real/asvspoof_2021_00553.wav,REAL,ASVspoof_2021,SPK_ASV_073,en,BONAFIDE,HUMAN,Studio / Clean,pcm_16k,16000,3.56,train
data/real/asvspoof_2021_00554.wav,REAL,ASVspoof_2021,SPK_ASV_074,en,BONAFIDE,HUMAN,Studio / Clean,pcm_16k,16000,4.64,train
data/real/asvspoof_2021_00555.wav,REAL,ASVspoof_2021,SPK_ASV_075,en,BONAFIDE,HUMAN,Studio / Clean,pcm_16k,16000,4.76,train
data/real/asvspoof_2021_00556.wav,REAL,ASVspoof_2021,SPK_ASV_076,en,BONAFIDE,HUMAN,Studio / Clean,pcm_16k,16000,4.36,validation
data/real/asvspoof_2021_00557.wav,REAL,ASVspoof_2021,SPK_ASV_077,en,BONAFIDE,HUMAN,Studio / Clean,pcm_16k,16000,3.59,test
data/real/asvspoof_2021_00558.wav,REAL,ASVspoof_2021,SPK_ASV_078,en,BONAFIDE,HUMAN,Studio / Clean,pcm_16k,16000,4.97,train
data/real/asvspoof_2021_00559.wav,REAL,ASVspoof_2021,SPK_ASV_079,en,BONAFIDE,HUMAN,Studio / Clean,pcm_16k,16000,4.65,train
data/real/asvspoof_2021_00560.wav,REAL,ASVspoof_2021,SPK_ASV_080,en,BONAFIDE,HUMAN,Studio / Clean,pcm_16k,16000,3.96,train
data/real/asvspoof_2021_00561.wav,REAL,ASVspoof_2021,SPK_ASV_081,en,BONAFIDE,HUMAN,Studio / Clean,pcm_16k,16000,4.09,train
data/real/asvspoof_2021_00562.wav,REAL,ASVspoof_2021,SPK_ASV_082,en,BONAFIDE,HUMAN,Studio / Clean,pcm_16k,16000,3.99,train
data/real/asvspoof_2021_00563.wav,REAL,ASVspoof_2021,SPK_ASV_083,en,BONAFIDE,HUMAN,Studio / Clean,pcm_16k,16000,4.21,train
data/real/asvspoof_2021_00564.wav,REAL,ASVspoof_2021,SPK_ASV_084,en,BONAFIDE,HUMAN,Studio / Clean,pcm_16k,16000,3.95,train
data/real/asvspoof_2021_00565.wav,REAL,ASVspoof_2021,SPK_ASV_085,en,BONAFIDE,HUMAN,Studio / Clean,pcm_16k,16000,4.76,test
data/real/asvspoof_2021_00566.wav,REAL,ASVspoof_2021,SPK_ASV_086,en,BONAFIDE,HUMAN,Studio / Clean,pcm_16k,16000,4.72,train
data/real/asvspoof_2021_00567.wav,REAL,ASVspoof_2021,SPK_ASV_087,en,BONAFIDE,HUMAN,Studio / Clean,pcm_16k,16000,3.57,test
data/real/asvspoof_2021_00568.wav,REAL,ASVspoof_2021,SPK_ASV_088,en,BONAFIDE,HUMAN,Studio / Clean,pcm_16k,16000,4.94,train
data/real/asvspoof_2021_00569.wav,REAL,ASVspoof_2021,SPK_ASV_089,en,BONAFIDE,HUMAN,Studio / Clean,pcm_16k,16000,4.42,train
data/real/asvspoof_2021_00570.wav,REAL,ASVspoof_2021,SPK_ASV_090,en,BONAFIDE,HUMAN,Studio / Clean,pcm_16k,16000,4.73,validation
data/real/asvspoof_2021_00571.wav,REAL,ASVspoof_2021,SPK_ASV_091,en,BONAFIDE,HUMAN,Studio / Clean,pcm_16k,16000,4.53,train
data/real/asvspoof_2021_00572.wav,REAL,ASVspoof_2021,SPK_ASV_092,en,BONAFIDE,HUMAN,Studio / Clean,pcm_16k,16000,4.1,train
data/real/asvspoof_2021_00573.wav,REAL,ASVspoof_2021,SPK_ASV_093,en,BONAFIDE,HUMAN,Studio / Clean,pcm_16k,16000,4.57,validation
data/real/asvspoof_2021_00574.wav,REAL,ASVspoof_2021,SPK_ASV_094,en,BONAFIDE,HUMAN,Studio / Clean,pcm_16k,16000,4.94,train
data/real/asvspoof_2021_00575.wav,REAL,ASVspoof_2021,SPK_ASV_095,en,BONAFIDE,HUMAN,Studio / Clean,pcm_16k,16000,3.83,train
data/real/asvspoof_2021_00576.wav,REAL,ASVspoof_2021,SPK_ASV_096,en,BONAFIDE,HUMAN,Studio / Clean,pcm_16k,16000,4.69,train
data/real/asvspoof_2021_00577.wav,REAL,ASVspoof_2021,SPK_ASV_097,en,BONAFIDE,HUMAN,Studio / Clean,pcm_16k,16000,4.26,train
data/real/asvspoof_2021_00578.wav,REAL,ASVspoof_2021,SPK_ASV_098,en,BONAFIDE,HUMAN,Studio / Clean,pcm_16k,16000,4.17,train
data/real/asvspoof_2021_00579.wav,REAL,ASVspoof_2021,SPK_ASV_099,en,BONAFIDE,HUMAN,Studio / Clean,pcm_16k,16000,4.1,test
data/real/asvspoof_2021_00580.wav,REAL,ASVspoof_2021,SPK_ASV_100,en,BONAFIDE,HUMAN,Studio / Clean,pcm_16k,16000,4.57,train
data/real/asvspoof_2021_00581.wav,REAL,ASVspoof_2021,SPK_ASV_101,en,BONAFIDE,HUMAN,Studio / Clean,pcm_16k,16000,3.83,train
data/real/asvspoof_2021_00582.wav,REAL,ASVspoof_2021,SPK_ASV_102,en,BONAFIDE,HUMAN,Studio / Clean,pcm_16k,16000,4.76,validation
data/real/asvspoof_2021_00583.wav,REAL,ASVspoof_2021,SPK_ASV_103,en,BONAFIDE,HUMAN,Studio / Clean,pcm_16k,16000,4.73,train
data/real/asvspoof_2021_00584.wav,REAL,ASVspoof_2021,SPK_ASV_104,en,BONAFIDE,HUMAN,Studio / Clean,pcm_16k,16000,3.54,train
data/real/asvspoof_2021_00585.wav,REAL,ASVspoof_2021,SPK_ASV_105,en,BONAFIDE,HUMAN,Studio / Clean,pcm_16k,16000,4.81,validation
data/real/asvspoof_2021_00586.wav,REAL,ASVspoof_2021,SPK_ASV_106,en,BONAFIDE,HUMAN,Studio / Clean,pcm_16k,16000,3.79,train
data/real/asvspoof_2021_00587.wav,REAL,ASVspoof_2021,SPK_ASV_107,en,BONAFIDE,HUMAN,Studio / Clean,pcm_16k,16000,4.14,train
data/real/asvspoof_2021_00588.wav,REAL,ASVspoof_2021,SPK_ASV_108,en,BONAFIDE,HUMAN,Studio / Clean,pcm_16k,16000,4.38,train
data/real/asvspoof_2021_00589.wav,REAL,ASVspoof_2021,SPK_ASV_109,en,BONAFIDE,HUMAN,Studio / Clean,pcm_16k,16000,4.01,train
data/real/asvspoof_2021_00590.wav,REAL,ASVspoof_2021,SPK_ASV_110,en,BONAFIDE,HUMAN,Studio / Clean,pcm_16k,16000,3.45,test
data/real/asvspoof_2021_00591.wav,REAL,ASVspoof_2021,SPK_ASV_111,en,BONAFIDE,HUMAN,Studio / Clean,pcm_16k,16000,4.76,validation
data/real/asvspoof_2021_00592.wav,REAL,ASVspoof_2021,SPK_ASV_112,en,BONAFIDE,HUMAN,Studio / Clean,pcm_16k,16000,3.69,train
data/real/asvspoof_2021_00593.wav,REAL,ASVspoof_2021,SPK_ASV_113,en,BONAFIDE,HUMAN,Studio / Clean,pcm_16k,16000,3.74,train
data/real/asvspoof_2021_00594.wav,REAL,ASVspoof_2021,SPK_ASV_114,en,BONAFIDE,HUMAN,Studio / Clean,pcm_16k,16000,4.68,train
data/real/asvspoof_2021_00595.wav,REAL,ASVspoof_2021,SPK_ASV_115,en,BONAFIDE,HUMAN,Studio / Clean,pcm_16k,16000,3.94,train
data/real/asvspoof_2021_00596.wav,REAL,ASVspoof_2021,SPK_ASV_116,en,BONAFIDE,HUMAN,Studio / Clean,pcm_16k,16000,4.81,train
data/real/asvspoof_2021_00597.wav,REAL,ASVspoof_2021,SPK_ASV_117,en,BONAFIDE,HUMAN,Studio / Clean,pcm_16k,16000,4.52,validation
data/real/asvspoof_2021_00598.wav,REAL,ASVspoof_2021,SPK_ASV_118,en,BONAFIDE,HUMAN,Studio / Clean,pcm_16k,16000,3.84,train
data/real/asvspoof_2021_00599.wav,REAL,ASVspoof_2021,SPK_ASV_119,en,BONAFIDE,HUMAN,Studio / Clean,pcm_16k,16000,3.42,train
data/real/asvspoof_2021_00600.wav,REAL,ASVspoof_2021,SPK_ASV_000,en,BONAFIDE,HUMAN,Studio / Clean,pcm_16k,16000,4.92,train
data/real/asvspoof_2021_00601.wav,REAL,ASVspoof_2021,SPK_ASV_001,en,BONAFIDE,HUMAN,Studio / Clean,pcm_16k,16000,3.54,train
data/real/asvspoof_2021_00602.wav,REAL,ASVspoof_2021,SPK_ASV_002,en,BONAFIDE,HUMAN,Studio / Clean,pcm_16k,16000,4.55,validation
data/real/asvspoof_2021_00603.wav,REAL,ASVspoof_2021,SPK_ASV_003,en,BONAFIDE,HUMAN,Studio / Clean,pcm_16k,16000,4.18,train
data/real/asvspoof_2021_00604.wav,REAL,ASVspoof_2021,SPK_ASV_004,en,BONAFIDE,HUMAN,Studio / Clean,pcm_16k,16000,4.61,train
data/real/asvspoof_2021_00605.wav,REAL,ASVspoof_2021,SPK_ASV_005,en,BONAFIDE,HUMAN,Studio / Clean,pcm_16k,16000,4.5,train
data/real/asvspoof_2021_00606.wav,REAL,ASVspoof_2021,SPK_ASV_006,en,BONAFIDE,HUMAN,Studio / Clean,pcm_16k,16000,4.43,train
data/real/asvspoof_2021_00607.wav,REAL,ASVspoof_2021,SPK_ASV_007,en,BONAFIDE,HUMAN,Studio / Clean,pcm_16k,16000,4.19,train
data/real/asvspoof_2021_00608.wav,REAL,ASVspoof_2021,SPK_ASV_008,en,BONAFIDE,HUMAN,Studio / Clean,pcm_16k,16000,4.67,train
data/real/asvspoof_2021_00609.wav,REAL,ASVspoof_2021,SPK_ASV_009,en,BONAFIDE,HUMAN,Studio / Clean,pcm_16k,16000,3.55,train
data/real/asvspoof_2021_00610.wav,REAL,ASVspoof_2021,SPK_ASV_010,en,BONAFIDE,HUMAN,Studio / Clean,pcm_16k,16000,3.75,validation
data/real/asvspoof_2021_00611.wav,REAL,ASVspoof_2021,SPK_ASV_011,en,BONAFIDE,HUMAN,Studio / Clean,pcm_16k,16000,4.51,train
data/real/asvspoof_2021_00612.wav,REAL,ASVspoof_2021,SPK_ASV_012,en,BONAFIDE,HUMAN,Studio / Clean,pcm_16k,16000,3.89,train
data/real/asvspoof_2021_00613.wav,REAL,ASVspoof_2021,SPK_ASV_013,en,BONAFIDE,HUMAN,Studio / Clean,pcm_16k,16000,4.33,validation
data/real/asvspoof_2021_00614.wav,REAL,ASVspoof_2021,SPK_ASV_014,en,BONAFIDE,HUMAN,Studio / Clean,pcm_16k,16000,4.16,train
data/real/asvspoof_2021_00615.wav,REAL,ASVspoof_2021,SPK_ASV_015,en,BONAFIDE,HUMAN,Studio / Clean,pcm_16k,16000,4.25,train
data/real/asvspoof_2021_00616.wav,REAL,ASVspoof_2021,SPK_ASV_016,en,BONAFIDE,HUMAN,Studio / Clean,pcm_16k,16000,4.08,train
data/real/asvspoof_2021_00617.wav,REAL,ASVspoof_2021,SPK_ASV_017,en,BONAFIDE,HUMAN,Studio / Clean,pcm_16k,16000,4.59,train
data/real/asvspoof_2021_00618.wav,REAL,ASVspoof_2021,SPK_ASV_018,en,BONAFIDE,HUMAN,Studio / Clean,pcm_16k,16000,3.93,train
data/real/asvspoof_2021_00619.wav,REAL,ASVspoof_2021,SPK_ASV_019,en,BONAFIDE,HUMAN,Studio / Clean,pcm_16k,16000,4.52,train
data/real/asvspoof_2021_00620.wav,REAL,ASVspoof_2021,SPK_ASV_020,en,BONAFIDE,HUMAN,Studio / Clean,pcm_16k,16000,3.83,train
data/real/asvspoof_2021_00621.wav,REAL,ASVspoof_2021,SPK_ASV_021,en,BONAFIDE,HUMAN,Studio / Clean,pcm_16k,16000,3.8,train
data/real/asvspoof_2021_00622.wav,REAL,ASVspoof_2021,SPK_ASV_022,en,BONAFIDE,HUMAN,Studio / Clean,pcm_16k,16000,3.59,train
data/real/asvspoof_2021_00623.wav,REAL,ASVspoof_2021,SPK_ASV_023,en,BONAFIDE,HUMAN,Studio / Clean,pcm_16k,16000,3.71,train
data/real/asvspoof_2021_00624.wav,REAL,ASVspoof_2021,SPK_ASV_024,en,BONAFIDE,HUMAN,Studio / Clean,pcm_16k,16000,3.59,test
data/real/asvspoof_2021_00625.wav,REAL,ASVspoof_2021,SPK_ASV_025,en,BONAFIDE,HUMAN,Studio / Clean,pcm_16k,16000,4.26,train
data/real/asvspoof_2021_00626.wav,REAL,ASVspoof_2021,SPK_ASV_026,en,BONAFIDE,HUMAN,Studio / Clean,pcm_16k,16000,4.62,train
data/real/asvspoof_2021_00627.wav,REAL,ASVspoof_2021,SPK_ASV_027,en,BONAFIDE,HUMAN,Studio / Clean,pcm_16k,16000,3.7,train
data/real/asvspoof_2021_00628.wav,REAL,ASVspoof_2021,SPK_ASV_028,en,BONAFIDE,HUMAN,Studio / Clean,pcm_16k,16000,3.75,train
data/real/asvspoof_2021_00629.wav,REAL,ASVspoof_2021,SPK_ASV_029,en,BONAFIDE,HUMAN,Studio / Clean,pcm_16k,16000,4.17,train
data/real/asvspoof_2021_00630.wav,REAL,ASVspoof_2021,SPK_ASV_030,en,BONAFIDE,HUMAN,Studio / Clean,pcm_16k,16000,4.56,train
data/real/asvspoof_2021_00631.wav,REAL,ASVspoof_2021,SPK_ASV_031,en,BONAFIDE,HUMAN,Studio / Clean,pcm_16k,16000,4.96,train
data/real/asvspoof_2021_00632.wav,REAL,ASVspoof_2021,SPK_ASV_032,en,BONAFIDE,HUMAN,Studio / Clean,pcm_16k,16000,4.24,test
data/real/asvspoof_2021_00633.wav,REAL,ASVspoof_2021,SPK_ASV_033,en,BONAFIDE,HUMAN,Studio / Clean,pcm_16k,16000,3.85,train
data/real/asvspoof_2021_00634.wav,REAL,ASVspoof_2021,SPK_ASV_034,en,BONAFIDE,HUMAN,Studio / Clean,pcm_16k,16000,3.56,validation
data/real/asvspoof_2021_00635.wav,REAL,ASVspoof_2021,SPK_ASV_035,en,BONAFIDE,HUMAN,Studio / Clean,pcm_16k,16000,3.71,train
data/real/asvspoof_2021_00636.wav,REAL,ASVspoof_2021,SPK_ASV_036,en,BONAFIDE,HUMAN,Studio / Clean,pcm_16k,16000,3.76,train
data/real/asvspoof_2021_00637.wav,REAL,ASVspoof_2021,SPK_ASV_037,en,BONAFIDE,HUMAN,Studio / Clean,pcm_16k,16000,3.69,train
data/real/asvspoof_2021_00638.wav,REAL,ASVspoof_2021,SPK_ASV_038,en,BONAFIDE,HUMAN,Studio / Clean,pcm_16k,16000,3.42,train
data/real/asvspoof_2021_00639.wav,REAL,ASVspoof_2021,SPK_ASV_039,en,BONAFIDE,HUMAN,Studio / Clean,pcm_16k,16000,4.25,train
data/real/asvspoof_2021_00640.wav,REAL,ASVspoof_2021,SPK_ASV_040,en,BONAFIDE,HUMAN,Studio / Clean,pcm_16k,16000,3.84,train
data/real/asvspoof_2021_00641.wav,REAL,ASVspoof_2021,SPK_ASV_041,en,BONAFIDE,HUMAN,Studio / Clean,pcm_16k,16000,4.96,train
data/real/asvspoof_2021_00642.wav,REAL,ASVspoof_2021,SPK_ASV_042,en,BONAFIDE,HUMAN,Studio / Clean,pcm_16k,16000,4.29,train
data/real/asvspoof_2021_00643.wav,REAL,ASVspoof_2021,SPK_ASV_043,en,BONAFIDE,HUMAN,Studio / Clean,pcm_16k,16000,4.52,validation
data/real/asvspoof_2021_00644.wav,REAL,ASVspoof_2021,SPK_ASV_044,en,BONAFIDE,HUMAN,Studio / Clean,pcm_16k,16000,3.6,test
data/real/asvspoof_2021_00645.wav,REAL,ASVspoof_2021,SPK_ASV_045,en,BONAFIDE,HUMAN,Studio / Clean,pcm_16k,16000,4.79,train
data/real/asvspoof_2021_00646.wav,REAL,ASVspoof_2021,SPK_ASV_046,en,BONAFIDE,HUMAN,Studio / Clean,pcm_16k,16000,4.19,train
data/real/asvspoof_2021_00647.wav,REAL,ASVspoof_2021,SPK_ASV_047,en,BONAFIDE,HUMAN,Studio / Clean,pcm_16k,16000,4.8,test
data/real/asvspoof_2021_00648.wav,REAL,ASVspoof_2021,SPK_ASV_048,en,BONAFIDE,HUMAN,Studio / Clean,pcm_16k,16000,4.32,validation
data/real/asvspoof_2021_00649.wav,REAL,ASVspoof_2021,SPK_ASV_049,en,BONAFIDE,HUMAN,Studio / Clean,pcm_16k,16000,4.15,test
data/real/asvspoof_2021_00650.wav,REAL,ASVspoof_2021,SPK_ASV_050,en,BONAFIDE,HUMAN,Studio / Clean,pcm_16k,16000,4.1,test
data/real/asvspoof_2021_00651.wav,REAL,ASVspoof_2021,SPK_ASV_051,en,BONAFIDE,HUMAN,Studio / Clean,pcm_16k,16000,3.69,test
data/real/asvspoof_2021_00652.wav,REAL,ASVspoof_2021,SPK_ASV_052,en,BONAFIDE,HUMAN,Studio / Clean,pcm_16k,16000,3.48,test
data/real/asvspoof_2021_00653.wav,REAL,ASVspoof_2021,SPK_ASV_053,en,BONAFIDE,HUMAN,Studio / Clean,pcm_16k,16000,4.91,test
data/real/asvspoof_2021_00654.wav,REAL,ASVspoof_2021,SPK_ASV_054,en,BONAFIDE,HUMAN,Studio / Clean,pcm_16k,16000,4.16,train
data/real/asvspoof_2021_00655.wav,REAL,ASVspoof_2021,SPK_ASV_055,en,BONAFIDE,HUMAN,Studio / Clean,pcm_16k,16000,4.72,train
data/real/asvspoof_2021_00656.wav,REAL,ASVspoof_2021,SPK_ASV_056,en,BONAFIDE,HUMAN,Studio / Clean,pcm_16k,16000,4.04,train
data/real/asvspoof_2021_00657.wav,REAL,ASVspoof_2021,SPK_ASV_057,en,BONAFIDE,HUMAN,Studio / Clean,pcm_16k,16000,3.52,test
data/real/asvspoof_2021_00658.wav,REAL,ASVspoof_2021,SPK_ASV_058,en,BONAFIDE,HUMAN,Studio / Clean,pcm_16k,16000,4.41,test
data/real/asvspoof_2021_00659.wav,REAL,ASVspoof_2021,SPK_ASV_059,en,BONAFIDE,HUMAN,Studio / Clean,pcm_16k,16000,3.49,train
data/real/asvspoof_2021_00660.wav,REAL,ASVspoof_2021,SPK_ASV_060,en,BONAFIDE,HUMAN,Studio / Clean,pcm_16k,16000,3.64,test
data/real/asvspoof_2021_00661.wav,REAL,ASVspoof_2021,SPK_ASV_061,en,BONAFIDE,HUMAN,Studio / Clean,pcm_16k,16000,4.3,train
data/real/asvspoof_2021_00662.wav,REAL,ASVspoof_2021,SPK_ASV_062,en,BONAFIDE,HUMAN,Studio / Clean,pcm_16k,16000,3.89,validation
data/real/asvspoof_2021_00663.wav,REAL,ASVspoof_2021,SPK_ASV_063,en,BONAFIDE,HUMAN,Studio / Clean,pcm_16k,16000,4.99,train
data/real/asvspoof_2021_00664.wav,REAL,ASVspoof_2021,SPK_ASV_064,en,BONAFIDE,HUMAN,Studio / Clean,pcm_16k,16000,3.59,train
data/real/asvspoof_2021_00665.wav,REAL,ASVspoof_2021,SPK_ASV_065,en,BONAFIDE,HUMAN,Studio / Clean,pcm_16k,16000,4.62,test
data/real/asvspoof_2021_00666.wav,REAL,ASVspoof_2021,SPK_ASV_066,en,BONAFIDE,HUMAN,Studio / Clean,pcm_16k,16000,4.37,test
data/real/asvspoof_2021_00667.wav,REAL,ASVspoof_2021,SPK_ASV_067,en,BONAFIDE,HUMAN,Studio / Clean,pcm_16k,16000,4.67,validation
data/real/asvspoof_2021_00668.wav,REAL,ASVspoof_2021,SPK_ASV_068,en,BONAFIDE,HUMAN,Studio / Clean,pcm_16k,16000,3.76,train
data/real/asvspoof_2021_00669.wav,REAL,ASVspoof_2021,SPK_ASV_069,en,BONAFIDE,HUMAN,Studio / Clean,pcm_16k,16000,4.24,test
data/real/asvspoof_2021_00670.wav,REAL,ASVspoof_2021,SPK_ASV_070,en,BONAFIDE,HUMAN,Studio / Clean,pcm_16k,16000,4.12,train
data/real/asvspoof_2021_00671.wav,REAL,ASVspoof_2021,SPK_ASV_071,en,BONAFIDE,HUMAN,Studio / Clean,pcm_16k,16000,4.11,train
data/real/asvspoof_2021_00672.wav,REAL,ASVspoof_2021,SPK_ASV_072,en,BONAFIDE,HUMAN,Studio / Clean,pcm_16k,16000,4.78,test
data/real/asvspoof_2021_00673.wav,REAL,ASVspoof_2021,SPK_ASV_073,en,BONAFIDE,HUMAN,Studio / Clean,pcm_16k,16000,4.98,train
data/real/asvspoof_2021_00674.wav,REAL,ASVspoof_2021,SPK_ASV_074,en,BONAFIDE,HUMAN,Studio / Clean,pcm_16k,16000,3.89,train
data/real/asvspoof_2021_00675.wav,REAL,ASVspoof_2021,SPK_ASV_075,en,BONAFIDE,HUMAN,Studio / Clean,pcm_16k,16000,4.39,train
data/real/asvspoof_2021_00676.wav,REAL,ASVspoof_2021,SPK_ASV_076,en,BONAFIDE,HUMAN,Studio / Clean,pcm_16k,16000,4.38,validation
data/real/asvspoof_2021_00677.wav,REAL,ASVspoof_2021,SPK_ASV_077,en,BONAFIDE,HUMAN,Studio / Clean,pcm_16k,16000,4.58,test
data/real/asvspoof_2021_00678.wav,REAL,ASVspoof_2021,SPK_ASV_078,en,BONAFIDE,HUMAN,Studio / Clean,pcm_16k,16000,4.92,train
data/real/asvspoof_2021_00679.wav,REAL,ASVspoof_2021,SPK_ASV_079,en,BONAFIDE,HUMAN,Studio / Clean,pcm_16k,16000,3.73,train
data/real/asvspoof_2021_00680.wav,REAL,ASVspoof_2021,SPK_ASV_080,en,BONAFIDE,HUMAN,Studio / Clean,pcm_16k,16000,3.74,train
data/real/asvspoof_2021_00681.wav,REAL,ASVspoof_2021,SPK_ASV_081,en,BONAFIDE,HUMAN,Studio / Clean,pcm_16k,16000,4.46,train
data/real/asvspoof_2021_00682.wav,REAL,ASVspoof_2021,SPK_ASV_082,en,BONAFIDE,HUMAN,Studio / Clean,pcm_16k,16000,3.65,train
data/real/asvspoof_2021_00683.wav,REAL,ASVspoof_2021,SPK_ASV_083,en,BONAFIDE,HUMAN,Studio / Clean,pcm_16k,16000,3.68,train
data/real/asvspoof_2021_00684.wav,REAL,ASVspoof_2021,SPK_ASV_084,en,BONAFIDE,HUMAN,Studio / Clean,pcm_16k,16000,3.52,train
data/real/asvspoof_2021_00685.wav,REAL,ASVspoof_2021,SPK_ASV_085,en,BONAFIDE,HUMAN,Studio / Clean,pcm_16k,16000,3.4,test
data/real/asvspoof_2021_00686.wav,REAL,ASVspoof_2021,SPK_ASV_086,en,BONAFIDE,HUMAN,Studio / Clean,pcm_16k,16000,4.12,train
data/real/asvspoof_2021_00687.wav,REAL,ASVspoof_2021,SPK_ASV_087,en,BONAFIDE,HUMAN,Studio / Clean,pcm_16k,16000,4.35,test
data/real/asvspoof_2021_00688.wav,REAL,ASVspoof_2021,SPK_ASV_088,en,BONAFIDE,HUMAN,Studio / Clean,pcm_16k,16000,3.87,train
data/real/asvspoof_2021_00689.wav,REAL,ASVspoof_2021,SPK_ASV_089,en,BONAFIDE,HUMAN,Studio / Clean,pcm_16k,16000,3.77,train
data/real/asvspoof_2021_00690.wav,REAL,ASVspoof_2021,SPK_ASV_090,en,BONAFIDE,HUMAN,Studio / Clean,pcm_16k,16000,4.53,validation
data/real/asvspoof_2021_00691.wav,REAL,ASVspoof_2021,SPK_ASV_091,en,BONAFIDE,HUMAN,Studio / Clean,pcm_16k,16000,4.52,train
data/real/asvspoof_2021_00692.wav,REAL,ASVspoof_2021,SPK_ASV_092,en,BONAFIDE,HUMAN,Studio / Clean,pcm_16k,16000,4.13,train
data/real/asvspoof_2021_00693.wav,REAL,ASVspoof_2021,SPK_ASV_093,en,BONAFIDE,HUMAN,Studio / Clean,pcm_16k,16000,4.5,validation
data/real/asvspoof_2021_00694.wav,REAL,ASVspoof_2021,SPK_ASV_094,en,BONAFIDE,HUMAN,Studio / Clean,pcm_16k,16000,4.88,train
data/real/asvspoof_2021_00695.wav,REAL,ASVspoof_2021,SPK_ASV_095,en,BONAFIDE,HUMAN,Studio / Clean,pcm_16k,16000,4.66,train
data/real/asvspoof_2021_00696.wav,REAL,ASVspoof_2021,SPK_ASV_096,en,BONAFIDE,HUMAN,Studio / Clean,pcm_16k,16000,4.4,train
data/real/asvspoof_2021_00697.wav,REAL,ASVspoof_2021,SPK_ASV_097,en,BONAFIDE,HUMAN,Studio / Clean,pcm_16k,16000,4.46,train
data/real/asvspoof_2021_00698.wav,REAL,ASVspoof_2021,SPK_ASV_098,en,BONAFIDE,HUMAN,Studio / Clean,pcm_16k,16000,4.89,train
data/real/asvspoof_2021_00699.wav,REAL,ASVspoof_2021,SPK_ASV_099,en,BONAFIDE,HUMAN,Studio / Clean,pcm_16k,16000,4.08,test
data/real/asvspoof_2021_00700.wav,REAL,ASVspoof_2021,SPK_ASV_100,en,BONAFIDE,HUMAN,Studio / Clean,pcm_16k,16000,4.27,train
data/real/asvspoof_2021_00701.wav,REAL,ASVspoof_2021,SPK_ASV_101,en,BONAFIDE,HUMAN,Studio / Clean,pcm_16k,16000,4.44,train
data/real/asvspoof_2021_00702.wav,REAL,ASVspoof_2021,SPK_ASV_102,en,BONAFIDE,HUMAN,Studio / Clean,pcm_16k,16000,4.85,validation
data/real/asvspoof_2021_00703.wav,REAL,ASVspoof_2021,SPK_ASV_103,en,BONAFIDE,HUMAN,Studio / Clean,pcm_16k,16000,4.72,train
data/real/asvspoof_2021_00704.wav,REAL,ASVspoof_2021,SPK_ASV_104,en,BONAFIDE,HUMAN,Studio / Clean,pcm_16k,16000,3.51,train
data/real/asvspoof_2021_00705.wav,REAL,ASVspoof_2021,SPK_ASV_105,en,BONAFIDE,HUMAN,Studio / Clean,pcm_16k,16000,3.67,validation
data/real/asvspoof_2021_00706.wav,REAL,ASVspoof_2021,SPK_ASV_106,en,BONAFIDE,HUMAN,Studio / Clean,pcm_16k,16000,3.89,train
data/real/asvspoof_2021_00707.wav,REAL,ASVspoof_2021,SPK_ASV_107,en,BONAFIDE,HUMAN,Studio / Clean,pcm_16k,16000,4.6,train
data/real/asvspoof_2021_00708.wav,REAL,ASVspoof_2021,SPK_ASV_108,en,BONAFIDE,HUMAN,Studio / Clean,pcm_16k,16000,4.31,train
data/real/asvspoof_2021_00709.wav,REAL,ASVspoof_2021,SPK_ASV_109,en,BONAFIDE,HUMAN,Studio / Clean,pcm_16k,16000,3.86,train
data/real/asvspoof_2021_00710.wav,REAL,ASVspoof_2021,SPK_ASV_110,en,BONAFIDE,HUMAN,Studio / Clean,pcm_16k,16000,3.6,test
data/real/asvspoof_2021_00711.wav,REAL,ASVspoof_2021,SPK_ASV_111,en,BONAFIDE,HUMAN,Studio / Clean,pcm_16k,16000,4.5,validation
data/real/asvspoof_2021_00712.wav,REAL,ASVspoof_2021,SPK_ASV_112,en,BONAFIDE,HUMAN,Studio / Clean,pcm_16k,16000,4.52,train
data/real/asvspoof_2021_00713.wav,REAL,ASVspoof_2021,SPK_ASV_113,en,BONAFIDE,HUMAN,Studio / Clean,pcm_16k,16000,4.91,train
data/real/asvspoof_2021_00714.wav,REAL,ASVspoof_2021,SPK_ASV_114,en,BONAFIDE,HUMAN,Studio / Clean,pcm_16k,16000,4.2,train
data/real/asvspoof_2021_00715.wav,REAL,ASVspoof_2021,SPK_ASV_115,en,BONAFIDE,HUMAN,Studio / Clean,pcm_16k,16000,4.19,train
data/real/asvspoof_2021_00716.wav,REAL,ASVspoof_2021,SPK_ASV_116,en,BONAFIDE,HUMAN,Studio / Clean,pcm_16k,16000,3.53,train
data/real/asvspoof_2021_00717.wav,REAL,ASVspoof_2021,SPK_ASV_117,en,BONAFIDE,HUMAN,Studio / Clean,pcm_16k,16000,3.46,validation
data/real/asvspoof_2021_00718.wav,REAL,ASVspoof_2021,SPK_ASV_118,en,BONAFIDE,HUMAN,Studio / Clean,pcm_16k,16000,4.09,train
data/real/asvspoof_2021_00719.wav,REAL,ASVspoof_2021,SPK_ASV_119,en,BONAFIDE,HUMAN,Studio / Clean,pcm_16k,16000,3.92,train
data/real/asvspoof_2021_00720.wav,REAL,ASVspoof_2021,SPK_ASV_000,en,BONAFIDE,HUMAN,Studio / Clean,pcm_16k,16000,3.8,train
data/real/asvspoof_2021_00721.wav,REAL,ASVspoof_2021,SPK_ASV_001,en,BONAFIDE,HUMAN,Studio / Clean,pcm_16k,16000,3.55,train
data/real/asvspoof_2021_00722.wav,REAL,ASVspoof_2021,SPK_ASV_002,en,BONAFIDE,HUMAN,Studio / Clean,pcm_16k,16000,4.94,validation
data/real/asvspoof_2021_00723.wav,REAL,ASVspoof_2021,SPK_ASV_003,en,BONAFIDE,HUMAN,Studio / Clean,pcm_16k,16000,4.74,train
data/real/asvspoof_2021_00724.wav,REAL,ASVspoof_2021,SPK_ASV_004,en,BONAFIDE,HUMAN,Studio / Clean,pcm_16k,16000,4.32,train
data/real/asvspoof_2021_00725.wav,REAL,ASVspoof_2021,SPK_ASV_005,en,BONAFIDE,HUMAN,Studio / Clean,pcm_16k,16000,4.92,train
data/real/asvspoof_2021_00726.wav,REAL,ASVspoof_2021,SPK_ASV_006,en,BONAFIDE,HUMAN,Studio / Clean,pcm_16k,16000,5.0,train
data/real/asvspoof_2021_00727.wav,REAL,ASVspoof_2021,SPK_ASV_007,en,BONAFIDE,HUMAN,Studio / Clean,pcm_16k,16000,4.48,train
data/real/asvspoof_2021_00728.wav,REAL,ASVspoof_2021,SPK_ASV_008,en,BONAFIDE,HUMAN,Studio / Clean,pcm_16k,16000,3.83,train
data/real/asvspoof_2021_00729.wav,REAL,ASVspoof_2021,SPK_ASV_009,en,BONAFIDE,HUMAN,Studio / Clean,pcm_16k,16000,3.46,train
data/real/asvspoof_2021_00730.wav,REAL,ASVspoof_2021,SPK_ASV_010,en,BONAFIDE,HUMAN,Studio / Clean,pcm_16k,16000,4.61,validation
data/real/asvspoof_2021_00731.wav,REAL,ASVspoof_2021,SPK_ASV_011,en,BONAFIDE,HUMAN,Studio / Clean,pcm_16k,16000,4.15,train
data/real/asvspoof_2021_00732.wav,REAL,ASVspoof_2021,SPK_ASV_012,en,BONAFIDE,HUMAN,Studio / Clean,pcm_16k,16000,4.44,train
data/real/asvspoof_2021_00733.wav,REAL,ASVspoof_2021,SPK_ASV_013,en,BONAFIDE,HUMAN,Studio / Clean,pcm_16k,16000,4.87,validation
data/real/asvspoof_2021_00734.wav,REAL,ASVspoof_2021,SPK_ASV_014,en,BONAFIDE,HUMAN,Studio / Clean,pcm_16k,16000,3.69,train
data/real/asvspoof_2021_00735.wav,REAL,ASVspoof_2021,SPK_ASV_015,en,BONAFIDE,HUMAN,Studio / Clean,pcm_16k,16000,4.34,train
data/real/asvspoof_2021_00736.wav,REAL,ASVspoof_2021,SPK_ASV_016,en,BONAFIDE,HUMAN,Studio / Clean,pcm_16k,16000,4.42,train
data/real/asvspoof_2021_00737.wav,REAL,ASVspoof_2021,SPK_ASV_017,en,BONAFIDE,HUMAN,Studio / Clean,pcm_16k,16000,4.19,train
data/real/asvspoof_2021_00738.wav,REAL,ASVspoof_2021,SPK_ASV_018,en,BONAFIDE,HUMAN,Studio / Clean,pcm_16k,16000,3.55,train
data/real/asvspoof_2021_00739.wav,REAL,ASVspoof_2021,SPK_ASV_019,en,BONAFIDE,HUMAN,Studio / Clean,pcm_16k,16000,3.96,train
data/real/asvspoof_2021_00740.wav,REAL,ASVspoof_2021,SPK_ASV_020,en,BONAFIDE,HUMAN,Studio / Clean,pcm_16k,16000,3.93,train
data/real/asvspoof_2021_00741.wav,REAL,ASVspoof_2021,SPK_ASV_021,en,BONAFIDE,HUMAN,Studio / Clean,pcm_16k,16000,4.47,train
data/real/asvspoof_2021_00742.wav,REAL,ASVspoof_2021,SPK_ASV_022,en,BONAFIDE,HUMAN,Studio / Clean,pcm_16k,16000,4.77,train
data/real/asvspoof_2021_00743.wav,REAL,ASVspoof_2021,SPK_ASV_023,en,BONAFIDE,HUMAN,Studio / Clean,pcm_16k,16000,3.93,train
data/real/asvspoof_2021_00744.wav,REAL,ASVspoof_2021,SPK_ASV_024,en,BONAFIDE,HUMAN,Studio / Clean,pcm_16k,16000,4.51,test
data/real/asvspoof_2021_00745.wav,REAL,ASVspoof_2021,SPK_ASV_025,en,BONAFIDE,HUMAN,Studio / Clean,pcm_16k,16000,3.86,train
data/real/asvspoof_2021_00746.wav,REAL,ASVspoof_2021,SPK_ASV_026,en,BONAFIDE,HUMAN,Studio / Clean,pcm_16k,16000,4.91,train
data/real/asvspoof_2021_00747.wav,REAL,ASVspoof_2021,SPK_ASV_027,en,BONAFIDE,HUMAN,Studio / Clean,pcm_16k,16000,4.7,train
data/real/asvspoof_2021_00748.wav,REAL,ASVspoof_2021,SPK_ASV_028,en,BONAFIDE,HUMAN,Studio / Clean,pcm_16k,16000,4.28,train
data/real/asvspoof_2021_00749.wav,REAL,ASVspoof_2021,SPK_ASV_029,en,BONAFIDE,HUMAN,Studio / Clean,pcm_16k,16000,4.13,train
data/real/asvspoof_2021_00750.wav,REAL,ASVspoof_2021,SPK_ASV_030,en,BONAFIDE,HUMAN,Studio / Clean,pcm_16k,16000,3.9,train
data/real/asvspoof_2021_00751.wav,REAL,ASVspoof_2021,SPK_ASV_031,en,BONAFIDE,HUMAN,Studio / Clean,pcm_16k,16000,3.92,train
data/real/asvspoof_2021_00752.wav,REAL,ASVspoof_2021,SPK_ASV_032,en,BONAFIDE,HUMAN,Studio / Clean,pcm_16k,16000,4.95,test
data/real/asvspoof_2021_00753.wav,REAL,ASVspoof_2021,SPK_ASV_033,en,BONAFIDE,HUMAN,Studio / Clean,pcm_16k,16000,4.05,train
data/real/asvspoof_2021_00754.wav,REAL,ASVspoof_2021,SPK_ASV_034,en,BONAFIDE,HUMAN,Studio / Clean,pcm_16k,16000,4.22,validation
data/real/asvspoof_2021_00755.wav,REAL,ASVspoof_2021,SPK_ASV_035,en,BONAFIDE,HUMAN,Studio / Clean,pcm_16k,16000,4.98,train
data/real/asvspoof_2021_00756.wav,REAL,ASVspoof_2021,SPK_ASV_036,en,BONAFIDE,HUMAN,Studio / Clean,pcm_16k,16000,4.45,train
data/real/asvspoof_2021_00757.wav,REAL,ASVspoof_2021,SPK_ASV_037,en,BONAFIDE,HUMAN,Studio / Clean,pcm_16k,16000,4.27,train
data/real/asvspoof_2021_00758.wav,REAL,ASVspoof_2021,SPK_ASV_038,en,BONAFIDE,HUMAN,Studio / Clean,pcm_16k,16000,4.06,train
data/real/asvspoof_2021_00759.wav,REAL,ASVspoof_2021,SPK_ASV_039,en,BONAFIDE,HUMAN,Studio / Clean,pcm_16k,16000,3.7,train
data/real/asvspoof_2021_00760.wav,REAL,ASVspoof_2021,SPK_ASV_040,en,BONAFIDE,HUMAN,Studio / Clean,pcm_16k,16000,3.98,train
data/real/asvspoof_2021_00761.wav,REAL,ASVspoof_2021,SPK_ASV_041,en,BONAFIDE,HUMAN,Studio / Clean,pcm_16k,16000,4.61,train
data/real/asvspoof_2021_00762.wav,REAL,ASVspoof_2021,SPK_ASV_042,en,BONAFIDE,HUMAN,Studio / Clean,pcm_16k,16000,4.4,train
data/real/asvspoof_2021_00763.wav,REAL,ASVspoof_2021,SPK_ASV_043,en,BONAFIDE,HUMAN,Studio / Clean,pcm_16k,16000,4.62,validation
data/real/asvspoof_2021_00764.wav,REAL,ASVspoof_2021,SPK_ASV_044,en,BONAFIDE,HUMAN,Studio / Clean,pcm_16k,16000,3.73,test
data/real/asvspoof_2021_00765.wav,REAL,ASVspoof_2021,SPK_ASV_045,en,BONAFIDE,HUMAN,Studio / Clean,pcm_16k,16000,4.28,train
data/real/asvspoof_2021_00766.wav,REAL,ASVspoof_2021,SPK_ASV_046,en,BONAFIDE,HUMAN,Studio / Clean,pcm_16k,16000,4.88,train
data/real/asvspoof_2021_00767.wav,REAL,ASVspoof_2021,SPK_ASV_047,en,BONAFIDE,HUMAN,Studio / Clean,pcm_16k,16000,4.1,test
data/real/asvspoof_2021_00768.wav,REAL,ASVspoof_2021,SPK_ASV_048,en,BONAFIDE,HUMAN,Studio / Clean,pcm_16k,16000,4.52,validation
data/real/asvspoof_2021_00769.wav,REAL,ASVspoof_2021,SPK_ASV_049,en,BONAFIDE,HUMAN,Studio / Clean,pcm_16k,16000,3.59,test
data/real/asvspoof_2021_00770.wav,REAL,ASVspoof_2021,SPK_ASV_050,en,BONAFIDE,HUMAN,Studio / Clean,pcm_16k,16000,4.96,test
data/real/asvspoof_2021_00771.wav,REAL,ASVspoof_2021,SPK_ASV_051,en,BONAFIDE,HUMAN,Studio / Clean,pcm_16k,16000,4.37,test
data/real/asvspoof_2021_00772.wav,REAL,ASVspoof_2021,SPK_ASV_052,en,BONAFIDE,HUMAN,Studio / Clean,pcm_16k,16000,3.78,test
data/real/asvspoof_2021_00773.wav,REAL,ASVspoof_2021,SPK_ASV_053,en,BONAFIDE,HUMAN,Studio / Clean,pcm_16k,16000,3.65,test
data/real/asvspoof_2021_00774.wav,REAL,ASVspoof_2021,SPK_ASV_054,en,BONAFIDE,HUMAN,Studio / Clean,pcm_16k,16000,4.28,train
data/real/asvspoof_2021_00775.wav,REAL,ASVspoof_2021,SPK_ASV_055,en,BONAFIDE,HUMAN,Studio / Clean,pcm_16k,16000,4.28,train
data/real/asvspoof_2021_00776.wav,REAL,ASVspoof_2021,SPK_ASV_056,en,BONAFIDE,HUMAN,Studio / Clean,pcm_16k,16000,3.55,train
data/real/asvspoof_2021_00777.wav,REAL,ASVspoof_2021,SPK_ASV_057,en,BONAFIDE,HUMAN,Studio / Clean,pcm_16k,16000,4.99,test
data/real/asvspoof_2021_00778.wav,REAL,ASVspoof_2021,SPK_ASV_058,en,BONAFIDE,HUMAN,Studio / Clean,pcm_16k,16000,4.86,test
data/real/asvspoof_2021_00779.wav,REAL,ASVspoof_2021,SPK_ASV_059,en,BONAFIDE,HUMAN,Studio / Clean,pcm_16k,16000,4.14,train
data/real/asvspoof_2021_00780.wav,REAL,ASVspoof_2021,SPK_ASV_060,en,BONAFIDE,HUMAN,Studio / Clean,pcm_16k,16000,3.59,test
data/real/asvspoof_2021_00781.wav,REAL,ASVspoof_2021,SPK_ASV_061,en,BONAFIDE,HUMAN,Studio / Clean,pcm_16k,16000,4.73,train
data/real/asvspoof_2021_00782.wav,REAL,ASVspoof_2021,SPK_ASV_062,en,BONAFIDE,HUMAN,Studio / Clean,pcm_16k,16000,4.2,validation
data/real/asvspoof_2021_00783.wav,REAL,ASVspoof_2021,SPK_ASV_063,en,BONAFIDE,HUMAN,Studio / Clean,pcm_16k,16000,4.55,train
data/real/asvspoof_2021_00784.wav,REAL,ASVspoof_2021,SPK_ASV_064,en,BONAFIDE,HUMAN,Studio / Clean,pcm_16k,16000,4.21,train
data/real/asvspoof_2021_00785.wav,REAL,ASVspoof_2021,SPK_ASV_065,en,BONAFIDE,HUMAN,Studio / Clean,pcm_16k,16000,3.84,test
data/real/asvspoof_2021_00786.wav,REAL,ASVspoof_2021,SPK_ASV_066,en,BONAFIDE,HUMAN,Studio / Clean,pcm_16k,16000,4.74,test
data/real/asvspoof_2021_00787.wav,REAL,ASVspoof_2021,SPK_ASV_067,en,BONAFIDE,HUMAN,Studio / Clean,pcm_16k,16000,4.97,validation
data/real/asvspoof_2021_00788.wav,REAL,ASVspoof_2021,SPK_ASV_068,en,BONAFIDE,HUMAN,Studio / Clean,pcm_16k,16000,3.79,train
data/real/asvspoof_2021_00789.wav,REAL,ASVspoof_2021,SPK_ASV_069,en,BONAFIDE,HUMAN,Studio / Clean,pcm_16k,16000,4.28,test
data/real/asvspoof_2021_00790.wav,REAL,ASVspoof_2021,SPK_ASV_070,en,BONAFIDE,HUMAN,Studio / Clean,pcm_16k,16000,4.01,train
data/real/asvspoof_2021_00791.wav,REAL,ASVspoof_2021,SPK_ASV_071,en,BONAFIDE,HUMAN,Studio / Clean,pcm_16k,16000,4.87,train
data/real/asvspoof_2021_00792.wav,REAL,ASVspoof_2021,SPK_ASV_072,en,BONAFIDE,HUMAN,Studio / Clean,pcm_16k,16000,4.21,test
data/real/asvspoof_2021_00793.wav,REAL,ASVspoof_2021,SPK_ASV_073,en,BONAFIDE,HUMAN,Studio / Clean,pcm_16k,16000,4.81,train
data/real/asvspoof_2021_00794.wav,REAL,ASVspoof_2021,SPK_ASV_074,en,BONAFIDE,HUMAN,Studio / Clean,pcm_16k,16000,4.78,train
data/real/asvspoof_2021_00795.wav,REAL,ASVspoof_2021,SPK_ASV_075,en,BONAFIDE,HUMAN,Studio / Clean,pcm_16k,16000,3.84,train
data/real/asvspoof_2021_00796.wav,REAL,ASVspoof_2021,SPK_ASV_076,en,BONAFIDE,HUMAN,Studio / Clean,pcm_16k,16000,4.66,validation
data/real/asvspoof_2021_00797.wav,REAL,ASVspoof_2021,SPK_ASV_077,en,BONAFIDE,HUMAN,Studio / Clean,pcm_16k,16000,4.06,test
data/real/asvspoof_2021_00798.wav,REAL,ASVspoof_2021,SPK_ASV_078,en,BONAFIDE,HUMAN,Studio / Clean,pcm_16k,16000,4.89,train
data/real/asvspoof_2021_00799.wav,REAL,ASVspoof_2021,SPK_ASV_079,en,BONAFIDE,HUMAN,Studio / Clean,pcm_16k,16000,4.21,train
data/real/asvspoof_2021_00800.wav,REAL,ASVspoof_2021,SPK_ASV_080,en,BONAFIDE,HUMAN,Studio / Clean,pcm_16k,16000,4.71,train
data/real/asvspoof_2021_00801.wav,REAL,ASVspoof_2021,SPK_ASV_081,en,BONAFIDE,HUMAN,Studio / Clean,pcm_16k,16000,3.85,train
data/real/asvspoof_2021_00802.wav,REAL,ASVspoof_2021,SPK_ASV_082,en,BONAFIDE,HUMAN,Studio / Clean,pcm_16k,16000,3.88,train
data/real/asvspoof_2021_00803.wav,REAL,ASVspoof_2021,SPK_ASV_083,en,BONAFIDE,HUMAN,Studio / Clean,pcm_16k,16000,4.34,train
data/real/asvspoof_2021_00804.wav,REAL,ASVspoof_2021,SPK_ASV_084,en,BONAFIDE,HUMAN,Studio / Clean,pcm_16k,16000,5.0,train
data/real/asvspoof_2021_00805.wav,REAL,ASVspoof_2021,SPK_ASV_085,en,BONAFIDE,HUMAN,Studio / Clean,pcm_16k,16000,4.18,test
data/real/asvspoof_2021_00806.wav,REAL,ASVspoof_2021,SPK_ASV_086,en,BONAFIDE,HUMAN,Studio / Clean,pcm_16k,16000,3.64,train
data/real/asvspoof_2021_00807.wav,REAL,ASVspoof_2021,SPK_ASV_087,en,BONAFIDE,HUMAN,Studio / Clean,pcm_16k,16000,4.26,test
data/real/asvspoof_2021_00808.wav,REAL,ASVspoof_2021,SPK_ASV_088,en,BONAFIDE,HUMAN,Studio / Clean,pcm_16k,16000,3.95,train
data/real/asvspoof_2021_00809.wav,REAL,ASVspoof_2021,SPK_ASV_089,en,BONAFIDE,HUMAN,Studio / Clean,pcm_16k,16000,4.28,train
data/real/asvspoof_2021_00810.wav,REAL,ASVspoof_2021,SPK_ASV_090,en,BONAFIDE,HUMAN,Studio / Clean,pcm_16k,16000,4.27,validation
data/real/asvspoof_2021_00811.wav,REAL,ASVspoof_2021,SPK_ASV_091,en,BONAFIDE,HUMAN,Studio / Clean,pcm_16k,16000,4.13,train
data/real/asvspoof_2021_00812.wav,REAL,ASVspoof_2021,SPK_ASV_092,en,BONAFIDE,HUMAN,Studio / Clean,pcm_16k,16000,3.91,train
data/real/asvspoof_2021_00813.wav,REAL,ASVspoof_2021,SPK_ASV_093,en,BONAFIDE,HUMAN,Studio / Clean,pcm_16k,16000,3.7,validation
data/real/asvspoof_2021_00814.wav,REAL,ASVspoof_2021,SPK_ASV_094,en,BONAFIDE,HUMAN,Studio / Clean,pcm_16k,16000,4.52,train
data/real/asvspoof_2021_00815.wav,REAL,ASVspoof_2021,SPK_ASV_095,en,BONAFIDE,HUMAN,Studio / Clean,pcm_16k,16000,4.31,train
data/real/asvspoof_2021_00816.wav,REAL,ASVspoof_2021,SPK_ASV_096,en,BONAFIDE,HUMAN,Studio / Clean,pcm_16k,16000,3.77,train
data/real/asvspoof_2021_00817.wav,REAL,ASVspoof_2021,SPK_ASV_097,en,BONAFIDE,HUMAN,Studio / Clean,pcm_16k,16000,4.64,train
data/real/asvspoof_2021_00818.wav,REAL,ASVspoof_2021,SPK_ASV_098,en,BONAFIDE,HUMAN,Studio / Clean,pcm_16k,16000,3.47,train
data/real/asvspoof_2021_00819.wav,REAL,ASVspoof_2021,SPK_ASV_099,en,BONAFIDE,HUMAN,Studio / Clean,pcm_16k,16000,4.59,test
data/real/asvspoof_2021_00820.wav,REAL,ASVspoof_2021,SPK_ASV_100,en,BONAFIDE,HUMAN,Studio / Clean,pcm_16k,16000,4.53,train
data/real/asvspoof_2021_00821.wav,REAL,ASVspoof_2021,SPK_ASV_101,en,BONAFIDE,HUMAN,Studio / Clean,pcm_16k,16000,4.7,train
data/real/asvspoof_2021_00822.wav,REAL,ASVspoof_2021,SPK_ASV_102,en,BONAFIDE,HUMAN,Studio / Clean,pcm_16k,16000,4.02,validation
data/real/asvspoof_2021_00823.wav,REAL,ASVspoof_2021,SPK_ASV_103,en,BONAFIDE,HUMAN,Studio / Clean,pcm_16k,16000,4.46,train
data/real/asvspoof_2021_00824.wav,REAL,ASVspoof_2021,SPK_ASV_104,en,BONAFIDE,HUMAN,Studio / Clean,pcm_16k,16000,4.71,train
data/real/asvspoof_2021_00825.wav,REAL,ASVspoof_2021,SPK_ASV_105,en,BONAFIDE,HUMAN,Studio / Clean,pcm_16k,16000,4.97,validation
data/real/asvspoof_2021_00826.wav,REAL,ASVspoof_2021,SPK_ASV_106,en,BONAFIDE,HUMAN,Studio / Clean,pcm_16k,16000,4.19,train
data/real/asvspoof_2021_00827.wav,REAL,ASVspoof_2021,SPK_ASV_107,en,BONAFIDE,HUMAN,Studio / Clean,pcm_16k,16000,3.46,train
data/real/asvspoof_2021_00828.wav,REAL,ASVspoof_2021,SPK_ASV_108,en,BONAFIDE,HUMAN,Studio / Clean,pcm_16k,16000,4.2,train
data/real/asvspoof_2021_00829.wav,REAL,ASVspoof_2021,SPK_ASV_109,en,BONAFIDE,HUMAN,Studio / Clean,pcm_16k,16000,4.34,train
data/real/asvspoof_2021_00830.wav,REAL,ASVspoof_2021,SPK_ASV_110,en,BONAFIDE,HUMAN,Studio / Clean,pcm_16k,16000,4.79,test
data/real/asvspoof_2021_00831.wav,REAL,ASVspoof_2021,SPK_ASV_111,en,BONAFIDE,HUMAN,Studio / Clean,pcm_16k,16000,4.8,validation
data/real/asvspoof_2021_00832.wav,REAL,ASVspoof_2021,SPK_ASV_112,en,BONAFIDE,HUMAN,Studio / Clean,pcm_16k,16000,4.1,train
data/real/asvspoof_2021_00833.wav,REAL,ASVspoof_2021,SPK_ASV_113,en,BONAFIDE,HUMAN,Studio / Clean,pcm_16k,16000,4.24,train
data/real/asvspoof_2021_00834.wav,REAL,ASVspoof_2021,SPK_ASV_114,en,BONAFIDE,HUMAN,Studio / Clean,pcm_16k,16000,4.13,train
data/real/asvspoof_2021_00835.wav,REAL,ASVspoof_2021,SPK_ASV_115,en,BONAFIDE,HUMAN,Studio / Clean,pcm_16k,16000,4.56,train
data/real/asvspoof_2021_00836.wav,REAL,ASVspoof_2021,SPK_ASV_116,en,BONAFIDE,HUMAN,Studio / Clean,pcm_16k,16000,4.06,train
data/real/asvspoof_2021_00837.wav,REAL,ASVspoof_2021,SPK_ASV_117,en,BONAFIDE,HUMAN,Studio / Clean,pcm_16k,16000,4.45,validation
data/real/asvspoof_2021_00838.wav,REAL,ASVspoof_2021,SPK_ASV_118,en,BONAFIDE,HUMAN,Studio / Clean,pcm_16k,16000,3.65,train
data/real/asvspoof_2021_00839.wav,REAL,ASVspoof_2021,SPK_ASV_119,en,BONAFIDE,HUMAN,Studio / Clean,pcm_16k,16000,4.15,train
data/real/asvspoof_2021_00840.wav,REAL,ASVspoof_2021,SPK_ASV_000,en,BONAFIDE,HUMAN,Studio / Clean,pcm_16k,16000,4.95,train
data/real/asvspoof_2021_00841.wav,REAL,ASVspoof_2021,SPK_ASV_001,en,BONAFIDE,HUMAN,Studio / Clean,pcm_16k,16000,3.94,train
data/real/asvspoof_2021_00842.wav,REAL,ASVspoof_2021,SPK_ASV_002,en,BONAFIDE,HUMAN,Studio / Clean,pcm_16k,16000,4.51,validation
data/real/asvspoof_2021_00843.wav,REAL,ASVspoof_2021,SPK_ASV_003,en,BONAFIDE,HUMAN,Studio / Clean,pcm_16k,16000,4.44,train
data/real/asvspoof_2021_00844.wav,REAL,ASVspoof_2021,SPK_ASV_004,en,BONAFIDE,HUMAN,Studio / Clean,pcm_16k,16000,4.76,train
data/real/asvspoof_2021_00845.wav,REAL,ASVspoof_2021,SPK_ASV_005,en,BONAFIDE,HUMAN,Studio / Clean,pcm_16k,16000,4.76,train
data/real/asvspoof_2021_00846.wav,REAL,ASVspoof_2021,SPK_ASV_006,en,BONAFIDE,HUMAN,Studio / Clean,pcm_16k,16000,4.77,train
data/real/asvspoof_2021_00847.wav,REAL,ASVspoof_2021,SPK_ASV_007,en,BONAFIDE,HUMAN,Studio / Clean,pcm_16k,16000,4.01,train
data/real/asvspoof_2021_00848.wav,REAL,ASVspoof_2021,SPK_ASV_008,en,BONAFIDE,HUMAN,Studio / Clean,pcm_16k,16000,3.91,train
data/real/asvspoof_2021_00849.wav,REAL,ASVspoof_2021,SPK_ASV_009,en,BONAFIDE,HUMAN,Studio / Clean,pcm_16k,16000,4.55,train
data/real/asvspoof_2021_00850.wav,REAL,ASVspoof_2021,SPK_ASV_010,en,BONAFIDE,HUMAN,Studio / Clean,pcm_16k,16000,4.62,validation
data/real/asvspoof_2021_00851.wav,REAL,ASVspoof_2021,SPK_ASV_011,en,BONAFIDE,HUMAN,Studio / Clean,pcm_16k,16000,4.8,train
data/real/asvspoof_2021_00852.wav,REAL,ASVspoof_2021,SPK_ASV_012,en,BONAFIDE,HUMAN,Studio / Clean,pcm_16k,16000,3.46,train
data/real/asvspoof_2021_00853.wav,REAL,ASVspoof_2021,SPK_ASV_013,en,BONAFIDE,HUMAN,Studio / Clean,pcm_16k,16000,3.51,validation
data/real/asvspoof_2021_00854.wav,REAL,ASVspoof_2021,SPK_ASV_014,en,BONAFIDE,HUMAN,Studio / Clean,pcm_16k,16000,4.41,train
data/real/asvspoof_2021_00855.wav,REAL,ASVspoof_2021,SPK_ASV_015,en,BONAFIDE,HUMAN,Studio / Clean,pcm_16k,16000,4.87,train
data/real/asvspoof_2021_00856.wav,REAL,ASVspoof_2021,SPK_ASV_016,en,BONAFIDE,HUMAN,Studio / Clean,pcm_16k,16000,5.0,train
data/real/asvspoof_2021_00857.wav,REAL,ASVspoof_2021,SPK_ASV_017,en,BONAFIDE,HUMAN,Studio / Clean,pcm_16k,16000,4.59,train
data/real/asvspoof_2021_00858.wav,REAL,ASVspoof_2021,SPK_ASV_018,en,BONAFIDE,HUMAN,Studio / Clean,pcm_16k,16000,4.09,train
data/real/asvspoof_2021_00859.wav,REAL,ASVspoof_2021,SPK_ASV_019,en,BONAFIDE,HUMAN,Studio / Clean,pcm_16k,16000,3.56,train
data/real/asvspoof_2021_00860.wav,REAL,ASVspoof_2021,SPK_ASV_020,en,BONAFIDE,HUMAN,Studio / Clean,pcm_16k,16000,4.41,train
data/real/asvspoof_2021_00861.wav,REAL,ASVspoof_2021,SPK_ASV_021,en,BONAFIDE,HUMAN,Studio / Clean,pcm_16k,16000,4.8,train
data/real/asvspoof_2021_00862.wav,REAL,ASVspoof_2021,SPK_ASV_022,en,BONAFIDE,HUMAN,Studio / Clean,pcm_16k,16000,4.11,train
data/real/asvspoof_2021_00863.wav,REAL,ASVspoof_2021,SPK_ASV_023,en,BONAFIDE,HUMAN,Studio / Clean,pcm_16k,16000,4.51,train
data/real/asvspoof_2021_00864.wav,REAL,ASVspoof_2021,SPK_ASV_024,en,BONAFIDE,HUMAN,Studio / Clean,pcm_16k,16000,4.85,test
data/real/asvspoof_2021_00865.wav,REAL,ASVspoof_2021,SPK_ASV_025,en,BONAFIDE,HUMAN,Studio / Clean,pcm_16k,16000,3.47,train
data/real/asvspoof_2021_00866.wav,REAL,ASVspoof_2021,SPK_ASV_026,en,BONAFIDE,HUMAN,Studio / Clean,pcm_16k,16000,4.67,train
data/real/asvspoof_2021_00867.wav,REAL,ASVspoof_2021,SPK_ASV_027,en,BONAFIDE,HUMAN,Studio / Clean,pcm_16k,16000,3.87,train
data/real/asvspoof_2021_00868.wav,REAL,ASVspoof_2021,SPK_ASV_028,en,BONAFIDE,HUMAN,Studio / Clean,pcm_16k,16000,4.0,train
data/real/asvspoof_2021_00869.wav,REAL,ASVspoof_2021,SPK_ASV_029,en,BONAFIDE,HUMAN,Studio / Clean,pcm_16k,16000,3.63,train
data/real/asvspoof_2021_00870.wav,REAL,ASVspoof_2021,SPK_ASV_030,en,BONAFIDE,HUMAN,Studio / Clean,pcm_16k,16000,4.25,train
data/real/asvspoof_2021_00871.wav,REAL,ASVspoof_2021,SPK_ASV_031,en,BONAFIDE,HUMAN,Studio / Clean,pcm_16k,16000,4.31,train
data/real/asvspoof_2021_00872.wav,REAL,ASVspoof_2021,SPK_ASV_032,en,BONAFIDE,HUMAN,Studio / Clean,pcm_16k,16000,4.67,test
data/real/asvspoof_2021_00873.wav,REAL,ASVspoof_2021,SPK_ASV_033,en,BONAFIDE,HUMAN,Studio / Clean,pcm_16k,16000,3.67,train
data/real/asvspoof_2021_00874.wav,REAL,ASVspoof_2021,SPK_ASV_034,en,BONAFIDE,HUMAN,Studio / Clean,pcm_16k,16000,3.53,validation
data/real/asvspoof_2021_00875.wav,REAL,ASVspoof_2021,SPK_ASV_035,en,BONAFIDE,HUMAN,Studio / Clean,pcm_16k,16000,4.79,train
data/real/asvspoof_2021_00876.wav,REAL,ASVspoof_2021,SPK_ASV_036,en,BONAFIDE,HUMAN,Studio / Clean,pcm_16k,16000,4.39,train
data/real/asvspoof_2021_00877.wav,REAL,ASVspoof_2021,SPK_ASV_037,en,BONAFIDE,HUMAN,Studio / Clean,pcm_16k,16000,3.79,train
data/real/asvspoof_2021_00878.wav,REAL,ASVspoof_2021,SPK_ASV_038,en,BONAFIDE,HUMAN,Studio / Clean,pcm_16k,16000,4.86,train
data/real/asvspoof_2021_00879.wav,REAL,ASVspoof_2021,SPK_ASV_039,en,BONAFIDE,HUMAN,Studio / Clean,pcm_16k,16000,3.63,train
data/real/asvspoof_2021_00880.wav,REAL,ASVspoof_2021,SPK_ASV_040,en,BONAFIDE,HUMAN,Studio / Clean,pcm_16k,16000,4.14,train
data/real/asvspoof_2021_00881.wav,REAL,ASVspoof_2021,SPK_ASV_041,en,BONAFIDE,HUMAN,Studio / Clean,pcm_16k,16000,3.81,train
data/real/asvspoof_2021_00882.wav,REAL,ASVspoof_2021,SPK_ASV_042,en,BONAFIDE,HUMAN,Studio / Clean,pcm_16k,16000,3.81,train
data/real/asvspoof_2021_00883.wav,REAL,ASVspoof_2021,SPK_ASV_043,en,BONAFIDE,HUMAN,Studio / Clean,pcm_16k,16000,3.42,validation
data/real/asvspoof_2021_00884.wav,REAL,ASVspoof_2021,SPK_ASV_044,en,BONAFIDE,HUMAN,Studio / Clean,pcm_16k,16000,4.69,test
data/real/asvspoof_2021_00885.wav,REAL,ASVspoof_2021,SPK_ASV_045,en,BONAFIDE,HUMAN,Studio / Clean,pcm_16k,16000,4.84,train
data/real/asvspoof_2021_00886.wav,REAL,ASVspoof_2021,SPK_ASV_046,en,BONAFIDE,HUMAN,Studio / Clean,pcm_16k,16000,4.48,train
data/real/asvspoof_2021_00887.wav,REAL,ASVspoof_2021,SPK_ASV_047,en,BONAFIDE,HUMAN,Studio / Clean,pcm_16k,16000,3.65,test
data/real/asvspoof_2021_00888.wav,REAL,ASVspoof_2021,SPK_ASV_048,en,BONAFIDE,HUMAN,Studio / Clean,pcm_16k,16000,4.11,validation
data/real/asvspoof_2021_00889.wav,REAL,ASVspoof_2021,SPK_ASV_049,en,BONAFIDE,HUMAN,Studio / Clean,pcm_16k,16000,3.95,test
data/real/asvspoof_2021_00890.wav,REAL,ASVspoof_2021,SPK_ASV_050,en,BONAFIDE,HUMAN,Studio / Clean,pcm_16k,16000,4.34,test
data/real/asvspoof_2021_00891.wav,REAL,ASVspoof_2021,SPK_ASV_051,en,BONAFIDE,HUMAN,Studio / Clean,pcm_16k,16000,4.42,test
data/real/asvspoof_2021_00892.wav,REAL,ASVspoof_2021,SPK_ASV_052,en,BONAFIDE,HUMAN,Studio / Clean,pcm_16k,16000,4.08,test
data/real/asvspoof_2021_00893.wav,REAL,ASVspoof_2021,SPK_ASV_053,en,BONAFIDE,HUMAN,Studio / Clean,pcm_16k,16000,3.8,test
data/real/asvspoof_2021_00894.wav,REAL,ASVspoof_2021,SPK_ASV_054,en,BONAFIDE,HUMAN,Studio / Clean,pcm_16k,16000,4.75,train
data/real/asvspoof_2021_00895.wav,REAL,ASVspoof_2021,SPK_ASV_055,en,BONAFIDE,HUMAN,Studio / Clean,pcm_16k,16000,3.72,train
data/real/asvspoof_2021_00896.wav,REAL,ASVspoof_2021,SPK_ASV_056,en,BONAFIDE,HUMAN,Studio / Clean,pcm_16k,16000,4.02,train
data/real/asvspoof_2021_00897.wav,REAL,ASVspoof_2021,SPK_ASV_057,en,BONAFIDE,HUMAN,Studio / Clean,pcm_16k,16000,4.17,test
data/real/asvspoof_2021_00898.wav,REAL,ASVspoof_2021,SPK_ASV_058,en,BONAFIDE,HUMAN,Studio / Clean,pcm_16k,16000,3.78,test
data/real/asvspoof_2021_00899.wav,REAL,ASVspoof_2021,SPK_ASV_059,en,BONAFIDE,HUMAN,Studio / Clean,pcm_16k,16000,4.32,train
data/real/asvspoof_2021_00900.wav,REAL,ASVspoof_2021,SPK_ASV_060,en,BONAFIDE,HUMAN,Studio / Clean,pcm_16k,16000,4.32,test
data/real/asvspoof_2021_00901.wav,REAL,ASVspoof_2021,SPK_ASV_061,en,BONAFIDE,HUMAN,Studio / Clean,pcm_16k,16000,4.99,train
data/real/asvspoof_2021_00902.wav,REAL,ASVspoof_2021,SPK_ASV_062,en,BONAFIDE,HUMAN,Studio / Clean,pcm_16k,16000,3.87,validation
data/real/asvspoof_2021_00903.wav,REAL,ASVspoof_2021,SPK_ASV_063,en,BONAFIDE,HUMAN,Studio / Clean,pcm_16k,16000,4.96,train
data/real/asvspoof_2021_00904.wav,REAL,ASVspoof_2021,SPK_ASV_064,en,BONAFIDE,HUMAN,Studio / Clean,pcm_16k,16000,4.45,train
data/real/asvspoof_2021_00905.wav,REAL,ASVspoof_2021,SPK_ASV_065,en,BONAFIDE,HUMAN,Studio / Clean,pcm_16k,16000,3.84,test
data/real/asvspoof_2021_00906.wav,REAL,ASVspoof_2021,SPK_ASV_066,en,BONAFIDE,HUMAN,Studio / Clean,pcm_16k,16000,4.31,test
data/real/asvspoof_2021_00907.wav,REAL,ASVspoof_2021,SPK_ASV_067,en,BONAFIDE,HUMAN,Studio / Clean,pcm_16k,16000,4.5,validation
data/real/asvspoof_2021_00908.wav,REAL,ASVspoof_2021,SPK_ASV_068,en,BONAFIDE,HUMAN,Studio / Clean,pcm_16k,16000,4.59,train
data/real/asvspoof_2021_00909.wav,REAL,ASVspoof_2021,SPK_ASV_069,en,BONAFIDE,HUMAN,Studio / Clean,pcm_16k,16000,3.48,test
data/real/asvspoof_2021_00910.wav,REAL,ASVspoof_2021,SPK_ASV_070,en,BONAFIDE,HUMAN,Studio / Clean,pcm_16k,16000,4.37,train
data/real/asvspoof_2021_00911.wav,REAL,ASVspoof_2021,SPK_ASV_071,en,BONAFIDE,HUMAN,Studio / Clean,pcm_16k,16000,4.19,train
data/real/asvspoof_2021_00912.wav,REAL,ASVspoof_2021,SPK_ASV_072,en,BONAFIDE,HUMAN,Studio / Clean,pcm_16k,16000,4.85,test
data/real/asvspoof_2021_00913.wav,REAL,ASVspoof_2021,SPK_ASV_073,en,BONAFIDE,HUMAN,Studio / Clean,pcm_16k,16000,3.86,train
data/real/asvspoof_2021_00914.wav,REAL,ASVspoof_2021,SPK_ASV_074,en,BONAFIDE,HUMAN,Studio / Clean,pcm_16k,16000,4.68,train
data/real/asvspoof_2021_00915.wav,REAL,ASVspoof_2021,SPK_ASV_075,en,BONAFIDE,HUMAN,Studio / Clean,pcm_16k,16000,4.37,train
data/real/asvspoof_2021_00916.wav,REAL,ASVspoof_2021,SPK_ASV_076,en,BONAFIDE,HUMAN,Studio / Clean,pcm_16k,16000,3.96,validation
data/real/asvspoof_2021_00917.wav,REAL,ASVspoof_2021,SPK_ASV_077,en,BONAFIDE,HUMAN,Studio / Clean,pcm_16k,16000,4.42,test
data/real/asvspoof_2021_00918.wav,REAL,ASVspoof_2021,SPK_ASV_078,en,BONAFIDE,HUMAN,Studio / Clean,pcm_16k,16000,4.39,train
data/real/asvspoof_2021_00919.wav,REAL,ASVspoof_2021,SPK_ASV_079,en,BONAFIDE,HUMAN,Studio / Clean,pcm_16k,16000,4.48,train
data/real/asvspoof_2021_00920.wav,REAL,ASVspoof_2021,SPK_ASV_080,en,BONAFIDE,HUMAN,Studio / Clean,pcm_16k,16000,4.55,train
data/real/asvspoof_2021_00921.wav,REAL,ASVspoof_2021,SPK_ASV_081,en,BONAFIDE,HUMAN,Studio / Clean,pcm_16k,16000,4.45,train
data/real/asvspoof_2021_00922.wav,REAL,ASVspoof_2021,SPK_ASV_082,en,BONAFIDE,HUMAN,Studio / Clean,pcm_16k,16000,4.74,train
data/real/asvspoof_2021_00923.wav,REAL,ASVspoof_2021,SPK_ASV_083,en,BONAFIDE,HUMAN,Studio / Clean,pcm_16k,16000,4.41,train
data/real/asvspoof_2021_00924.wav,REAL,ASVspoof_2021,SPK_ASV_084,en,BONAFIDE,HUMAN,Studio / Clean,pcm_16k,16000,4.85,train
data/real/asvspoof_2021_00925.wav,REAL,ASVspoof_2021,SPK_ASV_085,en,BONAFIDE,HUMAN,Studio / Clean,pcm_16k,16000,4.43,test
data/real/asvspoof_2021_00926.wav,REAL,ASVspoof_2021,SPK_ASV_086,en,BONAFIDE,HUMAN,Studio / Clean,pcm_16k,16000,3.89,train
data/real/asvspoof_2021_00927.wav,REAL,ASVspoof_2021,SPK_ASV_087,en,BONAFIDE,HUMAN,Studio / Clean,pcm_16k,16000,4.11,test
data/real/asvspoof_2021_00928.wav,REAL,ASVspoof_2021,SPK_ASV_088,en,BONAFIDE,HUMAN,Studio / Clean,pcm_16k,16000,4.33,train
data/real/asvspoof_2021_00929.wav,REAL,ASVspoof_2021,SPK_ASV_089,en,BONAFIDE,HUMAN,Studio / Clean,pcm_16k,16000,4.57,train
data/real/asvspoof_2021_00930.wav,REAL,ASVspoof_2021,SPK_ASV_090,en,BONAFIDE,HUMAN,Studio / Clean,pcm_16k,16000,3.54,validation
data/real/asvspoof_2021_00931.wav,REAL,ASVspoof_2021,SPK_ASV_091,en,BONAFIDE,HUMAN,Studio / Clean,pcm_16k,16000,3.87,train
data/real/asvspoof_2021_00932.wav,REAL,ASVspoof_2021,SPK_ASV_092,en,BONAFIDE,HUMAN,Studio / Clean,pcm_16k,16000,4.6,train
data/real/asvspoof_2021_00933.wav,REAL,ASVspoof_2021,SPK_ASV_093,en,BONAFIDE,HUMAN,Studio / Clean,pcm_16k,16000,3.68,validation
data/real/asvspoof_2021_00934.wav,REAL,ASVspoof_2021,SPK_ASV_094,en,BONAFIDE,HUMAN,Studio / Clean,pcm_16k,16000,3.61,train
data/real/asvspoof_2021_00935.wav,REAL,ASVspoof_2021,SPK_ASV_095,en,BONAFIDE,HUMAN,Studio / Clean,pcm_16k,16000,4.26,train
data/real/asvspoof_2021_00936.wav,REAL,ASVspoof_2021,SPK_ASV_096,en,BONAFIDE,HUMAN,Studio / Clean,pcm_16k,16000,4.95,train
data/real/asvspoof_2021_00937.wav,REAL,ASVspoof_2021,SPK_ASV_097,en,BONAFIDE,HUMAN,Studio / Clean,pcm_16k,16000,4.25,train
data/real/asvspoof_2021_00938.wav,REAL,ASVspoof_2021,SPK_ASV_098,en,BONAFIDE,HUMAN,Studio / Clean,pcm_16k,16000,4.86,train
data/real/asvspoof_2021_00939.wav,REAL,ASVspoof_2021,SPK_ASV_099,en,BONAFIDE,HUMAN,Studio / Clean,pcm_16k,16000,4.73,test
data/real/asvspoof_2021_00940.wav,REAL,ASVspoof_2021,SPK_ASV_100,en,BONAFIDE,HUMAN,Studio / Clean,pcm_16k,16000,3.81,train
data/real/asvspoof_2021_00941.wav,REAL,ASVspoof_2021,SPK_ASV_101,en,BONAFIDE,HUMAN,Studio / Clean,pcm_16k,16000,4.72,train
data/real/asvspoof_2021_00942.wav,REAL,ASVspoof_2021,SPK_ASV_102,en,BONAFIDE,HUMAN,Studio / Clean,pcm_16k,16000,4.17,validation
data/real/asvspoof_2021_00943.wav,REAL,ASVspoof_2021,SPK_ASV_103,en,BONAFIDE,HUMAN,Studio / Clean,pcm_16k,16000,4.69,train
data/real/asvspoof_2021_00944.wav,REAL,ASVspoof_2021,SPK_ASV_104,en,BONAFIDE,HUMAN,Studio / Clean,pcm_16k,16000,4.59,train
data/real/asvspoof_2021_00945.wav,REAL,ASVspoof_2021,SPK_ASV_105,en,BONAFIDE,HUMAN,Studio / Clean,pcm_16k,16000,3.94,validation
data/real/asvspoof_2021_00946.wav,REAL,ASVspoof_2021,SPK_ASV_106,en,BONAFIDE,HUMAN,Studio / Clean,pcm_16k,16000,3.58,train
data/real/asvspoof_2021_00947.wav,REAL,ASVspoof_2021,SPK_ASV_107,en,BONAFIDE,HUMAN,Studio / Clean,pcm_16k,16000,4.94,train
data/real/asvspoof_2021_00948.wav,REAL,ASVspoof_2021,SPK_ASV_108,en,BONAFIDE,HUMAN,Studio / Clean,pcm_16k,16000,3.63,train
data/real/asvspoof_2021_00949.wav,REAL,ASVspoof_2021,SPK_ASV_109,en,BONAFIDE,HUMAN,Studio / Clean,pcm_16k,16000,4.95,train
data/real/asvspoof_2021_00950.wav,REAL,ASVspoof_2021,SPK_ASV_110,en,BONAFIDE,HUMAN,Studio / Clean,pcm_16k,16000,4.78,test
data/real/asvspoof_2021_00951.wav,REAL,ASVspoof_2021,SPK_ASV_111,en,BONAFIDE,HUMAN,Studio / Clean,pcm_16k,16000,4.56,validation
data/real/asvspoof_2021_00952.wav,REAL,ASVspoof_2021,SPK_ASV_112,en,BONAFIDE,HUMAN,Studio / Clean,pcm_16k,16000,4.97,train
data/real/asvspoof_2021_00953.wav,REAL,ASVspoof_2021,SPK_ASV_113,en,BONAFIDE,HUMAN,Studio / Clean,pcm_16k,16000,4.95,train
data/real/asvspoof_2021_00954.wav,REAL,ASVspoof_2021,SPK_ASV_114,en,BONAFIDE,HUMAN,Studio / Clean,pcm_16k,16000,4.69,train
data/real/asvspoof_2021_00955.wav,REAL,ASVspoof_2021,SPK_ASV_115,en,BONAFIDE,HUMAN,Studio / Clean,pcm_16k,16000,3.99,train
data/real/asvspoof_2021_00956.wav,REAL,ASVspoof_2021,SPK_ASV_116,en,BONAFIDE,HUMAN,Studio / Clean,pcm_16k,16000,4.67,train
data/real/asvspoof_2021_00957.wav,REAL,ASVspoof_2021,SPK_ASV_117,en,BONAFIDE,HUMAN,Studio / Clean,pcm_16k,16000,3.42,validation
data/real/asvspoof_2021_00958.wav,REAL,ASVspoof_2021,SPK_ASV_118,en,BONAFIDE,HUMAN,Studio / Clean,pcm_16k,16000,4.26,train
data/real/asvspoof_2021_00959.wav,REAL,ASVspoof_2021,SPK_ASV_119,en,BONAFIDE,HUMAN,Studio / Clean,pcm_16k,16000,4.13,train
data/real/asvspoof_2021_00960.wav,REAL,ASVspoof_2021,SPK_ASV_000,en,BONAFIDE,HUMAN,Studio / Clean,pcm_16k,16000,4.48,train
data/real/asvspoof_2021_00961.wav,REAL,ASVspoof_2021,SPK_ASV_001,en,BONAFIDE,HUMAN,Studio / Clean,pcm_16k,16000,4.48,train
data/real/asvspoof_2021_00962.wav,REAL,ASVspoof_2021,SPK_ASV_002,en,BONAFIDE,HUMAN,Studio / Clean,pcm_16k,16000,4.34,validation
data/real/asvspoof_2021_00963.wav,REAL,ASVspoof_2021,SPK_ASV_003,en,BONAFIDE,HUMAN,Studio / Clean,pcm_16k,16000,4.72,train
data/real/asvspoof_2021_00964.wav,REAL,ASVspoof_2021,SPK_ASV_004,en,BONAFIDE,HUMAN,Studio / Clean,pcm_16k,16000,4.9,train
data/real/asvspoof_2021_00965.wav,REAL,ASVspoof_2021,SPK_ASV_005,en,BONAFIDE,HUMAN,Studio / Clean,pcm_16k,16000,3.57,train
data/real/asvspoof_2021_00966.wav,REAL,ASVspoof_2021,SPK_ASV_006,en,BONAFIDE,HUMAN,Studio / Clean,pcm_16k,16000,3.77,train
data/real/asvspoof_2021_00967.wav,REAL,ASVspoof_2021,SPK_ASV_007,en,BONAFIDE,HUMAN,Studio / Clean,pcm_16k,16000,3.44,train
data/real/asvspoof_2021_00968.wav,REAL,ASVspoof_2021,SPK_ASV_008,en,BONAFIDE,HUMAN,Studio / Clean,pcm_16k,16000,4.81,train
data/real/asvspoof_2021_00969.wav,REAL,ASVspoof_2021,SPK_ASV_009,en,BONAFIDE,HUMAN,Studio / Clean,pcm_16k,16000,4.3,train
data/real/asvspoof_2021_00970.wav,REAL,ASVspoof_2021,SPK_ASV_010,en,BONAFIDE,HUMAN,Studio / Clean,pcm_16k,16000,4.86,validation
data/real/asvspoof_2021_00971.wav,REAL,ASVspoof_2021,SPK_ASV_011,en,BONAFIDE,HUMAN,Studio / Clean,pcm_16k,16000,3.75,train
data/real/asvspoof_2021_00972.wav,REAL,ASVspoof_2021,SPK_ASV_012,en,BONAFIDE,HUMAN,Studio / Clean,pcm_16k,16000,3.5,train
data/real/asvspoof_2021_00973.wav,REAL,ASVspoof_2021,SPK_ASV_013,en,BONAFIDE,HUMAN,Studio / Clean,pcm_16k,16000,4.72,validation
data/real/asvspoof_2021_00974.wav,REAL,ASVspoof_2021,SPK_ASV_014,en,BONAFIDE,HUMAN,Studio / Clean,pcm_16k,16000,4.86,train
data/real/asvspoof_2021_00975.wav,REAL,ASVspoof_2021,SPK_ASV_015,en,BONAFIDE,HUMAN,Studio / Clean,pcm_16k,16000,3.88,train
data/real/asvspoof_2021_00976.wav,REAL,ASVspoof_2021,SPK_ASV_016,en,BONAFIDE,HUMAN,Studio / Clean,pcm_16k,16000,4.05,train
data/real/asvspoof_2021_00977.wav,REAL,ASVspoof_2021,SPK_ASV_017,en,BONAFIDE,HUMAN,Studio / Clean,pcm_16k,16000,3.62,train
data/real/asvspoof_2021_00978.wav,REAL,ASVspoof_2021,SPK_ASV_018,en,BONAFIDE,HUMAN,Studio / Clean,pcm_16k,16000,4.91,train
data/real/asvspoof_2021_00979.wav,REAL,ASVspoof_2021,SPK_ASV_019,en,BONAFIDE,HUMAN,Studio / Clean,pcm_16k,16000,3.89,train
data/real/asvspoof_2021_00980.wav,REAL,ASVspoof_2021,SPK_ASV_020,en,BONAFIDE,HUMAN,Studio / Clean,pcm_16k,16000,4.19,train
data/real/asvspoof_2021_00981.wav,REAL,ASVspoof_2021,SPK_ASV_021,en,BONAFIDE,HUMAN,Studio / Clean,pcm_16k,16000,3.56,train
data/real/asvspoof_2021_00982.wav,REAL,ASVspoof_2021,SPK_ASV_022,en,BONAFIDE,HUMAN,Studio / Clean,pcm_16k,16000,4.82,train
data/real/asvspoof_2021_00983.wav,REAL,ASVspoof_2021,SPK_ASV_023,en,BONAFIDE,HUMAN,Studio / Clean,pcm_16k,16000,3.62,train
data/real/asvspoof_2021_00984.wav,REAL,ASVspoof_2021,SPK_ASV_024,en,BONAFIDE,HUMAN,Studio / Clean,pcm_16k,16000,4.13,test
data/real/asvspoof_2021_00985.wav,REAL,ASVspoof_2021,SPK_ASV_025,en,BONAFIDE,HUMAN,Studio / Clean,pcm_16k,16000,4.47,train
data/real/asvspoof_2021_00986.wav,REAL,ASVspoof_2021,SPK_ASV_026,en,BONAFIDE,HUMAN,Studio / Clean,pcm_16k,16000,4.59,train
data/real/asvspoof_2021_00987.wav,REAL,ASVspoof_2021,SPK_ASV_027,en,BONAFIDE,HUMAN,Studio / Clean,pcm_16k,16000,4.91,train
data/real/asvspoof_2021_00988.wav,REAL,ASVspoof_2021,SPK_ASV_028,en,BONAFIDE,HUMAN,Studio / Clean,pcm_16k,16000,4.07,train
data/real/asvspoof_2021_00989.wav,REAL,ASVspoof_2021,SPK_ASV_029,en,BONAFIDE,HUMAN,Studio / Clean,pcm_16k,16000,4.59,train
data/real/asvspoof_2021_00990.wav,REAL,ASVspoof_2021,SPK_ASV_030,en,BONAFIDE,HUMAN,Studio / Clean,pcm_16k,16000,3.65,train
data/real/asvspoof_2021_00991.wav,REAL,ASVspoof_2021,SPK_ASV_031,en,BONAFIDE,HUMAN,Studio / Clean,pcm_16k,16000,4.06,train
data/real/asvspoof_2021_00992.wav,REAL,ASVspoof_2021,SPK_ASV_032,en,BONAFIDE,HUMAN,Studio / Clean,pcm_16k,16000,3.56,test
data/real/asvspoof_2021_00993.wav,REAL,ASVspoof_2021,SPK_ASV_033,en,BONAFIDE,HUMAN,Studio / Clean,pcm_16k,16000,4.18,train
data/real/asvspoof_2021_00994.wav,REAL,ASVspoof_2021,SPK_ASV_034,en,BONAFIDE,HUMAN,Studio / Clean,pcm_16k,16000,4.05,validation
data/real/asvspoof_2021_00995.wav,REAL,ASVspoof_2021,SPK_ASV_035,en,BONAFIDE,HUMAN,Studio / Clean,pcm_16k,16000,4.92,train
data/real/asvspoof_2021_00996.wav,REAL,ASVspoof_2021,SPK_ASV_036,en,BONAFIDE,HUMAN,Studio / Clean,pcm_16k,16000,3.45,train
data/real/asvspoof_2021_00997.wav,REAL,ASVspoof_2021,SPK_ASV_037,en,BONAFIDE,HUMAN,Studio / Clean,pcm_16k,16000,3.99,train
data/real/asvspoof_2021_00998.wav,REAL,ASVspoof_2021,SPK_ASV_038,en,BONAFIDE,HUMAN,Studio / Clean,pcm_16k,16000,4.11,train
data/real/asvspoof_2021_00999.wav,REAL,ASVspoof_2021,SPK_ASV_039,en,BONAFIDE,HUMAN,Studio / Clean,pcm_16k,16000,4.92,train
data/real/asvspoof_2021_01000.wav,REAL,ASVspoof_2021,SPK_ASV_040,en,BONAFIDE,HUMAN,Studio / Clean,pcm_16k,16000,4.77,train
data/real/asvspoof_2021_01001.wav,REAL,ASVspoof_2021,SPK_ASV_041,en,BONAFIDE,HUMAN,Studio / Clean,pcm_16k,16000,3.56,train
data/real/asvspoof_2021_01002.wav,REAL,ASVspoof_2021,SPK_ASV_042,en,BONAFIDE,HUMAN,Studio / Clean,pcm_16k,16000,4.5,train
data/real/asvspoof_2021_01003.wav,REAL,ASVspoof_2021,SPK_ASV_043,en,BONAFIDE,HUMAN,Studio / Clean,pcm_16k,16000,4.27,validation
data/real/asvspoof_2021_01004.wav,REAL,ASVspoof_2021,SPK_ASV_044,en,BONAFIDE,HUMAN,Studio / Clean,pcm_16k,16000,4.96,test
data/real/asvspoof_2021_01005.wav,REAL,ASVspoof_2021,SPK_ASV_045,en,BONAFIDE,HUMAN,Studio / Clean,pcm_16k,16000,3.97,train
data/real/asvspoof_2021_01006.wav,REAL,ASVspoof_2021,SPK_ASV_046,en,BONAFIDE,HUMAN,Studio / Clean,pcm_16k,16000,4.04,train
data/real/asvspoof_2021_01007.wav,REAL,ASVspoof_2021,SPK_ASV_047,en,BONAFIDE,HUMAN,Studio / Clean,pcm_16k,16000,3.7,test
data/real/asvspoof_2021_01008.wav,REAL,ASVspoof_2021,SPK_ASV_048,en,BONAFIDE,HUMAN,Studio / Clean,pcm_16k,16000,3.6,validation
data/real/asvspoof_2021_01009.wav,REAL,ASVspoof_2021,SPK_ASV_049,en,BONAFIDE,HUMAN,Studio / Clean,pcm_16k,16000,4.76,test
data/real/asvspoof_2021_01010.wav,REAL,ASVspoof_2021,SPK_ASV_050,en,BONAFIDE,HUMAN,Studio / Clean,pcm_16k,16000,4.13,test
data/real/asvspoof_2021_01011.wav,REAL,ASVspoof_2021,SPK_ASV_051,en,BONAFIDE,HUMAN,Studio / Clean,pcm_16k,16000,4.46,test
data/real/asvspoof_2021_01012.wav,REAL,ASVspoof_2021,SPK_ASV_052,en,BONAFIDE,HUMAN,Studio / Clean,pcm_16k,16000,4.43,test
data/real/asvspoof_2021_01013.wav,REAL,ASVspoof_2021,SPK_ASV_053,en,BONAFIDE,HUMAN,Studio / Clean,pcm_16k,16000,4.36,test
data/real/asvspoof_2021_01014.wav,REAL,ASVspoof_2021,SPK_ASV_054,en,BONAFIDE,HUMAN,Studio / Clean,pcm_16k,16000,3.43,train
data/real/asvspoof_2021_01015.wav,REAL,ASVspoof_2021,SPK_ASV_055,en,BONAFIDE,HUMAN,Studio / Clean,pcm_16k,16000,4.66,train
data/real/asvspoof_2021_01016.wav,REAL,ASVspoof_2021,SPK_ASV_056,en,BONAFIDE,HUMAN,Studio / Clean,pcm_16k,16000,3.79,train
data/real/asvspoof_2021_01017.wav,REAL,ASVspoof_2021,SPK_ASV_057,en,BONAFIDE,HUMAN,Studio / Clean,pcm_16k,16000,3.6,test
data/real/asvspoof_2021_01018.wav,REAL,ASVspoof_2021,SPK_ASV_058,en,BONAFIDE,HUMAN,Studio / Clean,pcm_16k,16000,4.3,test
data/real/asvspoof_2021_01019.wav,REAL,ASVspoof_2021,SPK_ASV_059,en,BONAFIDE,HUMAN,Studio / Clean,pcm_16k,16000,3.51,train
data/real/asvspoof_2021_01020.wav,REAL,ASVspoof_2021,SPK_ASV_060,en,BONAFIDE,HUMAN,Studio / Clean,pcm_16k,16000,4.62,test
data/real/asvspoof_2021_01021.wav,REAL,ASVspoof_2021,SPK_ASV_061,en,BONAFIDE,HUMAN,Studio / Clean,pcm_16k,16000,3.73,train
data/real/asvspoof_2021_01022.wav,REAL,ASVspoof_2021,SPK_ASV_062,en,BONAFIDE,HUMAN,Studio / Clean,pcm_16k,16000,3.75,validation
data/real/asvspoof_2021_01023.wav,REAL,ASVspoof_2021,SPK_ASV_063,en,BONAFIDE,HUMAN,Studio / Clean,pcm_16k,16000,4.79,train
data/real/asvspoof_2021_01024.wav,REAL,ASVspoof_2021,SPK_ASV_064,en,BONAFIDE,HUMAN,Studio / Clean,pcm_16k,16000,3.93,train
data/real/asvspoof_2021_01025.wav,REAL,ASVspoof_2021,SPK_ASV_065,en,BONAFIDE,HUMAN,Studio / Clean,pcm_16k,16000,3.64,test
data/real/asvspoof_2021_01026.wav,REAL,ASVspoof_2021,SPK_ASV_066,en,BONAFIDE,HUMAN,Studio / Clean,pcm_16k,16000,4.84,test
data/real/asvspoof_2021_01027.wav,REAL,ASVspoof_2021,SPK_ASV_067,en,BONAFIDE,HUMAN,Studio / Clean,pcm_16k,16000,3.4,validation
data/real/asvspoof_2021_01028.wav,REAL,ASVspoof_2021,SPK_ASV_068,en,BONAFIDE,HUMAN,Studio / Clean,pcm_16k,16000,4.77,train
data/real/asvspoof_2021_01029.wav,REAL,ASVspoof_2021,SPK_ASV_069,en,BONAFIDE,HUMAN,Studio / Clean,pcm_16k,16000,3.63,test
data/real/asvspoof_2021_01030.wav,REAL,ASVspoof_2021,SPK_ASV_070,en,BONAFIDE,HUMAN,Studio / Clean,pcm_16k,16000,3.61,train
data/real/asvspoof_2021_01031.wav,REAL,ASVspoof_2021,SPK_ASV_071,en,BONAFIDE,HUMAN,Studio / Clean,pcm_16k,16000,3.8,train
data/real/asvspoof_2021_01032.wav,REAL,ASVspoof_2021,SPK_ASV_072,en,BONAFIDE,HUMAN,Studio / Clean,pcm_16k,16000,3.68,test
data/real/asvspoof_2021_01033.wav,REAL,ASVspoof_2021,SPK_ASV_073,en,BONAFIDE,HUMAN,Studio / Clean,pcm_16k,16000,4.46,train
data/real/asvspoof_2021_01034.wav,REAL,ASVspoof_2021,SPK_ASV_074,en,BONAFIDE,HUMAN,Studio / Clean,pcm_16k,16000,3.44,train
data/real/asvspoof_2021_01035.wav,REAL,ASVspoof_2021,SPK_ASV_075,en,BONAFIDE,HUMAN,Studio / Clean,pcm_16k,16000,3.42,train
data/real/asvspoof_2021_01036.wav,REAL,ASVspoof_2021,SPK_ASV_076,en,BONAFIDE,HUMAN,Studio / Clean,pcm_16k,16000,4.66,validation
data/real/asvspoof_2021_01037.wav,REAL,ASVspoof_2021,SPK_ASV_077,en,BONAFIDE,HUMAN,Studio / Clean,pcm_16k,16000,3.78,test
data/real/asvspoof_2021_01038.wav,REAL,ASVspoof_2021,SPK_ASV_078,en,BONAFIDE,HUMAN,Studio / Clean,pcm_16k,16000,3.92,train
data/real/asvspoof_2021_01039.wav,REAL,ASVspoof_2021,SPK_ASV_079,en,BONAFIDE,HUMAN,Studio / Clean,pcm_16k,16000,3.68,train
data/real/asvspoof_2021_01040.wav,REAL,ASVspoof_2021,SPK_ASV_080,en,BONAFIDE,HUMAN,Studio / Clean,pcm_16k,16000,3.48,train
data/real/asvspoof_2021_01041.wav,REAL,ASVspoof_2021,SPK_ASV_081,en,BONAFIDE,HUMAN,Studio / Clean,pcm_16k,16000,4.59,train
data/real/asvspoof_2021_01042.wav,REAL,ASVspoof_2021,SPK_ASV_082,en,BONAFIDE,HUMAN,Studio / Clean,pcm_16k,16000,4.24,train
data/real/asvspoof_2021_01043.wav,REAL,ASVspoof_2021,SPK_ASV_083,en,BONAFIDE,HUMAN,Studio / Clean,pcm_16k,16000,4.59,train
data/real/asvspoof_2021_01044.wav,REAL,ASVspoof_2021,SPK_ASV_084,en,BONAFIDE,HUMAN,Studio / Clean,pcm_16k,16000,4.16,train
data/real/asvspoof_2021_01045.wav,REAL,ASVspoof_2021,SPK_ASV_085,en,BONAFIDE,HUMAN,Studio / Clean,pcm_16k,16000,4.64,test
data/real/asvspoof_2021_01046.wav,REAL,ASVspoof_2021,SPK_ASV_086,en,BONAFIDE,HUMAN,Studio / Clean,pcm_16k,16000,4.22,train
data/real/asvspoof_2021_01047.wav,REAL,ASVspoof_2021,SPK_ASV_087,en,BONAFIDE,HUMAN,Studio / Clean,pcm_16k,16000,3.57,test
data/real/asvspoof_2021_01048.wav,REAL,ASVspoof_2021,SPK_ASV_088,en,BONAFIDE,HUMAN,Studio / Clean,pcm_16k,16000,4.21,train
data/real/asvspoof_2021_01049.wav,REAL,ASVspoof_2021,SPK_ASV_089,en,BONAFIDE,HUMAN,Studio / Clean,pcm_16k,16000,4.91,train
data/real/asvspoof_2021_01050.wav,REAL,ASVspoof_2021,SPK_ASV_090,en,BONAFIDE,HUMAN,Studio / Clean,pcm_16k,16000,3.47,validation
data/real/asvspoof_2021_01051.wav,REAL,ASVspoof_2021,SPK_ASV_091,en,BONAFIDE,HUMAN,Studio / Clean,pcm_16k,16000,4.65,train
data/real/asvspoof_2021_01052.wav,REAL,ASVspoof_2021,SPK_ASV_092,en,BONAFIDE,HUMAN,Studio / Clean,pcm_16k,16000,4.79,train
data/real/asvspoof_2021_01053.wav,REAL,ASVspoof_2021,SPK_ASV_093,en,BONAFIDE,HUMAN,Studio / Clean,pcm_16k,16000,4.23,validation
data/real/asvspoof_2021_01054.wav,REAL,ASVspoof_2021,SPK_ASV_094,en,BONAFIDE,HUMAN,Studio / Clean,pcm_16k,16000,4.13,train
data/real/asvspoof_2021_01055.wav,REAL,ASVspoof_2021,SPK_ASV_095,en,BONAFIDE,HUMAN,Studio / Clean,pcm_16k,16000,4.94,train
data/real/asvspoof_2021_01056.wav,REAL,ASVspoof_2021,SPK_ASV_096,en,BONAFIDE,HUMAN,Studio / Clean,pcm_16k,16000,3.5,train
data/real/asvspoof_2021_01057.wav,REAL,ASVspoof_2021,SPK_ASV_097,en,BONAFIDE,HUMAN,Studio / Clean,pcm_16k,16000,4.17,train
data/real/asvspoof_2021_01058.wav,REAL,ASVspoof_2021,SPK_ASV_098,en,BONAFIDE,HUMAN,Studio / Clean,pcm_16k,16000,4.04,train
data/real/asvspoof_2021_01059.wav,REAL,ASVspoof_2021,SPK_ASV_099,en,BONAFIDE,HUMAN,Studio / Clean,pcm_16k,16000,4.5,test
data/real/asvspoof_2021_01060.wav,REAL,ASVspoof_2021,SPK_ASV_100,en,BONAFIDE,HUMAN,Studio / Clean,pcm_16k,16000,4.18,train
data/real/asvspoof_2021_01061.wav,REAL,ASVspoof_2021,SPK_ASV_101,en,BONAFIDE,HUMAN,Studio / Clean,pcm_16k,16000,4.86,train
data/real/asvspoof_2021_01062.wav,REAL,ASVspoof_2021,SPK_ASV_102,en,BONAFIDE,HUMAN,Studio / Clean,pcm_16k,16000,3.52,validation
data/real/asvspoof_2021_01063.wav,REAL,ASVspoof_2021,SPK_ASV_103,en,BONAFIDE,HUMAN,Studio / Clean,pcm_16k,16000,3.53,train
data/real/asvspoof_2021_01064.wav,REAL,ASVspoof_2021,SPK_ASV_104,en,BONAFIDE,HUMAN,Studio / Clean,pcm_16k,16000,4.37,train
data/real/asvspoof_2021_01065.wav,REAL,ASVspoof_2021,SPK_ASV_105,en,BONAFIDE,HUMAN,Studio / Clean,pcm_16k,16000,3.51,validation
data/real/asvspoof_2021_01066.wav,REAL,ASVspoof_2021,SPK_ASV_106,en,BONAFIDE,HUMAN,Studio / Clean,pcm_16k,16000,3.84,train
data/real/asvspoof_2021_01067.wav,REAL,ASVspoof_2021,SPK_ASV_107,en,BONAFIDE,HUMAN,Studio / Clean,pcm_16k,16000,4.41,train
data/real/asvspoof_2021_01068.wav,REAL,ASVspoof_2021,SPK_ASV_108,en,BONAFIDE,HUMAN,Studio / Clean,pcm_16k,16000,4.28,train
data/real/asvspoof_2021_01069.wav,REAL,ASVspoof_2021,SPK_ASV_109,en,BONAFIDE,HUMAN,Studio / Clean,pcm_16k,16000,3.92,train
data/real/asvspoof_2021_01070.wav,REAL,ASVspoof_2021,SPK_ASV_110,en,BONAFIDE,HUMAN,Studio / Clean,pcm_16k,16000,4.99,test
data/real/asvspoof_2021_01071.wav,REAL,ASVspoof_2021,SPK_ASV_111,en,BONAFIDE,HUMAN,Studio / Clean,pcm_16k,16000,4.25,validation
data/real/asvspoof_2021_01072.wav,REAL,ASVspoof_2021,SPK_ASV_112,en,BONAFIDE,HUMAN,Studio / Clean,pcm_16k,16000,4.13,train
data/real/asvspoof_2021_01073.wav,REAL,ASVspoof_2021,SPK_ASV_113,en,BONAFIDE,HUMAN,Studio / Clean,pcm_16k,16000,4.37,train
data/real/asvspoof_2021_01074.wav,REAL,ASVspoof_2021,SPK_ASV_114,en,BONAFIDE,HUMAN,Studio / Clean,pcm_16k,16000,3.56,train
data/real/asvspoof_2021_01075.wav,REAL,ASVspoof_2021,SPK_ASV_115,en,BONAFIDE,HUMAN,Studio / Clean,pcm_16k,16000,4.52,train
data/real/asvspoof_2021_01076.wav,REAL,ASVspoof_2021,SPK_ASV_116,en,BONAFIDE,HUMAN,Studio / Clean,pcm_16k,16000,4.76,train
data/real/asvspoof_2021_01077.wav,REAL,ASVspoof_2021,SPK_ASV_117,en,BONAFIDE,HUMAN,Studio / Clean,pcm_16k,16000,4.44,validation
data/real/asvspoof_2021_01078.wav,REAL,ASVspoof_2021,SPK_ASV_118,en,BONAFIDE,HUMAN,Studio / Clean,pcm_16k,16000,4.63,train
data/real/asvspoof_2021_01079.wav,REAL,ASVspoof_2021,SPK_ASV_119,en,BONAFIDE,HUMAN,Studio / Clean,pcm_16k,16000,4.55,train
data/real/asvspoof_2021_01080.wav,REAL,ASVspoof_2021,SPK_ASV_000,en,BONAFIDE,HUMAN,Studio / Clean,pcm_16k,16000,3.74,train
data/real/asvspoof_2021_01081.wav,REAL,ASVspoof_2021,SPK_ASV_001,en,BONAFIDE,HUMAN,Studio / Clean,pcm_16k,16000,4.12,train
data/real/asvspoof_2021_01082.wav,REAL,ASVspoof_2021,SPK_ASV_002,en,BONAFIDE,HUMAN,Studio / Clean,pcm_16k,16000,3.77,validation
data/real/asvspoof_2021_01083.wav,REAL,ASVspoof_2021,SPK_ASV_003,en,BONAFIDE,HUMAN,Studio / Clean,pcm_16k,16000,3.94,train
data/real/asvspoof_2021_01084.wav,REAL,ASVspoof_2021,SPK_ASV_004,en,BONAFIDE,HUMAN,Studio / Clean,pcm_16k,16000,4.13,train
data/real/asvspoof_2021_01085.wav,REAL,ASVspoof_2021,SPK_ASV_005,en,BONAFIDE,HUMAN,Studio / Clean,pcm_16k,16000,4.07,train
data/real/asvspoof_2021_01086.wav,REAL,ASVspoof_2021,SPK_ASV_006,en,BONAFIDE,HUMAN,Studio / Clean,pcm_16k,16000,3.55,train
data/real/asvspoof_2021_01087.wav,REAL,ASVspoof_2021,SPK_ASV_007,en,BONAFIDE,HUMAN,Studio / Clean,pcm_16k,16000,4.08,train
data/real/asvspoof_2021_01088.wav,REAL,ASVspoof_2021,SPK_ASV_008,en,BONAFIDE,HUMAN,Studio / Clean,pcm_16k,16000,4.46,train
data/real/asvspoof_2021_01089.wav,REAL,ASVspoof_2021,SPK_ASV_009,en,BONAFIDE,HUMAN,Studio / Clean,pcm_16k,16000,4.0,train
data/real/asvspoof_2021_01090.wav,REAL,ASVspoof_2021,SPK_ASV_010,en,BONAFIDE,HUMAN,Studio / Clean,pcm_16k,16000,3.64,validation
data/real/asvspoof_2021_01091.wav,REAL,ASVspoof_2021,SPK_ASV_011,en,BONAFIDE,HUMAN,Studio / Clean,pcm_16k,16000,4.88,train
data/real/asvspoof_2021_01092.wav,REAL,ASVspoof_2021,SPK_ASV_012,en,BONAFIDE,HUMAN,Studio / Clean,pcm_16k,16000,3.51,train
data/real/asvspoof_2021_01093.wav,REAL,ASVspoof_2021,SPK_ASV_013,en,BONAFIDE,HUMAN,Studio / Clean,pcm_16k,16000,4.73,validation
data/real/asvspoof_2021_01094.wav,REAL,ASVspoof_2021,SPK_ASV_014,en,BONAFIDE,HUMAN,Studio / Clean,pcm_16k,16000,3.55,train
data/real/asvspoof_2021_01095.wav,REAL,ASVspoof_2021,SPK_ASV_015,en,BONAFIDE,HUMAN,Studio / Clean,pcm_16k,16000,3.55,train
data/real/asvspoof_2021_01096.wav,REAL,ASVspoof_2021,SPK_ASV_016,en,BONAFIDE,HUMAN,Studio / Clean,pcm_16k,16000,4.58,train
data/real/asvspoof_2021_01097.wav,REAL,ASVspoof_2021,SPK_ASV_017,en,BONAFIDE,HUMAN,Studio / Clean,pcm_16k,16000,4.7,train
data/real/asvspoof_2021_01098.wav,REAL,ASVspoof_2021,SPK_ASV_018,en,BONAFIDE,HUMAN,Studio / Clean,pcm_16k,16000,4.29,train
data/real/asvspoof_2021_01099.wav,REAL,ASVspoof_2021,SPK_ASV_019,en,BONAFIDE,HUMAN,Studio / Clean,pcm_16k,16000,4.34,train
data/real/asvspoof_2021_01100.wav,REAL,ASVspoof_2021,SPK_ASV_020,en,BONAFIDE,HUMAN,Studio / Clean,pcm_16k,16000,4.3,train
data/real/asvspoof_2021_01101.wav,REAL,ASVspoof_2021,SPK_ASV_021,en,BONAFIDE,HUMAN,Studio / Clean,pcm_16k,16000,3.93,train
data/real/asvspoof_2021_01102.wav,REAL,ASVspoof_2021,SPK_ASV_022,en,BONAFIDE,HUMAN,Studio / Clean,pcm_16k,16000,3.6,train
data/real/asvspoof_2021_01103.wav,REAL,ASVspoof_2021,SPK_ASV_023,en,BONAFIDE,HUMAN,Studio / Clean,pcm_16k,16000,3.97,train
data/real/asvspoof_2021_01104.wav,REAL,ASVspoof_2021,SPK_ASV_024,en,BONAFIDE,HUMAN,Studio / Clean,pcm_16k,16000,4.46,test
data/real/asvspoof_2021_01105.wav,REAL,ASVspoof_2021,SPK_ASV_025,en,BONAFIDE,HUMAN,Studio / Clean,pcm_16k,16000,4.6,train
data/real/asvspoof_2021_01106.wav,REAL,ASVspoof_2021,SPK_ASV_026,en,BONAFIDE,HUMAN,Studio / Clean,pcm_16k,16000,4.79,train
data/real/asvspoof_2021_01107.wav,REAL,ASVspoof_2021,SPK_ASV_027,en,BONAFIDE,HUMAN,Studio / Clean,pcm_16k,16000,4.55,train
data/real/asvspoof_2021_01108.wav,REAL,ASVspoof_2021,SPK_ASV_028,en,BONAFIDE,HUMAN,Studio / Clean,pcm_16k,16000,4.95,train
data/real/asvspoof_2021_01109.wav,REAL,ASVspoof_2021,SPK_ASV_029,en,BONAFIDE,HUMAN,Studio / Clean,pcm_16k,16000,4.36,train
data/real/asvspoof_2021_01110.wav,REAL,ASVspoof_2021,SPK_ASV_030,en,BONAFIDE,HUMAN,Studio / Clean,pcm_16k,16000,3.96,train
data/real/asvspoof_2021_01111.wav,REAL,ASVspoof_2021,SPK_ASV_031,en,BONAFIDE,HUMAN,Studio / Clean,pcm_16k,16000,4.32,train
data/real/asvspoof_2021_01112.wav,REAL,ASVspoof_2021,SPK_ASV_032,en,BONAFIDE,HUMAN,Studio / Clean,pcm_16k,16000,3.74,test
data/real/asvspoof_2021_01113.wav,REAL,ASVspoof_2021,SPK_ASV_033,en,BONAFIDE,HUMAN,Studio / Clean,pcm_16k,16000,4.45,train
data/real/asvspoof_2021_01114.wav,REAL,ASVspoof_2021,SPK_ASV_034,en,BONAFIDE,HUMAN,Studio / Clean,pcm_16k,16000,3.76,validation
data/real/asvspoof_2021_01115.wav,REAL,ASVspoof_2021,SPK_ASV_035,en,BONAFIDE,HUMAN,Studio / Clean,pcm_16k,16000,3.57,train
data/real/asvspoof_2021_01116.wav,REAL,ASVspoof_2021,SPK_ASV_036,en,BONAFIDE,HUMAN,Studio / Clean,pcm_16k,16000,4.75,train
data/real/asvspoof_2021_01117.wav,REAL,ASVspoof_2021,SPK_ASV_037,en,BONAFIDE,HUMAN,Studio / Clean,pcm_16k,16000,3.99,train
data/real/asvspoof_2021_01118.wav,REAL,ASVspoof_2021,SPK_ASV_038,en,BONAFIDE,HUMAN,Studio / Clean,pcm_16k,16000,4.62,train
data/real/asvspoof_2021_01119.wav,REAL,ASVspoof_2021,SPK_ASV_039,en,BONAFIDE,HUMAN,Studio / Clean,pcm_16k,16000,4.32,train
data/real/asvspoof_2021_01120.wav,REAL,ASVspoof_2021,SPK_ASV_040,en,BONAFIDE,HUMAN,Studio / Clean,pcm_16k,16000,4.69,train
data/real/asvspoof_2021_01121.wav,REAL,ASVspoof_2021,SPK_ASV_041,en,BONAFIDE,HUMAN,Studio / Clean,pcm_16k,16000,4.75,train
data/real/asvspoof_2021_01122.wav,REAL,ASVspoof_2021,SPK_ASV_042,en,BONAFIDE,HUMAN,Studio / Clean,pcm_16k,16000,4.96,train
data/real/asvspoof_2021_01123.wav,REAL,ASVspoof_2021,SPK_ASV_043,en,BONAFIDE,HUMAN,Studio / Clean,pcm_16k,16000,4.71,validation
data/real/asvspoof_2021_01124.wav,REAL,ASVspoof_2021,SPK_ASV_044,en,BONAFIDE,HUMAN,Studio / Clean,pcm_16k,16000,4.38,test
data/real/asvspoof_2021_01125.wav,REAL,ASVspoof_2021,SPK_ASV_045,en,BONAFIDE,HUMAN,Studio / Clean,pcm_16k,16000,4.43,train
data/real/asvspoof_2021_01126.wav,REAL,ASVspoof_2021,SPK_ASV_046,en,BONAFIDE,HUMAN,Studio / Clean,pcm_16k,16000,3.44,train
data/real/asvspoof_2021_01127.wav,REAL,ASVspoof_2021,SPK_ASV_047,en,BONAFIDE,HUMAN,Studio / Clean,pcm_16k,16000,4.89,test
data/real/asvspoof_2021_01128.wav,REAL,ASVspoof_2021,SPK_ASV_048,en,BONAFIDE,HUMAN,Studio / Clean,pcm_16k,16000,4.73,validation
data/real/asvspoof_2021_01129.wav,REAL,ASVspoof_2021,SPK_ASV_049,en,BONAFIDE,HUMAN,Studio / Clean,pcm_16k,16000,3.83,test
data/real/asvspoof_2021_01130.wav,REAL,ASVspoof_2021,SPK_ASV_050,en,BONAFIDE,HUMAN,Studio / Clean,pcm_16k,16000,3.69,test
data/real/asvspoof_2021_01131.wav,REAL,ASVspoof_2021,SPK_ASV_051,en,BONAFIDE,HUMAN,Studio / Clean,pcm_16k,16000,4.52,test
data/real/asvspoof_2021_01132.wav,REAL,ASVspoof_2021,SPK_ASV_052,en,BONAFIDE,HUMAN,Studio / Clean,pcm_16k,16000,3.89,test
data/real/asvspoof_2021_01133.wav,REAL,ASVspoof_2021,SPK_ASV_053,en,BONAFIDE,HUMAN,Studio / Clean,pcm_16k,16000,3.94,test
data/real/asvspoof_2021_01134.wav,REAL,ASVspoof_2021,SPK_ASV_054,en,BONAFIDE,HUMAN,Studio / Clean,pcm_16k,16000,3.41,train
data/real/asvspoof_2021_01135.wav,REAL,ASVspoof_2021,SPK_ASV_055,en,BONAFIDE,HUMAN,Studio / Clean,pcm_16k,16000,4.79,train
data/real/asvspoof_2021_01136.wav,REAL,ASVspoof_2021,SPK_ASV_056,en,BONAFIDE,HUMAN,Studio / Clean,pcm_16k,16000,4.31,train
data/real/asvspoof_2021_01137.wav,REAL,ASVspoof_2021,SPK_ASV_057,en,BONAFIDE,HUMAN,Studio / Clean,pcm_16k,16000,4.04,test
data/real/asvspoof_2021_01138.wav,REAL,ASVspoof_2021,SPK_ASV_058,en,BONAFIDE,HUMAN,Studio / Clean,pcm_16k,16000,3.63,test
data/real/asvspoof_2021_01139.wav,REAL,ASVspoof_2021,SPK_ASV_059,en,BONAFIDE,HUMAN,Studio / Clean,pcm_16k,16000,4.41,train
data/real/asvspoof_2021_01140.wav,REAL,ASVspoof_2021,SPK_ASV_060,en,BONAFIDE,HUMAN,Studio / Clean,pcm_16k,16000,3.45,test
data/real/asvspoof_2021_01141.wav,REAL,ASVspoof_2021,SPK_ASV_061,en,BONAFIDE,HUMAN,Studio / Clean,pcm_16k,16000,4.59,train
data/real/asvspoof_2021_01142.wav,REAL,ASVspoof_2021,SPK_ASV_062,en,BONAFIDE,HUMAN,Studio / Clean,pcm_16k,16000,3.74,validation
data/real/asvspoof_2021_01143.wav,REAL,ASVspoof_2021,SPK_ASV_063,en,BONAFIDE,HUMAN,Studio / Clean,pcm_16k,16000,4.07,train
data/real/asvspoof_2021_01144.wav,REAL,ASVspoof_2021,SPK_ASV_064,en,BONAFIDE,HUMAN,Studio / Clean,pcm_16k,16000,3.95,train
data/real/asvspoof_2021_01145.wav,REAL,ASVspoof_2021,SPK_ASV_065,en,BONAFIDE,HUMAN,Studio / Clean,pcm_16k,16000,3.99,test
data/real/asvspoof_2021_01146.wav,REAL,ASVspoof_2021,SPK_ASV_066,en,BONAFIDE,HUMAN,Studio / Clean,pcm_16k,16000,4.55,test
data/real/asvspoof_2021_01147.wav,REAL,ASVspoof_2021,SPK_ASV_067,en,BONAFIDE,HUMAN,Studio / Clean,pcm_16k,16000,4.64,validation
data/real/asvspoof_2021_01148.wav,REAL,ASVspoof_2021,SPK_ASV_068,en,BONAFIDE,HUMAN,Studio / Clean,pcm_16k,16000,4.31,train
data/real/asvspoof_2021_01149.wav,REAL,ASVspoof_2021,SPK_ASV_069,en,BONAFIDE,HUMAN,Studio / Clean,pcm_16k,16000,3.54,test
data/real/asvspoof_2021_01150.wav,REAL,ASVspoof_2021,SPK_ASV_070,en,BONAFIDE,HUMAN,Studio / Clean,pcm_16k,16000,3.48,train
data/real/asvspoof_2021_01151.wav,REAL,ASVspoof_2021,SPK_ASV_071,en,BONAFIDE,HUMAN,Studio / Clean,pcm_16k,16000,3.65,train
data/real/asvspoof_2021_01152.wav,REAL,ASVspoof_2021,SPK_ASV_072,en,BONAFIDE,HUMAN,Studio / Clean,pcm_16k,16000,4.39,test
data/real/asvspoof_2021_01153.wav,REAL,ASVspoof_2021,SPK_ASV_073,en,BONAFIDE,HUMAN,Studio / Clean,pcm_16k,16000,4.48,train
data/real/asvspoof_2021_01154.wav,REAL,ASVspoof_2021,SPK_ASV_074,en,BONAFIDE,HUMAN,Studio / Clean,pcm_16k,16000,3.84,train
data/real/asvspoof_2021_01155.wav,REAL,ASVspoof_2021,SPK_ASV_075,en,BONAFIDE,HUMAN,Studio / Clean,pcm_16k,16000,4.46,train
data/real/asvspoof_2021_01156.wav,REAL,ASVspoof_2021,SPK_ASV_076,en,BONAFIDE,HUMAN,Studio / Clean,pcm_16k,16000,4.18,validation
data/real/asvspoof_2021_01157.wav,REAL,ASVspoof_2021,SPK_ASV_077,en,BONAFIDE,HUMAN,Studio / Clean,pcm_16k,16000,4.11,test
data/real/asvspoof_2021_01158.wav,REAL,ASVspoof_2021,SPK_ASV_078,en,BONAFIDE,HUMAN,Studio / Clean,pcm_16k,16000,3.84,train
data/real/asvspoof_2021_01159.wav,REAL,ASVspoof_2021,SPK_ASV_079,en,BONAFIDE,HUMAN,Studio / Clean,pcm_16k,16000,4.61,train
data/real/asvspoof_2021_01160.wav,REAL,ASVspoof_2021,SPK_ASV_080,en,BONAFIDE,HUMAN,Studio / Clean,pcm_16k,16000,3.58,train
data/real/asvspoof_2021_01161.wav,REAL,ASVspoof_2021,SPK_ASV_081,en,BONAFIDE,HUMAN,Studio / Clean,pcm_16k,16000,4.09,train
data/real/asvspoof_2021_01162.wav,REAL,ASVspoof_2021,SPK_ASV_082,en,BONAFIDE,HUMAN,Studio / Clean,pcm_16k,16000,3.85,train
data/real/asvspoof_2021_01163.wav,REAL,ASVspoof_2021,SPK_ASV_083,en,BONAFIDE,HUMAN,Studio / Clean,pcm_16k,16000,4.49,train
data/real/asvspoof_2021_01164.wav,REAL,ASVspoof_2021,SPK_ASV_084,en,BONAFIDE,HUMAN,Studio / Clean,pcm_16k,16000,4.18,train
data/real/asvspoof_2021_01165.wav,REAL,ASVspoof_2021,SPK_ASV_085,en,BONAFIDE,HUMAN,Studio / Clean,pcm_16k,16000,4.47,test
data/real/asvspoof_2021_01166.wav,REAL,ASVspoof_2021,SPK_ASV_086,en,BONAFIDE,HUMAN,Studio / Clean,pcm_16k,16000,3.47,train
data/real/asvspoof_2021_01167.wav,REAL,ASVspoof_2021,SPK_ASV_087,en,BONAFIDE,HUMAN,Studio / Clean,pcm_16k,16000,4.03,test
data/real/asvspoof_2021_01168.wav,REAL,ASVspoof_2021,SPK_ASV_088,en,BONAFIDE,HUMAN,Studio / Clean,pcm_16k,16000,4.36,train
data/real/asvspoof_2021_01169.wav,REAL,ASVspoof_2021,SPK_ASV_089,en,BONAFIDE,HUMAN,Studio / Clean,pcm_16k,16000,3.41,train
data/real/asvspoof_2021_01170.wav,REAL,ASVspoof_2021,SPK_ASV_090,en,BONAFIDE,HUMAN,Studio / Clean,pcm_16k,16000,3.88,validation
data/real/asvspoof_2021_01171.wav,REAL,ASVspoof_2021,SPK_ASV_091,en,BONAFIDE,HUMAN,Studio / Clean,pcm_16k,16000,3.74,train
data/real/asvspoof_2021_01172.wav,REAL,ASVspoof_2021,SPK_ASV_092,en,BONAFIDE,HUMAN,Studio / Clean,pcm_16k,16000,3.62,train
data/real/asvspoof_2021_01173.wav,REAL,ASVspoof_2021,SPK_ASV_093,en,BONAFIDE,HUMAN,Studio / Clean,pcm_16k,16000,3.81,validation
data/real/asvspoof_2021_01174.wav,REAL,ASVspoof_2021,SPK_ASV_094,en,BONAFIDE,HUMAN,Studio / Clean,pcm_16k,16000,3.92,train
data/real/asvspoof_2021_01175.wav,REAL,ASVspoof_2021,SPK_ASV_095,en,BONAFIDE,HUMAN,Studio / Clean,pcm_16k,16000,3.41,train
data/real/asvspoof_2021_01176.wav,REAL,ASVspoof_2021,SPK_ASV_096,en,BONAFIDE,HUMAN,Studio / Clean,pcm_16k,16000,4.6,train
data/real/asvspoof_2021_01177.wav,REAL,ASVspoof_2021,SPK_ASV_097,en,BONAFIDE,HUMAN,Studio / Clean,pcm_16k,16000,3.68,train
data/real/asvspoof_2021_01178.wav,REAL,ASVspoof_2021,SPK_ASV_098,en,BONAFIDE,HUMAN,Studio / Clean,pcm_16k,16000,4.01,train
data/real/asvspoof_2021_01179.wav,REAL,ASVspoof_2021,SPK_ASV_099,en,BONAFIDE,HUMAN,Studio / Clean,pcm_16k,16000,4.53,test
data/real/asvspoof_2021_01180.wav,REAL,ASVspoof_2021,SPK_ASV_100,en,BONAFIDE,HUMAN,Studio / Clean,pcm_16k,16000,4.2,train
data/real/asvspoof_2021_01181.wav,REAL,ASVspoof_2021,SPK_ASV_101,en,BONAFIDE,HUMAN,Studio / Clean,pcm_16k,16000,4.73,train
data/real/asvspoof_2021_01182.wav,REAL,ASVspoof_2021,SPK_ASV_102,en,BONAFIDE,HUMAN,Studio / Clean,pcm_16k,16000,4.69,validation
data/real/asvspoof_2021_01183.wav,REAL,ASVspoof_2021,SPK_ASV_103,en,BONAFIDE,HUMAN,Studio / Clean,pcm_16k,16000,3.52,train
data/real/asvspoof_2021_01184.wav,REAL,ASVspoof_2021,SPK_ASV_104,en,BONAFIDE,HUMAN,Studio / Clean,pcm_16k,16000,4.78,train
data/real/asvspoof_2021_01185.wav,REAL,ASVspoof_2021,SPK_ASV_105,en,BONAFIDE,HUMAN,Studio / Clean,pcm_16k,16000,3.47,validation
data/real/asvspoof_2021_01186.wav,REAL,ASVspoof_2021,SPK_ASV_106,en,BONAFIDE,HUMAN,Studio / Clean,pcm_16k,16000,3.43,train
data/real/asvspoof_2021_01187.wav,REAL,ASVspoof_2021,SPK_ASV_107,en,BONAFIDE,HUMAN,Studio / Clean,pcm_16k,16000,4.87,train
data/real/asvspoof_2021_01188.wav,REAL,ASVspoof_2021,SPK_ASV_108,en,BONAFIDE,HUMAN,Studio / Clean,pcm_16k,16000,4.78,train
data/real/asvspoof_2021_01189.wav,REAL,ASVspoof_2021,SPK_ASV_109,en,BONAFIDE,HUMAN,Studio / Clean,pcm_16k,16000,4.32,train
data/real/asvspoof_2021_01190.wav,REAL,ASVspoof_2021,SPK_ASV_110,en,BONAFIDE,HUMAN,Studio / Clean,pcm_16k,16000,4.32,test
data/real/asvspoof_2021_01191.wav,REAL,ASVspoof_2021,SPK_ASV_111,en,BONAFIDE,HUMAN,Studio / Clean,pcm_16k,16000,4.54,validation
data/real/asvspoof_2021_01192.wav,REAL,ASVspoof_2021,SPK_ASV_112,en,BONAFIDE,HUMAN,Studio / Clean,pcm_16k,16000,4.07,train
data/real/asvspoof_2021_01193.wav,REAL,ASVspoof_2021,SPK_ASV_113,en,BONAFIDE,HUMAN,Studio / Clean,pcm_16k,16000,3.58,train
data/real/asvspoof_2021_01194.wav,REAL,ASVspoof_2021,SPK_ASV_114,en,BONAFIDE,HUMAN,Studio / Clean,pcm_16k,16000,3.43,train
data/real/asvspoof_2021_01195.wav,REAL,ASVspoof_2021,SPK_ASV_115,en,BONAFIDE,HUMAN,Studio / Clean,pcm_16k,16000,3.92,train
data/real/asvspoof_2021_01196.wav,REAL,ASVspoof_2021,SPK_ASV_116,en,BONAFIDE,HUMAN,Studio / Clean,pcm_16k,16000,4.68,train
data/real/asvspoof_2021_01197.wav,REAL,ASVspoof_2021,SPK_ASV_117,en,BONAFIDE,HUMAN,Studio / Clean,pcm_16k,16000,4.39,validation
data/real/asvspoof_2021_01198.wav,REAL,ASVspoof_2021,SPK_ASV_118,en,BONAFIDE,HUMAN,Studio / Clean,pcm_16k,16000,4.73,train
data/real/asvspoof_2021_01199.wav,REAL,ASVspoof_2021,SPK_ASV_119,en,BONAFIDE,HUMAN,Studio / Clean,pcm_16k,16000,4.87,train
data/real/asvspoof_2021_01200.wav,REAL,ASVspoof_2021,SPK_ASV_000,en,BONAFIDE,HUMAN,Studio / Clean,pcm_16k,16000,3.54,train
data/real/asvspoof_2021_01201.wav,REAL,ASVspoof_2021,SPK_ASV_001,en,BONAFIDE,HUMAN,Studio / Clean,pcm_16k,16000,4.75,train
data/real/asvspoof_2021_01202.wav,REAL,ASVspoof_2021,SPK_ASV_002,en,BONAFIDE,HUMAN,Studio / Clean,pcm_16k,16000,3.79,validation
data/real/asvspoof_2021_01203.wav,REAL,ASVspoof_2021,SPK_ASV_003,en,BONAFIDE,HUMAN,Studio / Clean,pcm_16k,16000,4.34,train
data/real/asvspoof_2021_01204.wav,REAL,ASVspoof_2021,SPK_ASV_004,en,BONAFIDE,HUMAN,Studio / Clean,pcm_16k,16000,4.24,train
data/real/asvspoof_2021_01205.wav,REAL,ASVspoof_2021,SPK_ASV_005,en,BONAFIDE,HUMAN,Studio / Clean,pcm_16k,16000,4.03,train
data/real/asvspoof_2021_01206.wav,REAL,ASVspoof_2021,SPK_ASV_006,en,BONAFIDE,HUMAN,Studio / Clean,pcm_16k,16000,3.9,train
data/real/asvspoof_2021_01207.wav,REAL,ASVspoof_2021,SPK_ASV_007,en,BONAFIDE,HUMAN,Studio / Clean,pcm_16k,16000,3.94,train
data/real/asvspoof_2021_01208.wav,REAL,ASVspoof_2021,SPK_ASV_008,en,BONAFIDE,HUMAN,Studio / Clean,pcm_16k,16000,3.93,train
data/real/asvspoof_2021_01209.wav,REAL,ASVspoof_2021,SPK_ASV_009,en,BONAFIDE,HUMAN,Studio / Clean,pcm_16k,16000,3.67,train
data/real/asvspoof_2021_01210.wav,REAL,ASVspoof_2021,SPK_ASV_010,en,BONAFIDE,HUMAN,Studio / Clean,pcm_16k,16000,4.22,validation
data/real/asvspoof_2021_01211.wav,REAL,ASVspoof_2021,SPK_ASV_011,en,BONAFIDE,HUMAN,Studio / Clean,pcm_16k,16000,3.58,train
data/real/asvspoof_2021_01212.wav,REAL,ASVspoof_2021,SPK_ASV_012,en,BONAFIDE,HUMAN,Studio / Clean,pcm_16k,16000,4.22,train
data/real/asvspoof_2021_01213.wav,REAL,ASVspoof_2021,SPK_ASV_013,en,BONAFIDE,HUMAN,Studio / Clean,pcm_16k,16000,4.85,validation
data/real/asvspoof_2021_01214.wav,REAL,ASVspoof_2021,SPK_ASV_014,en,BONAFIDE,HUMAN,Studio / Clean,pcm_16k,16000,3.96,train
data/real/asvspoof_2021_01215.wav,REAL,ASVspoof_2021,SPK_ASV_015,en,BONAFIDE,HUMAN,Studio / Clean,pcm_16k,16000,4.56,train
data/real/asvspoof_2021_01216.wav,REAL,ASVspoof_2021,SPK_ASV_016,en,BONAFIDE,HUMAN,Studio / Clean,pcm_16k,16000,4.71,train
data/real/asvspoof_2021_01217.wav,REAL,ASVspoof_2021,SPK_ASV_017,en,BONAFIDE,HUMAN,Studio / Clean,pcm_16k,16000,4.7,train
data/real/asvspoof_2021_01218.wav,REAL,ASVspoof_2021,SPK_ASV_018,en,BONAFIDE,HUMAN,Studio / Clean,pcm_16k,16000,3.78,train
data/real/asvspoof_2021_01219.wav,REAL,ASVspoof_2021,SPK_ASV_019,en,BONAFIDE,HUMAN,Studio / Clean,pcm_16k,16000,3.63,train
data/real/asvspoof_2021_01220.wav,REAL,ASVspoof_2021,SPK_ASV_020,en,BONAFIDE,HUMAN,Studio / Clean,pcm_16k,16000,3.72,train
data/real/asvspoof_2021_01221.wav,REAL,ASVspoof_2021,SPK_ASV_021,en,BONAFIDE,HUMAN,Studio / Clean,pcm_16k,16000,4.36,train
data/real/asvspoof_2021_01222.wav,REAL,ASVspoof_2021,SPK_ASV_022,en,BONAFIDE,HUMAN,Studio / Clean,pcm_16k,16000,4.62,train
data/real/asvspoof_2021_01223.wav,REAL,ASVspoof_2021,SPK_ASV_023,en,BONAFIDE,HUMAN,Studio / Clean,pcm_16k,16000,4.45,train
data/real/asvspoof_2021_01224.wav,REAL,ASVspoof_2021,SPK_ASV_024,en,BONAFIDE,HUMAN,Studio / Clean,pcm_16k,16000,3.68,test
data/real/asvspoof_2021_01225.wav,REAL,ASVspoof_2021,SPK_ASV_025,en,BONAFIDE,HUMAN,Studio / Clean,pcm_16k,16000,4.64,train
data/real/asvspoof_2021_01226.wav,REAL,ASVspoof_2021,SPK_ASV_026,en,BONAFIDE,HUMAN,Studio / Clean,pcm_16k,16000,4.19,train
data/real/asvspoof_2021_01227.wav,REAL,ASVspoof_2021,SPK_ASV_027,en,BONAFIDE,HUMAN,Studio / Clean,pcm_16k,16000,4.61,train
data/real/asvspoof_2021_01228.wav,REAL,ASVspoof_2021,SPK_ASV_028,en,BONAFIDE,HUMAN,Studio / Clean,pcm_16k,16000,4.62,train
data/real/asvspoof_2021_01229.wav,REAL,ASVspoof_2021,SPK_ASV_029,en,BONAFIDE,HUMAN,Studio / Clean,pcm_16k,16000,4.12,train
data/real/asvspoof_2021_01230.wav,REAL,ASVspoof_2021,SPK_ASV_030,en,BONAFIDE,HUMAN,Studio / Clean,pcm_16k,16000,4.88,train
data/real/asvspoof_2021_01231.wav,REAL,ASVspoof_2021,SPK_ASV_031,en,BONAFIDE,HUMAN,Studio / Clean,pcm_16k,16000,4.3,train
data/real/asvspoof_2021_01232.wav,REAL,ASVspoof_2021,SPK_ASV_032,en,BONAFIDE,HUMAN,Studio / Clean,pcm_16k,16000,4.42,test
data/real/asvspoof_2021_01233.wav,REAL,ASVspoof_2021,SPK_ASV_033,en,BONAFIDE,HUMAN,Studio / Clean,pcm_16k,16000,4.4,train
data/real/asvspoof_2021_01234.wav,REAL,ASVspoof_2021,SPK_ASV_034,en,BONAFIDE,HUMAN,Studio / Clean,pcm_16k,16000,4.78,validation
data/real/asvspoof_2021_01235.wav,REAL,ASVspoof_2021,SPK_ASV_035,en,BONAFIDE,HUMAN,Studio / Clean,pcm_16k,16000,4.4,train
data/real/asvspoof_2021_01236.wav,REAL,ASVspoof_2021,SPK_ASV_036,en,BONAFIDE,HUMAN,Studio / Clean,pcm_16k,16000,3.64,train
data/real/asvspoof_2021_01237.wav,REAL,ASVspoof_2021,SPK_ASV_037,en,BONAFIDE,HUMAN,Studio / Clean,pcm_16k,16000,3.51,train
data/real/asvspoof_2021_01238.wav,REAL,ASVspoof_2021,SPK_ASV_038,en,BONAFIDE,HUMAN,Studio / Clean,pcm_16k,16000,4.11,train
data/real/asvspoof_2021_01239.wav,REAL,ASVspoof_2021,SPK_ASV_039,en,BONAFIDE,HUMAN,Studio / Clean,pcm_16k,16000,3.88,train
data/real/asvspoof_2021_01240.wav,REAL,ASVspoof_2021,SPK_ASV_040,en,BONAFIDE,HUMAN,Studio / Clean,pcm_16k,16000,3.84,train
data/real/asvspoof_2021_01241.wav,REAL,ASVspoof_2021,SPK_ASV_041,en,BONAFIDE,HUMAN,Studio / Clean,pcm_16k,16000,3.49,train
data/real/asvspoof_2021_01242.wav,REAL,ASVspoof_2021,SPK_ASV_042,en,BONAFIDE,HUMAN,Studio / Clean,pcm_16k,16000,4.21,train
data/real/asvspoof_2021_01243.wav,REAL,ASVspoof_2021,SPK_ASV_043,en,BONAFIDE,HUMAN,Studio / Clean,pcm_16k,16000,3.9,validation
data/real/asvspoof_2021_01244.wav,REAL,ASVspoof_2021,SPK_ASV_044,en,BONAFIDE,HUMAN,Studio / Clean,pcm_16k,16000,4.12,test
data/real/asvspoof_2021_01245.wav,REAL,ASVspoof_2021,SPK_ASV_045,en,BONAFIDE,HUMAN,Studio / Clean,pcm_16k,16000,3.49,train
data/real/asvspoof_2021_01246.wav,REAL,ASVspoof_2021,SPK_ASV_046,en,BONAFIDE,HUMAN,Studio / Clean,pcm_16k,16000,4.73,train
data/real/asvspoof_2021_01247.wav,REAL,ASVspoof_2021,SPK_ASV_047,en,BONAFIDE,HUMAN,Studio / Clean,pcm_16k,16000,3.52,test
data/real/asvspoof_2021_01248.wav,REAL,ASVspoof_2021,SPK_ASV_048,en,BONAFIDE,HUMAN,Studio / Clean,pcm_16k,16000,4.78,validation
data/real/asvspoof_2021_01249.wav,REAL,ASVspoof_2021,SPK_ASV_049,en,BONAFIDE,HUMAN,Studio / Clean,pcm_16k,16000,4.77,test
data/real/asvspoof_2021_01250.wav,REAL,ASVspoof_2021,SPK_ASV_050,en,BONAFIDE,HUMAN,Studio / Clean,pcm_16k,16000,4.38,test
data/tts/asvspoof_2021_00001.wav,TTS,ASVspoof_2021,SPK_ASV_001,en,SPOOF_LA,Neural Vocoder,Transmission Codec,gsm_610,16000,3.81,train
data/tts/asvspoof_2021_00002.wav,TTS,ASVspoof_2021,SPK_ASV_002,en,SPOOF_LA,Neural Vocoder,Transmission Codec,gsm_610,16000,3.74,validation
data/tts/asvspoof_2021_00003.wav,TTS,ASVspoof_2021,SPK_ASV_003,en,SPOOF_LA,Neural Vocoder,Transmission Codec,gsm_610,16000,3.89,train
data/tts/asvspoof_2021_00004.wav,TTS,ASVspoof_2021,SPK_ASV_004,en,SPOOF_LA,Neural Vocoder,Transmission Codec,gsm_610,16000,4.27,train
data/tts/asvspoof_2021_00005.wav,TTS,ASVspoof_2021,SPK_ASV_005,en,SPOOF_LA,Neural Vocoder,Transmission Codec,gsm_610,16000,4.43,train
data/tts/asvspoof_2021_00006.wav,TTS,ASVspoof_2021,SPK_ASV_006,en,SPOOF_LA,Neural Vocoder,Transmission Codec,gsm_610,16000,3.72,train
data/tts/asvspoof_2021_00007.wav,TTS,ASVspoof_2021,SPK_ASV_007,en,SPOOF_LA,Neural Vocoder,Transmission Codec,gsm_610,16000,4.3,train
data/tts/asvspoof_2021_00008.wav,TTS,ASVspoof_2021,SPK_ASV_008,en,SPOOF_LA,Neural Vocoder,Transmission Codec,gsm_610,16000,4.04,train
data/tts/asvspoof_2021_00009.wav,TTS,ASVspoof_2021,SPK_ASV_009,en,SPOOF_LA,Neural Vocoder,Transmission Codec,gsm_610,16000,3.51,train
data/tts/asvspoof_2021_00010.wav,TTS,ASVspoof_2021,SPK_ASV_010,en,SPOOF_LA,Neural Vocoder,Transmission Codec,gsm_610,16000,3.76,validation
data/tts/asvspoof_2021_00011.wav,TTS,ASVspoof_2021,SPK_ASV_011,en,SPOOF_LA,Neural Vocoder,Transmission Codec,gsm_610,16000,3.24,train
data/tts/asvspoof_2021_00012.wav,TTS,ASVspoof_2021,SPK_ASV_012,en,SPOOF_LA,Neural Vocoder,Transmission Codec,gsm_610,16000,3.1,train
data/tts/asvspoof_2021_00013.wav,TTS,ASVspoof_2021,SPK_ASV_013,en,SPOOF_LA,Neural Vocoder,Transmission Codec,gsm_610,16000,3.17,validation
data/tts/asvspoof_2021_00014.wav,TTS,ASVspoof_2021,SPK_ASV_014,en,SPOOF_LA,Neural Vocoder,Transmission Codec,gsm_610,16000,4.44,train
data/tts/asvspoof_2021_00015.wav,TTS,ASVspoof_2021,SPK_ASV_015,en,SPOOF_LA,Neural Vocoder,Transmission Codec,gsm_610,16000,3.55,train
data/tts/asvspoof_2021_00016.wav,TTS,ASVspoof_2021,SPK_ASV_016,en,SPOOF_LA,Neural Vocoder,Transmission Codec,gsm_610,16000,4.14,train
data/tts/asvspoof_2021_00017.wav,TTS,ASVspoof_2021,SPK_ASV_017,en,SPOOF_LA,Neural Vocoder,Transmission Codec,gsm_610,16000,3.81,train
data/tts/asvspoof_2021_00018.wav,TTS,ASVspoof_2021,SPK_ASV_018,en,SPOOF_LA,Neural Vocoder,Transmission Codec,gsm_610,16000,3.28,train
data/tts/asvspoof_2021_00019.wav,TTS,ASVspoof_2021,SPK_ASV_019,en,SPOOF_LA,Neural Vocoder,Transmission Codec,gsm_610,16000,3.4,train
data/tts/asvspoof_2021_00020.wav,TTS,ASVspoof_2021,SPK_ASV_020,en,SPOOF_LA,Neural Vocoder,Transmission Codec,gsm_610,16000,3.7,train
data/tts/asvspoof_2021_00021.wav,TTS,ASVspoof_2021,SPK_ASV_021,en,SPOOF_LA,Neural Vocoder,Transmission Codec,gsm_610,16000,3.7,train
data/tts/asvspoof_2021_00022.wav,TTS,ASVspoof_2021,SPK_ASV_022,en,SPOOF_LA,Neural Vocoder,Transmission Codec,gsm_610,16000,3.84,train
data/tts/asvspoof_2021_00023.wav,TTS,ASVspoof_2021,SPK_ASV_023,en,SPOOF_LA,Neural Vocoder,Transmission Codec,gsm_610,16000,3.25,train
data/tts/asvspoof_2021_00024.wav,TTS,ASVspoof_2021,SPK_ASV_024,en,SPOOF_LA,Neural Vocoder,Transmission Codec,gsm_610,16000,3.6,test
data/tts/asvspoof_2021_00025.wav,TTS,ASVspoof_2021,SPK_ASV_025,en,SPOOF_LA,Neural Vocoder,Transmission Codec,gsm_610,16000,3.45,train
data/tts/asvspoof_2021_00026.wav,TTS,ASVspoof_2021,SPK_ASV_026,en,SPOOF_LA,Neural Vocoder,Transmission Codec,gsm_610,16000,3.65,train
data/tts/asvspoof_2021_00027.wav,TTS,ASVspoof_2021,SPK_ASV_027,en,SPOOF_LA,Neural Vocoder,Transmission Codec,gsm_610,16000,3.54,train
data/tts/asvspoof_2021_00028.wav,TTS,ASVspoof_2021,SPK_ASV_028,en,SPOOF_LA,Neural Vocoder,Transmission Codec,gsm_610,16000,3.96,train
data/tts/asvspoof_2021_00029.wav,TTS,ASVspoof_2021,SPK_ASV_029,en,SPOOF_LA,Neural Vocoder,Transmission Codec,gsm_610,16000,4.26,train
data/tts/asvspoof_2021_00030.wav,TTS,ASVspoof_2021,SPK_ASV_030,en,SPOOF_LA,Neural Vocoder,Transmission Codec,gsm_610,16000,4.04,train
data/tts/asvspoof_2021_00031.wav,TTS,ASVspoof_2021,SPK_ASV_031,en,SPOOF_LA,Neural Vocoder,Transmission Codec,gsm_610,16000,3.11,train
data/tts/asvspoof_2021_00032.wav,TTS,ASVspoof_2021,SPK_ASV_032,en,SPOOF_LA,Neural Vocoder,Transmission Codec,gsm_610,16000,3.15,test
data/tts/asvspoof_2021_00033.wav,TTS,ASVspoof_2021,SPK_ASV_033,en,SPOOF_LA,Neural Vocoder,Transmission Codec,gsm_610,16000,4.09,train
data/tts/asvspoof_2021_00034.wav,TTS,ASVspoof_2021,SPK_ASV_034,en,SPOOF_LA,Neural Vocoder,Transmission Codec,gsm_610,16000,3.45,validation
data/tts/asvspoof_2021_00035.wav,TTS,ASVspoof_2021,SPK_ASV_035,en,SPOOF_LA,Neural Vocoder,Transmission Codec,gsm_610,16000,4.16,train
data/tts/asvspoof_2021_00036.wav,TTS,ASVspoof_2021,SPK_ASV_036,en,SPOOF_LA,Neural Vocoder,Transmission Codec,gsm_610,16000,4.05,train
data/tts/asvspoof_2021_00037.wav,TTS,ASVspoof_2021,SPK_ASV_037,en,SPOOF_LA,Neural Vocoder,Transmission Codec,gsm_610,16000,4.45,train
data/tts/asvspoof_2021_00038.wav,TTS,ASVspoof_2021,SPK_ASV_038,en,SPOOF_LA,Neural Vocoder,Transmission Codec,gsm_610,16000,4.4,train
data/tts/asvspoof_2021_00039.wav,TTS,ASVspoof_2021,SPK_ASV_039,en,SPOOF_LA,Neural Vocoder,Transmission Codec,gsm_610,16000,3.53,train
data/tts/asvspoof_2021_00040.wav,TTS,ASVspoof_2021,SPK_ASV_040,en,SPOOF_LA,Neural Vocoder,Transmission Codec,gsm_610,16000,3.93,train
data/tts/asvspoof_2021_00041.wav,TTS,ASVspoof_2021,SPK_ASV_041,en,SPOOF_LA,Neural Vocoder,Transmission Codec,gsm_610,16000,3.23,train
data/tts/asvspoof_2021_00042.wav,TTS,ASVspoof_2021,SPK_ASV_042,en,SPOOF_LA,Neural Vocoder,Transmission Codec,gsm_610,16000,3.56,train
data/tts/asvspoof_2021_00043.wav,TTS,ASVspoof_2021,SPK_ASV_043,en,SPOOF_LA,Neural Vocoder,Transmission Codec,gsm_610,16000,4.55,validation
data/tts/asvspoof_2021_00044.wav,TTS,ASVspoof_2021,SPK_ASV_044,en,SPOOF_LA,Neural Vocoder,Transmission Codec,gsm_610,16000,4.12,test
data/tts/asvspoof_2021_00045.wav,TTS,ASVspoof_2021,SPK_ASV_045,en,SPOOF_LA,Neural Vocoder,Transmission Codec,gsm_610,16000,3.63,train
data/tts/asvspoof_2021_00046.wav,TTS,ASVspoof_2021,SPK_ASV_046,en,SPOOF_LA,Neural Vocoder,Transmission Codec,gsm_610,16000,3.95,train
data/tts/asvspoof_2021_00047.wav,TTS,ASVspoof_2021,SPK_ASV_047,en,SPOOF_LA,Neural Vocoder,Transmission Codec,gsm_610,16000,4.5,test
data/tts/asvspoof_2021_00048.wav,TTS,ASVspoof_2021,SPK_ASV_048,en,SPOOF_LA,Neural Vocoder,Transmission Codec,gsm_610,16000,3.5,validation
data/tts/asvspoof_2021_00049.wav,TTS,ASVspoof_2021,SPK_ASV_049,en,SPOOF_LA,Neural Vocoder,Transmission Codec,gsm_610,16000,3.6,test
data/tts/asvspoof_2021_00050.wav,TTS,ASVspoof_2021,SPK_ASV_050,en,SPOOF_LA,Neural Vocoder,Transmission Codec,gsm_610,16000,4.27,test
data/tts/asvspoof_2021_00051.wav,TTS,ASVspoof_2021,SPK_ASV_051,en,SPOOF_LA,Neural Vocoder,Transmission Codec,gsm_610,16000,4.3,test
data/tts/asvspoof_2021_00052.wav,TTS,ASVspoof_2021,SPK_ASV_052,en,SPOOF_LA,Neural Vocoder,Transmission Codec,gsm_610,16000,4.07,test
data/tts/asvspoof_2021_00053.wav,TTS,ASVspoof_2021,SPK_ASV_053,en,SPOOF_LA,Neural Vocoder,Transmission Codec,gsm_610,16000,4.33,test
data/tts/asvspoof_2021_00054.wav,TTS,ASVspoof_2021,SPK_ASV_054,en,SPOOF_LA,Neural Vocoder,Transmission Codec,gsm_610,16000,4.18,train
data/tts/asvspoof_2021_00055.wav,TTS,ASVspoof_2021,SPK_ASV_055,en,SPOOF_LA,Neural Vocoder,Transmission Codec,gsm_610,16000,4.1,train
data/tts/asvspoof_2021_00056.wav,TTS,ASVspoof_2021,SPK_ASV_056,en,SPOOF_LA,Neural Vocoder,Transmission Codec,gsm_610,16000,3.84,train
data/tts/asvspoof_2021_00057.wav,TTS,ASVspoof_2021,SPK_ASV_057,en,SPOOF_LA,Neural Vocoder,Transmission Codec,gsm_610,16000,4.03,test
data/tts/asvspoof_2021_00058.wav,TTS,ASVspoof_2021,SPK_ASV_058,en,SPOOF_LA,Neural Vocoder,Transmission Codec,gsm_610,16000,3.68,test
data/tts/asvspoof_2021_00059.wav,TTS,ASVspoof_2021,SPK_ASV_059,en,SPOOF_LA,Neural Vocoder,Transmission Codec,gsm_610,16000,3.58,train
data/tts/asvspoof_2021_00060.wav,TTS,ASVspoof_2021,SPK_ASV_060,en,SPOOF_LA,Neural Vocoder,Transmission Codec,gsm_610,16000,3.58,test
data/tts/asvspoof_2021_00061.wav,TTS,ASVspoof_2021,SPK_ASV_061,en,SPOOF_LA,Neural Vocoder,Transmission Codec,gsm_610,16000,3.29,train
data/tts/asvspoof_2021_00062.wav,TTS,ASVspoof_2021,SPK_ASV_062,en,SPOOF_LA,Neural Vocoder,Transmission Codec,gsm_610,16000,3.34,validation
data/tts/asvspoof_2021_00063.wav,TTS,ASVspoof_2021,SPK_ASV_063,en,SPOOF_LA,Neural Vocoder,Transmission Codec,gsm_610,16000,4.52,train
data/tts/asvspoof_2021_00064.wav,TTS,ASVspoof_2021,SPK_ASV_064,en,SPOOF_LA,Neural Vocoder,Transmission Codec,gsm_610,16000,3.78,train
data/tts/asvspoof_2021_00065.wav,TTS,ASVspoof_2021,SPK_ASV_065,en,SPOOF_LA,Neural Vocoder,Transmission Codec,gsm_610,16000,3.36,test
data/tts/asvspoof_2021_00066.wav,TTS,ASVspoof_2021,SPK_ASV_066,en,SPOOF_LA,Neural Vocoder,Transmission Codec,gsm_610,16000,3.22,test
data/tts/asvspoof_2021_00067.wav,TTS,ASVspoof_2021,SPK_ASV_067,en,SPOOF_LA,Neural Vocoder,Transmission Codec,gsm_610,16000,3.12,validation
data/tts/asvspoof_2021_00068.wav,TTS,ASVspoof_2021,SPK_ASV_068,en,SPOOF_LA,Neural Vocoder,Transmission Codec,gsm_610,16000,4.35,train
data/tts/asvspoof_2021_00069.wav,TTS,ASVspoof_2021,SPK_ASV_069,en,SPOOF_LA,Neural Vocoder,Transmission Codec,gsm_610,16000,3.16,test
data/tts/asvspoof_2021_00070.wav,TTS,ASVspoof_2021,SPK_ASV_070,en,SPOOF_LA,Neural Vocoder,Transmission Codec,gsm_610,16000,4.23,train
data/tts/asvspoof_2021_00071.wav,TTS,ASVspoof_2021,SPK_ASV_071,en,SPOOF_LA,Neural Vocoder,Transmission Codec,gsm_610,16000,4.34,train
data/tts/asvspoof_2021_00072.wav,TTS,ASVspoof_2021,SPK_ASV_072,en,SPOOF_LA,Neural Vocoder,Transmission Codec,gsm_610,16000,4.41,test
data/tts/asvspoof_2021_00073.wav,TTS,ASVspoof_2021,SPK_ASV_073,en,SPOOF_LA,Neural Vocoder,Transmission Codec,gsm_610,16000,3.06,train
data/tts/asvspoof_2021_00074.wav,TTS,ASVspoof_2021,SPK_ASV_074,en,SPOOF_LA,Neural Vocoder,Transmission Codec,gsm_610,16000,3.54,train
data/tts/asvspoof_2021_00075.wav,TTS,ASVspoof_2021,SPK_ASV_075,en,SPOOF_LA,Neural Vocoder,Transmission Codec,gsm_610,16000,4.23,train
data/tts/asvspoof_2021_00076.wav,TTS,ASVspoof_2021,SPK_ASV_076,en,SPOOF_LA,Neural Vocoder,Transmission Codec,gsm_610,16000,3.21,validation
data/tts/asvspoof_2021_00077.wav,TTS,ASVspoof_2021,SPK_ASV_077,en,SPOOF_LA,Neural Vocoder,Transmission Codec,gsm_610,16000,3.6,test
data/tts/asvspoof_2021_00078.wav,TTS,ASVspoof_2021,SPK_ASV_078,en,SPOOF_LA,Neural Vocoder,Transmission Codec,gsm_610,16000,3.26,train
data/tts/asvspoof_2021_00079.wav,TTS,ASVspoof_2021,SPK_ASV_079,en,SPOOF_LA,Neural Vocoder,Transmission Codec,gsm_610,16000,4.33,train
data/tts/asvspoof_2021_00080.wav,TTS,ASVspoof_2021,SPK_ASV_080,en,SPOOF_LA,Neural Vocoder,Transmission Codec,gsm_610,16000,4.23,train
data/tts/asvspoof_2021_00081.wav,TTS,ASVspoof_2021,SPK_ASV_081,en,SPOOF_LA,Neural Vocoder,Transmission Codec,gsm_610,16000,4.29,train
data/tts/asvspoof_2021_00082.wav,TTS,ASVspoof_2021,SPK_ASV_082,en,SPOOF_LA,Neural Vocoder,Transmission Codec,gsm_610,16000,3.26,train
data/tts/asvspoof_2021_00083.wav,TTS,ASVspoof_2021,SPK_ASV_083,en,SPOOF_LA,Neural Vocoder,Transmission Codec,gsm_610,16000,3.7,train
data/tts/asvspoof_2021_00084.wav,TTS,ASVspoof_2021,SPK_ASV_084,en,SPOOF_LA,Neural Vocoder,Transmission Codec,gsm_610,16000,3.66,train
data/tts/asvspoof_2021_00085.wav,TTS,ASVspoof_2021,SPK_ASV_085,en,SPOOF_LA,Neural Vocoder,Transmission Codec,gsm_610,16000,4.08,test
data/tts/asvspoof_2021_00086.wav,TTS,ASVspoof_2021,SPK_ASV_086,en,SPOOF_LA,Neural Vocoder,Transmission Codec,gsm_610,16000,3.38,train
data/tts/asvspoof_2021_00087.wav,TTS,ASVspoof_2021,SPK_ASV_087,en,SPOOF_LA,Neural Vocoder,Transmission Codec,gsm_610,16000,3.71,test
data/tts/asvspoof_2021_00088.wav,TTS,ASVspoof_2021,SPK_ASV_088,en,SPOOF_LA,Neural Vocoder,Transmission Codec,gsm_610,16000,3.46,train
data/tts/asvspoof_2021_00089.wav,TTS,ASVspoof_2021,SPK_ASV_089,en,SPOOF_LA,Neural Vocoder,Transmission Codec,gsm_610,16000,4.2,train
data/tts/asvspoof_2021_00090.wav,TTS,ASVspoof_2021,SPK_ASV_090,en,SPOOF_LA,Neural Vocoder,Transmission Codec,gsm_610,16000,3.72,validation
data/tts/asvspoof_2021_00091.wav,TTS,ASVspoof_2021,SPK_ASV_091,en,SPOOF_LA,Neural Vocoder,Transmission Codec,gsm_610,16000,3.85,train
data/tts/asvspoof_2021_00092.wav,TTS,ASVspoof_2021,SPK_ASV_092,en,SPOOF_LA,Neural Vocoder,Transmission Codec,gsm_610,16000,3.5,train
data/tts/asvspoof_2021_00093.wav,TTS,ASVspoof_2021,SPK_ASV_093,en,SPOOF_LA,Neural Vocoder,Transmission Codec,gsm_610,16000,4.29,validation
data/tts/asvspoof_2021_00094.wav,TTS,ASVspoof_2021,SPK_ASV_094,en,SPOOF_LA,Neural Vocoder,Transmission Codec,gsm_610,16000,3.75,train
data/tts/asvspoof_2021_00095.wav,TTS,ASVspoof_2021,SPK_ASV_095,en,SPOOF_LA,Neural Vocoder,Transmission Codec,gsm_610,16000,4.34,train
data/tts/asvspoof_2021_00096.wav,TTS,ASVspoof_2021,SPK_ASV_096,en,SPOOF_LA,Neural Vocoder,Transmission Codec,gsm_610,16000,3.59,train
data/tts/asvspoof_2021_00097.wav,TTS,ASVspoof_2021,SPK_ASV_097,en,SPOOF_LA,Neural Vocoder,Transmission Codec,gsm_610,16000,4.52,train
data/tts/asvspoof_2021_00098.wav,TTS,ASVspoof_2021,SPK_ASV_098,en,SPOOF_LA,Neural Vocoder,Transmission Codec,gsm_610,16000,4.58,train
data/tts/asvspoof_2021_00099.wav,TTS,ASVspoof_2021,SPK_ASV_099,en,SPOOF_LA,Neural Vocoder,Transmission Codec,gsm_610,16000,3.74,test
data/tts/asvspoof_2021_00100.wav,TTS,ASVspoof_2021,SPK_ASV_100,en,SPOOF_LA,Neural Vocoder,Transmission Codec,gsm_610,16000,3.45,train
data/tts/asvspoof_2021_00101.wav,TTS,ASVspoof_2021,SPK_ASV_101,en,SPOOF_LA,Neural Vocoder,Transmission Codec,gsm_610,16000,3.61,train
data/tts/asvspoof_2021_00102.wav,TTS,ASVspoof_2021,SPK_ASV_102,en,SPOOF_LA,Neural Vocoder,Transmission Codec,gsm_610,16000,3.84,validation
data/tts/asvspoof_2021_00103.wav,TTS,ASVspoof_2021,SPK_ASV_103,en,SPOOF_LA,Neural Vocoder,Transmission Codec,gsm_610,16000,4.55,train
data/tts/asvspoof_2021_00104.wav,TTS,ASVspoof_2021,SPK_ASV_104,en,SPOOF_LA,Neural Vocoder,Transmission Codec,gsm_610,16000,4.31,train
data/tts/asvspoof_2021_00105.wav,TTS,ASVspoof_2021,SPK_ASV_105,en,SPOOF_LA,Neural Vocoder,Transmission Codec,gsm_610,16000,4.28,validation
data/tts/asvspoof_2021_00106.wav,TTS,ASVspoof_2021,SPK_ASV_106,en,SPOOF_LA,Neural Vocoder,Transmission Codec,gsm_610,16000,3.22,train
data/tts/asvspoof_2021_00107.wav,TTS,ASVspoof_2021,SPK_ASV_107,en,SPOOF_LA,Neural Vocoder,Transmission Codec,gsm_610,16000,3.4,train
data/tts/asvspoof_2021_00108.wav,TTS,ASVspoof_2021,SPK_ASV_108,en,SPOOF_LA,Neural Vocoder,Transmission Codec,gsm_610,16000,4.03,train
data/tts/asvspoof_2021_00109.wav,TTS,ASVspoof_2021,SPK_ASV_109,en,SPOOF_LA,Neural Vocoder,Transmission Codec,gsm_610,16000,4.4,train
data/tts/asvspoof_2021_00110.wav,TTS,ASVspoof_2021,SPK_ASV_110,en,SPOOF_LA,Neural Vocoder,Transmission Codec,gsm_610,16000,3.89,test
data/tts/asvspoof_2021_00111.wav,TTS,ASVspoof_2021,SPK_ASV_111,en,SPOOF_LA,Neural Vocoder,Transmission Codec,gsm_610,16000,3.16,validation
data/tts/asvspoof_2021_00112.wav,TTS,ASVspoof_2021,SPK_ASV_112,en,SPOOF_LA,Neural Vocoder,Transmission Codec,gsm_610,16000,4.35,train
data/tts/asvspoof_2021_00113.wav,TTS,ASVspoof_2021,SPK_ASV_113,en,SPOOF_LA,Neural Vocoder,Transmission Codec,gsm_610,16000,4.36,train
data/tts/asvspoof_2021_00114.wav,TTS,ASVspoof_2021,SPK_ASV_114,en,SPOOF_LA,Neural Vocoder,Transmission Codec,gsm_610,16000,3.46,train
data/tts/asvspoof_2021_00115.wav,TTS,ASVspoof_2021,SPK_ASV_115,en,SPOOF_LA,Neural Vocoder,Transmission Codec,gsm_610,16000,4.22,train
data/tts/asvspoof_2021_00116.wav,TTS,ASVspoof_2021,SPK_ASV_116,en,SPOOF_LA,Neural Vocoder,Transmission Codec,gsm_610,16000,3.44,train
data/tts/asvspoof_2021_00117.wav,TTS,ASVspoof_2021,SPK_ASV_117,en,SPOOF_LA,Neural Vocoder,Transmission Codec,gsm_610,16000,4.45,validation
data/tts/asvspoof_2021_00118.wav,TTS,ASVspoof_2021,SPK_ASV_118,en,SPOOF_LA,Neural Vocoder,Transmission Codec,gsm_610,16000,3.24,train
data/tts/asvspoof_2021_00119.wav,TTS,ASVspoof_2021,SPK_ASV_119,en,SPOOF_LA,Neural Vocoder,Transmission Codec,gsm_610,16000,3.7,train
data/tts/asvspoof_2021_00120.wav,TTS,ASVspoof_2021,SPK_ASV_000,en,SPOOF_LA,Neural Vocoder,Transmission Codec,gsm_610,16000,4.51,train
data/tts/asvspoof_2021_00121.wav,TTS,ASVspoof_2021,SPK_ASV_001,en,SPOOF_LA,Neural Vocoder,Transmission Codec,gsm_610,16000,3.36,train
data/tts/asvspoof_2021_00122.wav,TTS,ASVspoof_2021,SPK_ASV_002,en,SPOOF_LA,Neural Vocoder,Transmission Codec,gsm_610,16000,3.72,validation
data/tts/asvspoof_2021_00123.wav,TTS,ASVspoof_2021,SPK_ASV_003,en,SPOOF_LA,Neural Vocoder,Transmission Codec,gsm_610,16000,3.56,train
data/tts/asvspoof_2021_00124.wav,TTS,ASVspoof_2021,SPK_ASV_004,en,SPOOF_LA,Neural Vocoder,Transmission Codec,gsm_610,16000,3.04,train
data/tts/asvspoof_2021_00125.wav,TTS,ASVspoof_2021,SPK_ASV_005,en,SPOOF_LA,Neural Vocoder,Transmission Codec,gsm_610,16000,3.09,train
data/tts/asvspoof_2021_00126.wav,TTS,ASVspoof_2021,SPK_ASV_006,en,SPOOF_LA,Neural Vocoder,Transmission Codec,gsm_610,16000,3.8,train
data/tts/asvspoof_2021_00127.wav,TTS,ASVspoof_2021,SPK_ASV_007,en,SPOOF_LA,Neural Vocoder,Transmission Codec,gsm_610,16000,3.38,train
data/tts/asvspoof_2021_00128.wav,TTS,ASVspoof_2021,SPK_ASV_008,en,SPOOF_LA,Neural Vocoder,Transmission Codec,gsm_610,16000,4.59,train
data/tts/asvspoof_2021_00129.wav,TTS,ASVspoof_2021,SPK_ASV_009,en,SPOOF_LA,Neural Vocoder,Transmission Codec,gsm_610,16000,3.6,train
data/tts/asvspoof_2021_00130.wav,TTS,ASVspoof_2021,SPK_ASV_010,en,SPOOF_LA,Neural Vocoder,Transmission Codec,gsm_610,16000,3.05,validation
data/tts/asvspoof_2021_00131.wav,TTS,ASVspoof_2021,SPK_ASV_011,en,SPOOF_LA,Neural Vocoder,Transmission Codec,gsm_610,16000,4.49,train
data/tts/asvspoof_2021_00132.wav,TTS,ASVspoof_2021,SPK_ASV_012,en,SPOOF_LA,Neural Vocoder,Transmission Codec,gsm_610,16000,4.34,train
data/tts/asvspoof_2021_00133.wav,TTS,ASVspoof_2021,SPK_ASV_013,en,SPOOF_LA,Neural Vocoder,Transmission Codec,gsm_610,16000,4.04,validation
data/tts/asvspoof_2021_00134.wav,TTS,ASVspoof_2021,SPK_ASV_014,en,SPOOF_LA,Neural Vocoder,Transmission Codec,gsm_610,16000,4.27,train
data/tts/asvspoof_2021_00135.wav,TTS,ASVspoof_2021,SPK_ASV_015,en,SPOOF_LA,Neural Vocoder,Transmission Codec,gsm_610,16000,3.22,train
data/tts/asvspoof_2021_00136.wav,TTS,ASVspoof_2021,SPK_ASV_016,en,SPOOF_LA,Neural Vocoder,Transmission Codec,gsm_610,16000,3.46,train
data/tts/asvspoof_2021_00137.wav,TTS,ASVspoof_2021,SPK_ASV_017,en,SPOOF_LA,Neural Vocoder,Transmission Codec,gsm_610,16000,4.33,train
data/tts/asvspoof_2021_00138.wav,TTS,ASVspoof_2021,SPK_ASV_018,en,SPOOF_LA,Neural Vocoder,Transmission Codec,gsm_610,16000,4.11,train
data/tts/asvspoof_2021_00139.wav,TTS,ASVspoof_2021,SPK_ASV_019,en,SPOOF_LA,Neural Vocoder,Transmission Codec,gsm_610,16000,3.22,train
data/tts/asvspoof_2021_00140.wav,TTS,ASVspoof_2021,SPK_ASV_020,en,SPOOF_LA,Neural Vocoder,Transmission Codec,gsm_610,16000,4.13,train
data/tts/asvspoof_2021_00141.wav,TTS,ASVspoof_2021,SPK_ASV_021,en,SPOOF_LA,Neural Vocoder,Transmission Codec,gsm_610,16000,3.72,train
data/tts/asvspoof_2021_00142.wav,TTS,ASVspoof_2021,SPK_ASV_022,en,SPOOF_LA,Neural Vocoder,Transmission Codec,gsm_610,16000,3.01,train
data/tts/asvspoof_2021_00143.wav,TTS,ASVspoof_2021,SPK_ASV_023,en,SPOOF_LA,Neural Vocoder,Transmission Codec,gsm_610,16000,3.13,train
data/tts/asvspoof_2021_00144.wav,TTS,ASVspoof_2021,SPK_ASV_024,en,SPOOF_LA,Neural Vocoder,Transmission Codec,gsm_610,16000,3.41,test
data/tts/asvspoof_2021_00145.wav,TTS,ASVspoof_2021,SPK_ASV_025,en,SPOOF_LA,Neural Vocoder,Transmission Codec,gsm_610,16000,4.34,train
data/tts/asvspoof_2021_00146.wav,TTS,ASVspoof_2021,SPK_ASV_026,en,SPOOF_LA,Neural Vocoder,Transmission Codec,gsm_610,16000,3.88,train
data/tts/asvspoof_2021_00147.wav,TTS,ASVspoof_2021,SPK_ASV_027,en,SPOOF_LA,Neural Vocoder,Transmission Codec,gsm_610,16000,4.16,train
data/tts/asvspoof_2021_00148.wav,TTS,ASVspoof_2021,SPK_ASV_028,en,SPOOF_LA,Neural Vocoder,Transmission Codec,gsm_610,16000,3.84,train
data/tts/asvspoof_2021_00149.wav,TTS,ASVspoof_2021,SPK_ASV_029,en,SPOOF_LA,Neural Vocoder,Transmission Codec,gsm_610,16000,3.18,train
data/tts/asvspoof_2021_00150.wav,TTS,ASVspoof_2021,SPK_ASV_030,en,SPOOF_LA,Neural Vocoder,Transmission Codec,gsm_610,16000,3.46,train
data/tts/asvspoof_2021_00151.wav,TTS,ASVspoof_2021,SPK_ASV_031,en,SPOOF_LA,Neural Vocoder,Transmission Codec,gsm_610,16000,3.48,train
data/tts/asvspoof_2021_00152.wav,TTS,ASVspoof_2021,SPK_ASV_032,en,SPOOF_LA,Neural Vocoder,Transmission Codec,gsm_610,16000,3.08,test
data/tts/asvspoof_2021_00153.wav,TTS,ASVspoof_2021,SPK_ASV_033,en,SPOOF_LA,Neural Vocoder,Transmission Codec,gsm_610,16000,3.67,train
data/tts/asvspoof_2021_00154.wav,TTS,ASVspoof_2021,SPK_ASV_034,en,SPOOF_LA,Neural Vocoder,Transmission Codec,gsm_610,16000,4.27,validation
data/tts/asvspoof_2021_00155.wav,TTS,ASVspoof_2021,SPK_ASV_035,en,SPOOF_LA,Neural Vocoder,Transmission Codec,gsm_610,16000,3.73,train
data/tts/asvspoof_2021_00156.wav,TTS,ASVspoof_2021,SPK_ASV_036,en,SPOOF_LA,Neural Vocoder,Transmission Codec,gsm_610,16000,3.18,train
data/tts/asvspoof_2021_00157.wav,TTS,ASVspoof_2021,SPK_ASV_037,en,SPOOF_LA,Neural Vocoder,Transmission Codec,gsm_610,16000,4.45,train
data/tts/asvspoof_2021_00158.wav,TTS,ASVspoof_2021,SPK_ASV_038,en,SPOOF_LA,Neural Vocoder,Transmission Codec,gsm_610,16000,3.95,train
data/tts/asvspoof_2021_00159.wav,TTS,ASVspoof_2021,SPK_ASV_039,en,SPOOF_LA,Neural Vocoder,Transmission Codec,gsm_610,16000,3.03,train
data/tts/asvspoof_2021_00160.wav,TTS,ASVspoof_2021,SPK_ASV_040,en,SPOOF_LA,Neural Vocoder,Transmission Codec,gsm_610,16000,3.82,train
data/tts/asvspoof_2021_00161.wav,TTS,ASVspoof_2021,SPK_ASV_041,en,SPOOF_LA,Neural Vocoder,Transmission Codec,gsm_610,16000,3.39,train
data/tts/asvspoof_2021_00162.wav,TTS,ASVspoof_2021,SPK_ASV_042,en,SPOOF_LA,Neural Vocoder,Transmission Codec,gsm_610,16000,3.23,train
data/tts/asvspoof_2021_00163.wav,TTS,ASVspoof_2021,SPK_ASV_043,en,SPOOF_LA,Neural Vocoder,Transmission Codec,gsm_610,16000,3.69,validation
data/tts/asvspoof_2021_00164.wav,TTS,ASVspoof_2021,SPK_ASV_044,en,SPOOF_LA,Neural Vocoder,Transmission Codec,gsm_610,16000,3.98,test
data/tts/asvspoof_2021_00165.wav,TTS,ASVspoof_2021,SPK_ASV_045,en,SPOOF_LA,Neural Vocoder,Transmission Codec,gsm_610,16000,3.38,train
data/tts/asvspoof_2021_00166.wav,TTS,ASVspoof_2021,SPK_ASV_046,en,SPOOF_LA,Neural Vocoder,Transmission Codec,gsm_610,16000,3.67,train
data/tts/asvspoof_2021_00167.wav,TTS,ASVspoof_2021,SPK_ASV_047,en,SPOOF_LA,Neural Vocoder,Transmission Codec,gsm_610,16000,4.06,test
data/tts/asvspoof_2021_00168.wav,TTS,ASVspoof_2021,SPK_ASV_048,en,SPOOF_LA,Neural Vocoder,Transmission Codec,gsm_610,16000,3.14,validation
data/tts/asvspoof_2021_00169.wav,TTS,ASVspoof_2021,SPK_ASV_049,en,SPOOF_LA,Neural Vocoder,Transmission Codec,gsm_610,16000,4.56,test
data/tts/asvspoof_2021_00170.wav,TTS,ASVspoof_2021,SPK_ASV_050,en,SPOOF_LA,Neural Vocoder,Transmission Codec,gsm_610,16000,3.11,test
data/tts/asvspoof_2021_00171.wav,TTS,ASVspoof_2021,SPK_ASV_051,en,SPOOF_LA,Neural Vocoder,Transmission Codec,gsm_610,16000,3.84,test
data/tts/asvspoof_2021_00172.wav,TTS,ASVspoof_2021,SPK_ASV_052,en,SPOOF_LA,Neural Vocoder,Transmission Codec,gsm_610,16000,3.81,test
data/tts/asvspoof_2021_00173.wav,TTS,ASVspoof_2021,SPK_ASV_053,en,SPOOF_LA,Neural Vocoder,Transmission Codec,gsm_610,16000,4.58,test
data/tts/asvspoof_2021_00174.wav,TTS,ASVspoof_2021,SPK_ASV_054,en,SPOOF_LA,Neural Vocoder,Transmission Codec,gsm_610,16000,3.89,train
data/tts/asvspoof_2021_00175.wav,TTS,ASVspoof_2021,SPK_ASV_055,en,SPOOF_LA,Neural Vocoder,Transmission Codec,gsm_610,16000,3.62,train
data/tts/asvspoof_2021_00176.wav,TTS,ASVspoof_2021,SPK_ASV_056,en,SPOOF_LA,Neural Vocoder,Transmission Codec,gsm_610,16000,3.75,train
data/tts/asvspoof_2021_00177.wav,TTS,ASVspoof_2021,SPK_ASV_057,en,SPOOF_LA,Neural Vocoder,Transmission Codec,gsm_610,16000,4.02,test
data/tts/asvspoof_2021_00178.wav,TTS,ASVspoof_2021,SPK_ASV_058,en,SPOOF_LA,Neural Vocoder,Transmission Codec,gsm_610,16000,4.57,test
data/tts/asvspoof_2021_00179.wav,TTS,ASVspoof_2021,SPK_ASV_059,en,SPOOF_LA,Neural Vocoder,Transmission Codec,gsm_610,16000,3.41,train
data/tts/asvspoof_2021_00180.wav,TTS,ASVspoof_2021,SPK_ASV_060,en,SPOOF_LA,Neural Vocoder,Transmission Codec,gsm_610,16000,3.03,test
data/tts/asvspoof_2021_00181.wav,TTS,ASVspoof_2021,SPK_ASV_061,en,SPOOF_LA,Neural Vocoder,Transmission Codec,gsm_610,16000,4.26,train
data/tts/asvspoof_2021_00182.wav,TTS,ASVspoof_2021,SPK_ASV_062,en,SPOOF_LA,Neural Vocoder,Transmission Codec,gsm_610,16000,3.55,validation
data/tts/asvspoof_2021_00183.wav,TTS,ASVspoof_2021,SPK_ASV_063,en,SPOOF_LA,Neural Vocoder,Transmission Codec,gsm_610,16000,4.17,train
data/tts/asvspoof_2021_00184.wav,TTS,ASVspoof_2021,SPK_ASV_064,en,SPOOF_LA,Neural Vocoder,Transmission Codec,gsm_610,16000,4.01,train
data/tts/asvspoof_2021_00185.wav,TTS,ASVspoof_2021,SPK_ASV_065,en,SPOOF_LA,Neural Vocoder,Transmission Codec,gsm_610,16000,4.23,test
data/tts/asvspoof_2021_00186.wav,TTS,ASVspoof_2021,SPK_ASV_066,en,SPOOF_LA,Neural Vocoder,Transmission Codec,gsm_610,16000,4.18,test
data/tts/asvspoof_2021_00187.wav,TTS,ASVspoof_2021,SPK_ASV_067,en,SPOOF_LA,Neural Vocoder,Transmission Codec,gsm_610,16000,3.53,validation
data/tts/asvspoof_2021_00188.wav,TTS,ASVspoof_2021,SPK_ASV_068,en,SPOOF_LA,Neural Vocoder,Transmission Codec,gsm_610,16000,3.07,train
data/tts/asvspoof_2021_00189.wav,TTS,ASVspoof_2021,SPK_ASV_069,en,SPOOF_LA,Neural Vocoder,Transmission Codec,gsm_610,16000,3.87,test
data/tts/asvspoof_2021_00190.wav,TTS,ASVspoof_2021,SPK_ASV_070,en,SPOOF_LA,Neural Vocoder,Transmission Codec,gsm_610,16000,4.3,train
data/tts/asvspoof_2021_00191.wav,TTS,ASVspoof_2021,SPK_ASV_071,en,SPOOF_LA,Neural Vocoder,Transmission Codec,gsm_610,16000,3.28,train
data/tts/asvspoof_2021_00192.wav,TTS,ASVspoof_2021,SPK_ASV_072,en,SPOOF_LA,Neural Vocoder,Transmission Codec,gsm_610,16000,4.25,test
data/tts/asvspoof_2021_00193.wav,TTS,ASVspoof_2021,SPK_ASV_073,en,SPOOF_LA,Neural Vocoder,Transmission Codec,gsm_610,16000,3.74,train
data/tts/asvspoof_2021_00194.wav,TTS,ASVspoof_2021,SPK_ASV_074,en,SPOOF_LA,Neural Vocoder,Transmission Codec,gsm_610,16000,4.11,train
data/tts/asvspoof_2021_00195.wav,TTS,ASVspoof_2021,SPK_ASV_075,en,SPOOF_LA,Neural Vocoder,Transmission Codec,gsm_610,16000,4.01,train
data/tts/asvspoof_2021_00196.wav,TTS,ASVspoof_2021,SPK_ASV_076,en,SPOOF_LA,Neural Vocoder,Transmission Codec,gsm_610,16000,4.3,validation
data/tts/asvspoof_2021_00197.wav,TTS,ASVspoof_2021,SPK_ASV_077,en,SPOOF_LA,Neural Vocoder,Transmission Codec,gsm_610,16000,3.1,test
data/tts/asvspoof_2021_00198.wav,TTS,ASVspoof_2021,SPK_ASV_078,en,SPOOF_LA,Neural Vocoder,Transmission Codec,gsm_610,16000,4.24,train
data/tts/asvspoof_2021_00199.wav,TTS,ASVspoof_2021,SPK_ASV_079,en,SPOOF_LA,Neural Vocoder,Transmission Codec,gsm_610,16000,3.73,train
data/tts/asvspoof_2021_00200.wav,TTS,ASVspoof_2021,SPK_ASV_080,en,SPOOF_LA,Neural Vocoder,Transmission Codec,gsm_610,16000,3.47,train
data/tts/asvspoof_2021_00201.wav,TTS,ASVspoof_2021,SPK_ASV_081,en,SPOOF_LA,Neural Vocoder,Transmission Codec,gsm_610,16000,3.07,train
data/tts/asvspoof_2021_00202.wav,TTS,ASVspoof_2021,SPK_ASV_082,en,SPOOF_LA,Neural Vocoder,Transmission Codec,gsm_610,16000,3.32,train
data/tts/asvspoof_2021_00203.wav,TTS,ASVspoof_2021,SPK_ASV_083,en,SPOOF_LA,Neural Vocoder,Transmission Codec,gsm_610,16000,3.07,train
data/tts/asvspoof_2021_00204.wav,TTS,ASVspoof_2021,SPK_ASV_084,en,SPOOF_LA,Neural Vocoder,Transmission Codec,gsm_610,16000,4.49,train
data/tts/asvspoof_2021_00205.wav,TTS,ASVspoof_2021,SPK_ASV_085,en,SPOOF_LA,Neural Vocoder,Transmission Codec,gsm_610,16000,3.82,test
data/tts/asvspoof_2021_00206.wav,TTS,ASVspoof_2021,SPK_ASV_086,en,SPOOF_LA,Neural Vocoder,Transmission Codec,gsm_610,16000,4.58,train
data/tts/asvspoof_2021_00207.wav,TTS,ASVspoof_2021,SPK_ASV_087,en,SPOOF_LA,Neural Vocoder,Transmission Codec,gsm_610,16000,3.87,test
data/tts/asvspoof_2021_00208.wav,TTS,ASVspoof_2021,SPK_ASV_088,en,SPOOF_LA,Neural Vocoder,Transmission Codec,gsm_610,16000,3.41,train
data/tts/asvspoof_2021_00209.wav,TTS,ASVspoof_2021,SPK_ASV_089,en,SPOOF_LA,Neural Vocoder,Transmission Codec,gsm_610,16000,4.21,train
data/tts/asvspoof_2021_00210.wav,TTS,ASVspoof_2021,SPK_ASV_090,en,SPOOF_LA,Neural Vocoder,Transmission Codec,gsm_610,16000,3.31,validation
data/tts/asvspoof_2021_00211.wav,TTS,ASVspoof_2021,SPK_ASV_091,en,SPOOF_LA,Neural Vocoder,Transmission Codec,gsm_610,16000,3.57,train
data/tts/asvspoof_2021_00212.wav,TTS,ASVspoof_2021,SPK_ASV_092,en,SPOOF_LA,Neural Vocoder,Transmission Codec,gsm_610,16000,4.25,train
data/tts/asvspoof_2021_00213.wav,TTS,ASVspoof_2021,SPK_ASV_093,en,SPOOF_LA,Neural Vocoder,Transmission Codec,gsm_610,16000,4.39,validation
data/tts/asvspoof_2021_00214.wav,TTS,ASVspoof_2021,SPK_ASV_094,en,SPOOF_LA,Neural Vocoder,Transmission Codec,gsm_610,16000,3.53,train
data/tts/asvspoof_2021_00215.wav,TTS,ASVspoof_2021,SPK_ASV_095,en,SPOOF_LA,Neural Vocoder,Transmission Codec,gsm_610,16000,3.2,train
data/tts/asvspoof_2021_00216.wav,TTS,ASVspoof_2021,SPK_ASV_096,en,SPOOF_LA,Neural Vocoder,Transmission Codec,gsm_610,16000,3.59,train
data/tts/asvspoof_2021_00217.wav,TTS,ASVspoof_2021,SPK_ASV_097,en,SPOOF_LA,Neural Vocoder,Transmission Codec,gsm_610,16000,4.42,train
data/tts/asvspoof_2021_00218.wav,TTS,ASVspoof_2021,SPK_ASV_098,en,SPOOF_LA,Neural Vocoder,Transmission Codec,gsm_610,16000,4.19,train
data/tts/asvspoof_2021_00219.wav,TTS,ASVspoof_2021,SPK_ASV_099,en,SPOOF_LA,Neural Vocoder,Transmission Codec,gsm_610,16000,4.43,test
data/tts/asvspoof_2021_00220.wav,TTS,ASVspoof_2021,SPK_ASV_100,en,SPOOF_LA,Neural Vocoder,Transmission Codec,gsm_610,16000,3.62,train
data/tts/asvspoof_2021_00221.wav,TTS,ASVspoof_2021,SPK_ASV_101,en,SPOOF_LA,Neural Vocoder,Transmission Codec,gsm_610,16000,4.56,train
data/tts/asvspoof_2021_00222.wav,TTS,ASVspoof_2021,SPK_ASV_102,en,SPOOF_LA,Neural Vocoder,Transmission Codec,gsm_610,16000,3.79,validation
data/tts/asvspoof_2021_00223.wav,TTS,ASVspoof_2021,SPK_ASV_103,en,SPOOF_LA,Neural Vocoder,Transmission Codec,gsm_610,16000,3.8,train
data/tts/asvspoof_2021_00224.wav,TTS,ASVspoof_2021,SPK_ASV_104,en,SPOOF_LA,Neural Vocoder,Transmission Codec,gsm_610,16000,4.48,train
data/tts/asvspoof_2021_00225.wav,TTS,ASVspoof_2021,SPK_ASV_105,en,SPOOF_LA,Neural Vocoder,Transmission Codec,gsm_610,16000,3.83,validation
data/tts/asvspoof_2021_00226.wav,TTS,ASVspoof_2021,SPK_ASV_106,en,SPOOF_LA,Neural Vocoder,Transmission Codec,gsm_610,16000,4.28,train
data/tts/asvspoof_2021_00227.wav,TTS,ASVspoof_2021,SPK_ASV_107,en,SPOOF_LA,Neural Vocoder,Transmission Codec,gsm_610,16000,4.16,train
data/tts/asvspoof_2021_00228.wav,TTS,ASVspoof_2021,SPK_ASV_108,en,SPOOF_LA,Neural Vocoder,Transmission Codec,gsm_610,16000,3.13,train
data/tts/asvspoof_2021_00229.wav,TTS,ASVspoof_2021,SPK_ASV_109,en,SPOOF_LA,Neural Vocoder,Transmission Codec,gsm_610,16000,3.96,train
data/tts/asvspoof_2021_00230.wav,TTS,ASVspoof_2021,SPK_ASV_110,en,SPOOF_LA,Neural Vocoder,Transmission Codec,gsm_610,16000,4.32,test
data/tts/asvspoof_2021_00231.wav,TTS,ASVspoof_2021,SPK_ASV_111,en,SPOOF_LA,Neural Vocoder,Transmission Codec,gsm_610,16000,3.87,validation
data/tts/asvspoof_2021_00232.wav,TTS,ASVspoof_2021,SPK_ASV_112,en,SPOOF_LA,Neural Vocoder,Transmission Codec,gsm_610,16000,3.51,train
data/tts/asvspoof_2021_00233.wav,TTS,ASVspoof_2021,SPK_ASV_113,en,SPOOF_LA,Neural Vocoder,Transmission Codec,gsm_610,16000,3.13,train
data/tts/asvspoof_2021_00234.wav,TTS,ASVspoof_2021,SPK_ASV_114,en,SPOOF_LA,Neural Vocoder,Transmission Codec,gsm_610,16000,4.06,train
data/tts/asvspoof_2021_00235.wav,TTS,ASVspoof_2021,SPK_ASV_115,en,SPOOF_LA,Neural Vocoder,Transmission Codec,gsm_610,16000,3.49,train
data/tts/asvspoof_2021_00236.wav,TTS,ASVspoof_2021,SPK_ASV_116,en,SPOOF_LA,Neural Vocoder,Transmission Codec,gsm_610,16000,3.96,train
data/tts/asvspoof_2021_00237.wav,TTS,ASVspoof_2021,SPK_ASV_117,en,SPOOF_LA,Neural Vocoder,Transmission Codec,gsm_610,16000,3.68,validation
data/tts/asvspoof_2021_00238.wav,TTS,ASVspoof_2021,SPK_ASV_118,en,SPOOF_LA,Neural Vocoder,Transmission Codec,gsm_610,16000,4.1,train
data/tts/asvspoof_2021_00239.wav,TTS,ASVspoof_2021,SPK_ASV_119,en,SPOOF_LA,Neural Vocoder,Transmission Codec,gsm_610,16000,3.56,train
data/tts/asvspoof_2021_00240.wav,TTS,ASVspoof_2021,SPK_ASV_000,en,SPOOF_LA,Neural Vocoder,Transmission Codec,gsm_610,16000,3.07,train
data/tts/asvspoof_2021_00241.wav,TTS,ASVspoof_2021,SPK_ASV_001,en,SPOOF_LA,Neural Vocoder,Transmission Codec,gsm_610,16000,4.39,train
data/tts/asvspoof_2021_00242.wav,TTS,ASVspoof_2021,SPK_ASV_002,en,SPOOF_LA,Neural Vocoder,Transmission Codec,gsm_610,16000,3.56,validation
data/tts/asvspoof_2021_00243.wav,TTS,ASVspoof_2021,SPK_ASV_003,en,SPOOF_LA,Neural Vocoder,Transmission Codec,gsm_610,16000,4.6,train
data/tts/asvspoof_2021_00244.wav,TTS,ASVspoof_2021,SPK_ASV_004,en,SPOOF_LA,Neural Vocoder,Transmission Codec,gsm_610,16000,3.44,train
data/tts/asvspoof_2021_00245.wav,TTS,ASVspoof_2021,SPK_ASV_005,en,SPOOF_LA,Neural Vocoder,Transmission Codec,gsm_610,16000,4.57,train
data/tts/asvspoof_2021_00246.wav,TTS,ASVspoof_2021,SPK_ASV_006,en,SPOOF_LA,Neural Vocoder,Transmission Codec,gsm_610,16000,4.52,train
data/tts/asvspoof_2021_00247.wav,TTS,ASVspoof_2021,SPK_ASV_007,en,SPOOF_LA,Neural Vocoder,Transmission Codec,gsm_610,16000,3.12,train
data/tts/asvspoof_2021_00248.wav,TTS,ASVspoof_2021,SPK_ASV_008,en,SPOOF_LA,Neural Vocoder,Transmission Codec,gsm_610,16000,4.02,train
data/tts/asvspoof_2021_00249.wav,TTS,ASVspoof_2021,SPK_ASV_009,en,SPOOF_LA,Neural Vocoder,Transmission Codec,gsm_610,16000,3.58,train
data/tts/asvspoof_2021_00250.wav,TTS,ASVspoof_2021,SPK_ASV_010,en,SPOOF_LA,Neural Vocoder,Transmission Codec,gsm_610,16000,4.28,validation
data/tts/asvspoof_2021_00251.wav,TTS,ASVspoof_2021,SPK_ASV_011,en,SPOOF_LA,Neural Vocoder,Transmission Codec,gsm_610,16000,4.09,train
data/tts/asvspoof_2021_00252.wav,TTS,ASVspoof_2021,SPK_ASV_012,en,SPOOF_LA,Neural Vocoder,Transmission Codec,gsm_610,16000,4.52,train
data/tts/asvspoof_2021_00253.wav,TTS,ASVspoof_2021,SPK_ASV_013,en,SPOOF_LA,Neural Vocoder,Transmission Codec,gsm_610,16000,3.23,validation
data/tts/asvspoof_2021_00254.wav,TTS,ASVspoof_2021,SPK_ASV_014,en,SPOOF_LA,Neural Vocoder,Transmission Codec,gsm_610,16000,3.97,train
data/tts/asvspoof_2021_00255.wav,TTS,ASVspoof_2021,SPK_ASV_015,en,SPOOF_LA,Neural Vocoder,Transmission Codec,gsm_610,16000,4.25,train
data/tts/asvspoof_2021_00256.wav,TTS,ASVspoof_2021,SPK_ASV_016,en,SPOOF_LA,Neural Vocoder,Transmission Codec,gsm_610,16000,3.06,train
data/tts/asvspoof_2021_00257.wav,TTS,ASVspoof_2021,SPK_ASV_017,en,SPOOF_LA,Neural Vocoder,Transmission Codec,gsm_610,16000,3.11,train
data/tts/asvspoof_2021_00258.wav,TTS,ASVspoof_2021,SPK_ASV_018,en,SPOOF_LA,Neural Vocoder,Transmission Codec,gsm_610,16000,4.25,train
data/tts/asvspoof_2021_00259.wav,TTS,ASVspoof_2021,SPK_ASV_019,en,SPOOF_LA,Neural Vocoder,Transmission Codec,gsm_610,16000,3.59,train
data/tts/asvspoof_2021_00260.wav,TTS,ASVspoof_2021,SPK_ASV_020,en,SPOOF_LA,Neural Vocoder,Transmission Codec,gsm_610,16000,3.61,train
data/tts/asvspoof_2021_00261.wav,TTS,ASVspoof_2021,SPK_ASV_021,en,SPOOF_LA,Neural Vocoder,Transmission Codec,gsm_610,16000,3.91,train
data/tts/asvspoof_2021_00262.wav,TTS,ASVspoof_2021,SPK_ASV_022,en,SPOOF_LA,Neural Vocoder,Transmission Codec,gsm_610,16000,3.97,train
data/tts/asvspoof_2021_00263.wav,TTS,ASVspoof_2021,SPK_ASV_023,en,SPOOF_LA,Neural Vocoder,Transmission Codec,gsm_610,16000,4.09,train
data/tts/asvspoof_2021_00264.wav,TTS,ASVspoof_2021,SPK_ASV_024,en,SPOOF_LA,Neural Vocoder,Transmission Codec,gsm_610,16000,4.52,test
data/tts/asvspoof_2021_00265.wav,TTS,ASVspoof_2021,SPK_ASV_025,en,SPOOF_LA,Neural Vocoder,Transmission Codec,gsm_610,16000,3.6,train
data/tts/asvspoof_2021_00266.wav,TTS,ASVspoof_2021,SPK_ASV_026,en,SPOOF_LA,Neural Vocoder,Transmission Codec,gsm_610,16000,4.22,train
data/tts/asvspoof_2021_00267.wav,TTS,ASVspoof_2021,SPK_ASV_027,en,SPOOF_LA,Neural Vocoder,Transmission Codec,gsm_610,16000,3.92,train
data/tts/asvspoof_2021_00268.wav,TTS,ASVspoof_2021,SPK_ASV_028,en,SPOOF_LA,Neural Vocoder,Transmission Codec,gsm_610,16000,3.85,train
data/tts/asvspoof_2021_00269.wav,TTS,ASVspoof_2021,SPK_ASV_029,en,SPOOF_LA,Neural Vocoder,Transmission Codec,gsm_610,16000,3.64,train
data/tts/asvspoof_2021_00270.wav,TTS,ASVspoof_2021,SPK_ASV_030,en,SPOOF_LA,Neural Vocoder,Transmission Codec,gsm_610,16000,4.04,train
data/tts/asvspoof_2021_00271.wav,TTS,ASVspoof_2021,SPK_ASV_031,en,SPOOF_LA,Neural Vocoder,Transmission Codec,gsm_610,16000,3.4,train
data/tts/asvspoof_2021_00272.wav,TTS,ASVspoof_2021,SPK_ASV_032,en,SPOOF_LA,Neural Vocoder,Transmission Codec,gsm_610,16000,3.18,test
data/tts/asvspoof_2021_00273.wav,TTS,ASVspoof_2021,SPK_ASV_033,en,SPOOF_LA,Neural Vocoder,Transmission Codec,gsm_610,16000,4.18,train
data/tts/asvspoof_2021_00274.wav,TTS,ASVspoof_2021,SPK_ASV_034,en,SPOOF_LA,Neural Vocoder,Transmission Codec,gsm_610,16000,3.8,validation
data/tts/asvspoof_2021_00275.wav,TTS,ASVspoof_2021,SPK_ASV_035,en,SPOOF_LA,Neural Vocoder,Transmission Codec,gsm_610,16000,3.62,train
data/tts/asvspoof_2021_00276.wav,TTS,ASVspoof_2021,SPK_ASV_036,en,SPOOF_LA,Neural Vocoder,Transmission Codec,gsm_610,16000,3.9,train
data/tts/asvspoof_2021_00277.wav,TTS,ASVspoof_2021,SPK_ASV_037,en,SPOOF_LA,Neural Vocoder,Transmission Codec,gsm_610,16000,3.42,train
data/tts/asvspoof_2021_00278.wav,TTS,ASVspoof_2021,SPK_ASV_038,en,SPOOF_LA,Neural Vocoder,Transmission Codec,gsm_610,16000,3.42,train
data/tts/asvspoof_2021_00279.wav,TTS,ASVspoof_2021,SPK_ASV_039,en,SPOOF_LA,Neural Vocoder,Transmission Codec,gsm_610,16000,3.71,train
data/tts/asvspoof_2021_00280.wav,TTS,ASVspoof_2021,SPK_ASV_040,en,SPOOF_LA,Neural Vocoder,Transmission Codec,gsm_610,16000,4.59,train
data/tts/asvspoof_2021_00281.wav,TTS,ASVspoof_2021,SPK_ASV_041,en,SPOOF_LA,Neural Vocoder,Transmission Codec,gsm_610,16000,3.46,train
data/tts/asvspoof_2021_00282.wav,TTS,ASVspoof_2021,SPK_ASV_042,en,SPOOF_LA,Neural Vocoder,Transmission Codec,gsm_610,16000,4.47,train
data/tts/asvspoof_2021_00283.wav,TTS,ASVspoof_2021,SPK_ASV_043,en,SPOOF_LA,Neural Vocoder,Transmission Codec,gsm_610,16000,3.79,validation
data/tts/asvspoof_2021_00284.wav,TTS,ASVspoof_2021,SPK_ASV_044,en,SPOOF_LA,Neural Vocoder,Transmission Codec,gsm_610,16000,3.2,test
data/tts/asvspoof_2021_00285.wav,TTS,ASVspoof_2021,SPK_ASV_045,en,SPOOF_LA,Neural Vocoder,Transmission Codec,gsm_610,16000,4.36,train
data/tts/asvspoof_2021_00286.wav,TTS,ASVspoof_2021,SPK_ASV_046,en,SPOOF_LA,Neural Vocoder,Transmission Codec,gsm_610,16000,3.72,train
data/tts/asvspoof_2021_00287.wav,TTS,ASVspoof_2021,SPK_ASV_047,en,SPOOF_LA,Neural Vocoder,Transmission Codec,gsm_610,16000,4.44,test
data/tts/asvspoof_2021_00288.wav,TTS,ASVspoof_2021,SPK_ASV_048,en,SPOOF_LA,Neural Vocoder,Transmission Codec,gsm_610,16000,3.71,validation
data/tts/asvspoof_2021_00289.wav,TTS,ASVspoof_2021,SPK_ASV_049,en,SPOOF_LA,Neural Vocoder,Transmission Codec,gsm_610,16000,3.14,test
data/tts/asvspoof_2021_00290.wav,TTS,ASVspoof_2021,SPK_ASV_050,en,SPOOF_LA,Neural Vocoder,Transmission Codec,gsm_610,16000,4.09,test
data/tts/asvspoof_2021_00291.wav,TTS,ASVspoof_2021,SPK_ASV_051,en,SPOOF_LA,Neural Vocoder,Transmission Codec,gsm_610,16000,4.35,test
data/tts/asvspoof_2021_00292.wav,TTS,ASVspoof_2021,SPK_ASV_052,en,SPOOF_LA,Neural Vocoder,Transmission Codec,gsm_610,16000,3.51,test
data/tts/asvspoof_2021_00293.wav,TTS,ASVspoof_2021,SPK_ASV_053,en,SPOOF_LA,Neural Vocoder,Transmission Codec,gsm_610,16000,3.56,test
data/tts/asvspoof_2021_00294.wav,TTS,ASVspoof_2021,SPK_ASV_054,en,SPOOF_LA,Neural Vocoder,Transmission Codec,gsm_610,16000,3.1,train
data/tts/asvspoof_2021_00295.wav,TTS,ASVspoof_2021,SPK_ASV_055,en,SPOOF_LA,Neural Vocoder,Transmission Codec,gsm_610,16000,3.87,train
data/tts/asvspoof_2021_00296.wav,TTS,ASVspoof_2021,SPK_ASV_056,en,SPOOF_LA,Neural Vocoder,Transmission Codec,gsm_610,16000,4.43,train
data/tts/asvspoof_2021_00297.wav,TTS,ASVspoof_2021,SPK_ASV_057,en,SPOOF_LA,Neural Vocoder,Transmission Codec,gsm_610,16000,4.36,test
data/tts/asvspoof_2021_00298.wav,TTS,ASVspoof_2021,SPK_ASV_058,en,SPOOF_LA,Neural Vocoder,Transmission Codec,gsm_610,16000,4.14,test
data/tts/asvspoof_2021_00299.wav,TTS,ASVspoof_2021,SPK_ASV_059,en,SPOOF_LA,Neural Vocoder,Transmission Codec,gsm_610,16000,4.48,train
data/tts/asvspoof_2021_00300.wav,TTS,ASVspoof_2021,SPK_ASV_060,en,SPOOF_LA,Neural Vocoder,Transmission Codec,gsm_610,16000,4.02,test
data/tts/asvspoof_2021_00301.wav,TTS,ASVspoof_2021,SPK_ASV_061,en,SPOOF_LA,Neural Vocoder,Transmission Codec,gsm_610,16000,4.27,train
data/tts/asvspoof_2021_00302.wav,TTS,ASVspoof_2021,SPK_ASV_062,en,SPOOF_LA,Neural Vocoder,Transmission Codec,gsm_610,16000,3.81,validation
data/tts/asvspoof_2021_00303.wav,TTS,ASVspoof_2021,SPK_ASV_063,en,SPOOF_LA,Neural Vocoder,Transmission Codec,gsm_610,16000,3.19,train
data/tts/asvspoof_2021_00304.wav,TTS,ASVspoof_2021,SPK_ASV_064,en,SPOOF_LA,Neural Vocoder,Transmission Codec,gsm_610,16000,3.32,train
data/tts/asvspoof_2021_00305.wav,TTS,ASVspoof_2021,SPK_ASV_065,en,SPOOF_LA,Neural Vocoder,Transmission Codec,gsm_610,16000,3.22,test
data/tts/asvspoof_2021_00306.wav,TTS,ASVspoof_2021,SPK_ASV_066,en,SPOOF_LA,Neural Vocoder,Transmission Codec,gsm_610,16000,4.26,test
data/tts/asvspoof_2021_00307.wav,TTS,ASVspoof_2021,SPK_ASV_067,en,SPOOF_LA,Neural Vocoder,Transmission Codec,gsm_610,16000,3.04,validation
data/tts/asvspoof_2021_00308.wav,TTS,ASVspoof_2021,SPK_ASV_068,en,SPOOF_LA,Neural Vocoder,Transmission Codec,gsm_610,16000,3.89,train
data/tts/asvspoof_2021_00309.wav,TTS,ASVspoof_2021,SPK_ASV_069,en,SPOOF_LA,Neural Vocoder,Transmission Codec,gsm_610,16000,3.59,test
data/tts/asvspoof_2021_00310.wav,TTS,ASVspoof_2021,SPK_ASV_070,en,SPOOF_LA,Neural Vocoder,Transmission Codec,gsm_610,16000,4.29,train
data/tts/asvspoof_2021_00311.wav,TTS,ASVspoof_2021,SPK_ASV_071,en,SPOOF_LA,Neural Vocoder,Transmission Codec,gsm_610,16000,3.88,train
data/tts/asvspoof_2021_00312.wav,TTS,ASVspoof_2021,SPK_ASV_072,en,SPOOF_LA,Neural Vocoder,Transmission Codec,gsm_610,16000,3.98,test
data/tts/asvspoof_2021_00313.wav,TTS,ASVspoof_2021,SPK_ASV_073,en,SPOOF_LA,Neural Vocoder,Transmission Codec,gsm_610,16000,3.14,train
data/tts/asvspoof_2021_00314.wav,TTS,ASVspoof_2021,SPK_ASV_074,en,SPOOF_LA,Neural Vocoder,Transmission Codec,gsm_610,16000,3.49,train
data/tts/asvspoof_2021_00315.wav,TTS,ASVspoof_2021,SPK_ASV_075,en,SPOOF_LA,Neural Vocoder,Transmission Codec,gsm_610,16000,4.6,train
data/tts/asvspoof_2021_00316.wav,TTS,ASVspoof_2021,SPK_ASV_076,en,SPOOF_LA,Neural Vocoder,Transmission Codec,gsm_610,16000,4.15,validation
data/tts/asvspoof_2021_00317.wav,TTS,ASVspoof_2021,SPK_ASV_077,en,SPOOF_LA,Neural Vocoder,Transmission Codec,gsm_610,16000,3.84,test
data/tts/asvspoof_2021_00318.wav,TTS,ASVspoof_2021,SPK_ASV_078,en,SPOOF_LA,Neural Vocoder,Transmission Codec,gsm_610,16000,4.23,train
data/tts/asvspoof_2021_00319.wav,TTS,ASVspoof_2021,SPK_ASV_079,en,SPOOF_LA,Neural Vocoder,Transmission Codec,gsm_610,16000,4.32,train
data/tts/asvspoof_2021_00320.wav,TTS,ASVspoof_2021,SPK_ASV_080,en,SPOOF_LA,Neural Vocoder,Transmission Codec,gsm_610,16000,3.12,train
data/tts/asvspoof_2021_00321.wav,TTS,ASVspoof_2021,SPK_ASV_081,en,SPOOF_LA,Neural Vocoder,Transmission Codec,gsm_610,16000,4.56,train
data/tts/asvspoof_2021_00322.wav,TTS,ASVspoof_2021,SPK_ASV_082,en,SPOOF_LA,Neural Vocoder,Transmission Codec,gsm_610,16000,4.03,train
data/tts/asvspoof_2021_00323.wav,TTS,ASVspoof_2021,SPK_ASV_083,en,SPOOF_LA,Neural Vocoder,Transmission Codec,gsm_610,16000,3.72,train
data/tts/asvspoof_2021_00324.wav,TTS,ASVspoof_2021,SPK_ASV_084,en,SPOOF_LA,Neural Vocoder,Transmission Codec,gsm_610,16000,4.09,train
data/tts/asvspoof_2021_00325.wav,TTS,ASVspoof_2021,SPK_ASV_085,en,SPOOF_LA,Neural Vocoder,Transmission Codec,gsm_610,16000,3.55,test
data/tts/asvspoof_2021_00326.wav,TTS,ASVspoof_2021,SPK_ASV_086,en,SPOOF_LA,Neural Vocoder,Transmission Codec,gsm_610,16000,4.4,train
data/tts/asvspoof_2021_00327.wav,TTS,ASVspoof_2021,SPK_ASV_087,en,SPOOF_LA,Neural Vocoder,Transmission Codec,gsm_610,16000,4.25,test
data/tts/asvspoof_2021_00328.wav,TTS,ASVspoof_2021,SPK_ASV_088,en,SPOOF_LA,Neural Vocoder,Transmission Codec,gsm_610,16000,4.02,train
data/tts/asvspoof_2021_00329.wav,TTS,ASVspoof_2021,SPK_ASV_089,en,SPOOF_LA,Neural Vocoder,Transmission Codec,gsm_610,16000,3.29,train
data/tts/asvspoof_2021_00330.wav,TTS,ASVspoof_2021,SPK_ASV_090,en,SPOOF_LA,Neural Vocoder,Transmission Codec,gsm_610,16000,4.55,validation
data/tts/asvspoof_2021_00331.wav,TTS,ASVspoof_2021,SPK_ASV_091,en,SPOOF_LA,Neural Vocoder,Transmission Codec,gsm_610,16000,3.69,train
data/tts/asvspoof_2021_00332.wav,TTS,ASVspoof_2021,SPK_ASV_092,en,SPOOF_LA,Neural Vocoder,Transmission Codec,gsm_610,16000,4.46,train
data/tts/asvspoof_2021_00333.wav,TTS,ASVspoof_2021,SPK_ASV_093,en,SPOOF_LA,Neural Vocoder,Transmission Codec,gsm_610,16000,3.09,validation
data/tts/asvspoof_2021_00334.wav,TTS,ASVspoof_2021,SPK_ASV_094,en,SPOOF_LA,Neural Vocoder,Transmission Codec,gsm_610,16000,3.2,train
data/tts/asvspoof_2021_00335.wav,TTS,ASVspoof_2021,SPK_ASV_095,en,SPOOF_LA,Neural Vocoder,Transmission Codec,gsm_610,16000,3.24,train
data/tts/asvspoof_2021_00336.wav,TTS,ASVspoof_2021,SPK_ASV_096,en,SPOOF_LA,Neural Vocoder,Transmission Codec,gsm_610,16000,3.26,train
data/tts/asvspoof_2021_00337.wav,TTS,ASVspoof_2021,SPK_ASV_097,en,SPOOF_LA,Neural Vocoder,Transmission Codec,gsm_610,16000,3.52,train
data/tts/asvspoof_2021_00338.wav,TTS,ASVspoof_2021,SPK_ASV_098,en,SPOOF_LA,Neural Vocoder,Transmission Codec,gsm_610,16000,4.13,train
data/tts/asvspoof_2021_00339.wav,TTS,ASVspoof_2021,SPK_ASV_099,en,SPOOF_LA,Neural Vocoder,Transmission Codec,gsm_610,16000,3.55,test
data/tts/asvspoof_2021_00340.wav,TTS,ASVspoof_2021,SPK_ASV_100,en,SPOOF_LA,Neural Vocoder,Transmission Codec,gsm_610,16000,4.51,train
data/tts/asvspoof_2021_00341.wav,TTS,ASVspoof_2021,SPK_ASV_101,en,SPOOF_LA,Neural Vocoder,Transmission Codec,gsm_610,16000,4.43,train
data/tts/asvspoof_2021_00342.wav,TTS,ASVspoof_2021,SPK_ASV_102,en,SPOOF_LA,Neural Vocoder,Transmission Codec,gsm_610,16000,4.35,validation
data/tts/asvspoof_2021_00343.wav,TTS,ASVspoof_2021,SPK_ASV_103,en,SPOOF_LA,Neural Vocoder,Transmission Codec,gsm_610,16000,3.4,train
data/tts/asvspoof_2021_00344.wav,TTS,ASVspoof_2021,SPK_ASV_104,en,SPOOF_LA,Neural Vocoder,Transmission Codec,gsm_610,16000,4.02,train
data/tts/asvspoof_2021_00345.wav,TTS,ASVspoof_2021,SPK_ASV_105,en,SPOOF_LA,Neural Vocoder,Transmission Codec,gsm_610,16000,3.88,validation
data/tts/asvspoof_2021_00346.wav,TTS,ASVspoof_2021,SPK_ASV_106,en,SPOOF_LA,Neural Vocoder,Transmission Codec,gsm_610,16000,3.2,train
data/tts/asvspoof_2021_00347.wav,TTS,ASVspoof_2021,SPK_ASV_107,en,SPOOF_LA,Neural Vocoder,Transmission Codec,gsm_610,16000,3.48,train
data/tts/asvspoof_2021_00348.wav,TTS,ASVspoof_2021,SPK_ASV_108,en,SPOOF_LA,Neural Vocoder,Transmission Codec,gsm_610,16000,3.85,train
data/tts/asvspoof_2021_00349.wav,TTS,ASVspoof_2021,SPK_ASV_109,en,SPOOF_LA,Neural Vocoder,Transmission Codec,gsm_610,16000,3.8,train
data/tts/asvspoof_2021_00350.wav,TTS,ASVspoof_2021,SPK_ASV_110,en,SPOOF_LA,Neural Vocoder,Transmission Codec,gsm_610,16000,3.27,test
data/tts/asvspoof_2021_00351.wav,TTS,ASVspoof_2021,SPK_ASV_111,en,SPOOF_LA,Neural Vocoder,Transmission Codec,gsm_610,16000,4.51,validation
data/tts/asvspoof_2021_00352.wav,TTS,ASVspoof_2021,SPK_ASV_112,en,SPOOF_LA,Neural Vocoder,Transmission Codec,gsm_610,16000,3.25,train
data/tts/asvspoof_2021_00353.wav,TTS,ASVspoof_2021,SPK_ASV_113,en,SPOOF_LA,Neural Vocoder,Transmission Codec,gsm_610,16000,4.05,train
data/tts/asvspoof_2021_00354.wav,TTS,ASVspoof_2021,SPK_ASV_114,en,SPOOF_LA,Neural Vocoder,Transmission Codec,gsm_610,16000,4.15,train
data/tts/asvspoof_2021_00355.wav,TTS,ASVspoof_2021,SPK_ASV_115,en,SPOOF_LA,Neural Vocoder,Transmission Codec,gsm_610,16000,3.97,train
data/tts/asvspoof_2021_00356.wav,TTS,ASVspoof_2021,SPK_ASV_116,en,SPOOF_LA,Neural Vocoder,Transmission Codec,gsm_610,16000,4.35,train
data/tts/asvspoof_2021_00357.wav,TTS,ASVspoof_2021,SPK_ASV_117,en,SPOOF_LA,Neural Vocoder,Transmission Codec,gsm_610,16000,3.9,validation
data/tts/asvspoof_2021_00358.wav,TTS,ASVspoof_2021,SPK_ASV_118,en,SPOOF_LA,Neural Vocoder,Transmission Codec,gsm_610,16000,4.32,train
data/tts/asvspoof_2021_00359.wav,TTS,ASVspoof_2021,SPK_ASV_119,en,SPOOF_LA,Neural Vocoder,Transmission Codec,gsm_610,16000,3.05,train
data/tts/asvspoof_2021_00360.wav,TTS,ASVspoof_2021,SPK_ASV_000,en,SPOOF_LA,Neural Vocoder,Transmission Codec,gsm_610,16000,3.07,train
data/tts/asvspoof_2021_00361.wav,TTS,ASVspoof_2021,SPK_ASV_001,en,SPOOF_LA,Neural Vocoder,Transmission Codec,gsm_610,16000,4.03,train
data/tts/asvspoof_2021_00362.wav,TTS,ASVspoof_2021,SPK_ASV_002,en,SPOOF_LA,Neural Vocoder,Transmission Codec,gsm_610,16000,3.92,validation
data/tts/asvspoof_2021_00363.wav,TTS,ASVspoof_2021,SPK_ASV_003,en,SPOOF_LA,Neural Vocoder,Transmission Codec,gsm_610,16000,4.04,train
data/tts/asvspoof_2021_00364.wav,TTS,ASVspoof_2021,SPK_ASV_004,en,SPOOF_LA,Neural Vocoder,Transmission Codec,gsm_610,16000,4.23,train
data/tts/asvspoof_2021_00365.wav,TTS,ASVspoof_2021,SPK_ASV_005,en,SPOOF_LA,Neural Vocoder,Transmission Codec,gsm_610,16000,3.67,train
data/tts/asvspoof_2021_00366.wav,TTS,ASVspoof_2021,SPK_ASV_006,en,SPOOF_LA,Neural Vocoder,Transmission Codec,gsm_610,16000,4.02,train
data/tts/asvspoof_2021_00367.wav,TTS,ASVspoof_2021,SPK_ASV_007,en,SPOOF_LA,Neural Vocoder,Transmission Codec,gsm_610,16000,3.8,train
data/tts/asvspoof_2021_00368.wav,TTS,ASVspoof_2021,SPK_ASV_008,en,SPOOF_LA,Neural Vocoder,Transmission Codec,gsm_610,16000,4.0,train
data/tts/asvspoof_2021_00369.wav,TTS,ASVspoof_2021,SPK_ASV_009,en,SPOOF_LA,Neural Vocoder,Transmission Codec,gsm_610,16000,3.46,train
data/tts/asvspoof_2021_00370.wav,TTS,ASVspoof_2021,SPK_ASV_010,en,SPOOF_LA,Neural Vocoder,Transmission Codec,gsm_610,16000,4.53,validation
data/tts/asvspoof_2021_00371.wav,TTS,ASVspoof_2021,SPK_ASV_011,en,SPOOF_LA,Neural Vocoder,Transmission Codec,gsm_610,16000,3.77,train
data/tts/asvspoof_2021_00372.wav,TTS,ASVspoof_2021,SPK_ASV_012,en,SPOOF_LA,Neural Vocoder,Transmission Codec,gsm_610,16000,4.29,train
data/tts/asvspoof_2021_00373.wav,TTS,ASVspoof_2021,SPK_ASV_013,en,SPOOF_LA,Neural Vocoder,Transmission Codec,gsm_610,16000,4.1,validation
data/tts/asvspoof_2021_00374.wav,TTS,ASVspoof_2021,SPK_ASV_014,en,SPOOF_LA,Neural Vocoder,Transmission Codec,gsm_610,16000,3.48,train
data/tts/asvspoof_2021_00375.wav,TTS,ASVspoof_2021,SPK_ASV_015,en,SPOOF_LA,Neural Vocoder,Transmission Codec,gsm_610,16000,3.12,train
data/tts/asvspoof_2021_00376.wav,TTS,ASVspoof_2021,SPK_ASV_016,en,SPOOF_LA,Neural Vocoder,Transmission Codec,gsm_610,16000,3.1,train
data/tts/asvspoof_2021_00377.wav,TTS,ASVspoof_2021,SPK_ASV_017,en,SPOOF_LA,Neural Vocoder,Transmission Codec,gsm_610,16000,3.7,train
data/tts/asvspoof_2021_00378.wav,TTS,ASVspoof_2021,SPK_ASV_018,en,SPOOF_LA,Neural Vocoder,Transmission Codec,gsm_610,16000,3.77,train
data/tts/asvspoof_2021_00379.wav,TTS,ASVspoof_2021,SPK_ASV_019,en,SPOOF_LA,Neural Vocoder,Transmission Codec,gsm_610,16000,3.33,train
data/tts/asvspoof_2021_00380.wav,TTS,ASVspoof_2021,SPK_ASV_020,en,SPOOF_LA,Neural Vocoder,Transmission Codec,gsm_610,16000,3.97,train
data/tts/asvspoof_2021_00381.wav,TTS,ASVspoof_2021,SPK_ASV_021,en,SPOOF_LA,Neural Vocoder,Transmission Codec,gsm_610,16000,3.5,train
data/tts/asvspoof_2021_00382.wav,TTS,ASVspoof_2021,SPK_ASV_022,en,SPOOF_LA,Neural Vocoder,Transmission Codec,gsm_610,16000,4.15,train
data/tts/asvspoof_2021_00383.wav,TTS,ASVspoof_2021,SPK_ASV_023,en,SPOOF_LA,Neural Vocoder,Transmission Codec,gsm_610,16000,4.17,train
data/tts/asvspoof_2021_00384.wav,TTS,ASVspoof_2021,SPK_ASV_024,en,SPOOF_LA,Neural Vocoder,Transmission Codec,gsm_610,16000,4.38,test
data/tts/asvspoof_2021_00385.wav,TTS,ASVspoof_2021,SPK_ASV_025,en,SPOOF_LA,Neural Vocoder,Transmission Codec,gsm_610,16000,4.56,train
data/tts/asvspoof_2021_00386.wav,TTS,ASVspoof_2021,SPK_ASV_026,en,SPOOF_LA,Neural Vocoder,Transmission Codec,gsm_610,16000,3.21,train
data/tts/asvspoof_2021_00387.wav,TTS,ASVspoof_2021,SPK_ASV_027,en,SPOOF_LA,Neural Vocoder,Transmission Codec,gsm_610,16000,3.59,train
data/tts/asvspoof_2021_00388.wav,TTS,ASVspoof_2021,SPK_ASV_028,en,SPOOF_LA,Neural Vocoder,Transmission Codec,gsm_610,16000,3.9,train
data/tts/asvspoof_2021_00389.wav,TTS,ASVspoof_2021,SPK_ASV_029,en,SPOOF_LA,Neural Vocoder,Transmission Codec,gsm_610,16000,3.51,train
data/tts/asvspoof_2021_00390.wav,TTS,ASVspoof_2021,SPK_ASV_030,en,SPOOF_LA,Neural Vocoder,Transmission Codec,gsm_610,16000,3.75,train
data/tts/asvspoof_2021_00391.wav,TTS,ASVspoof_2021,SPK_ASV_031,en,SPOOF_LA,Neural Vocoder,Transmission Codec,gsm_610,16000,3.43,train
data/tts/asvspoof_2021_00392.wav,TTS,ASVspoof_2021,SPK_ASV_032,en,SPOOF_LA,Neural Vocoder,Transmission Codec,gsm_610,16000,3.4,test
data/tts/asvspoof_2021_00393.wav,TTS,ASVspoof_2021,SPK_ASV_033,en,SPOOF_LA,Neural Vocoder,Transmission Codec,gsm_610,16000,3.15,train
data/tts/asvspoof_2021_00394.wav,TTS,ASVspoof_2021,SPK_ASV_034,en,SPOOF_LA,Neural Vocoder,Transmission Codec,gsm_610,16000,3.46,validation
data/tts/asvspoof_2021_00395.wav,TTS,ASVspoof_2021,SPK_ASV_035,en,SPOOF_LA,Neural Vocoder,Transmission Codec,gsm_610,16000,3.61,train
data/tts/asvspoof_2021_00396.wav,TTS,ASVspoof_2021,SPK_ASV_036,en,SPOOF_LA,Neural Vocoder,Transmission Codec,gsm_610,16000,3.98,train
data/tts/asvspoof_2021_00397.wav,TTS,ASVspoof_2021,SPK_ASV_037,en,SPOOF_LA,Neural Vocoder,Transmission Codec,gsm_610,16000,3.4,train
data/tts/asvspoof_2021_00398.wav,TTS,ASVspoof_2021,SPK_ASV_038,en,SPOOF_LA,Neural Vocoder,Transmission Codec,gsm_610,16000,4.38,train
data/tts/asvspoof_2021_00399.wav,TTS,ASVspoof_2021,SPK_ASV_039,en,SPOOF_LA,Neural Vocoder,Transmission Codec,gsm_610,16000,3.26,train
data/tts/asvspoof_2021_00400.wav,TTS,ASVspoof_2021,SPK_ASV_040,en,SPOOF_LA,Neural Vocoder,Transmission Codec,gsm_610,16000,3.52,train
data/tts/asvspoof_2021_00401.wav,TTS,ASVspoof_2021,SPK_ASV_041,en,SPOOF_LA,Neural Vocoder,Transmission Codec,gsm_610,16000,3.92,train
data/tts/asvspoof_2021_00402.wav,TTS,ASVspoof_2021,SPK_ASV_042,en,SPOOF_LA,Neural Vocoder,Transmission Codec,gsm_610,16000,3.5,train
data/tts/asvspoof_2021_00403.wav,TTS,ASVspoof_2021,SPK_ASV_043,en,SPOOF_LA,Neural Vocoder,Transmission Codec,gsm_610,16000,4.22,validation
data/tts/asvspoof_2021_00404.wav,TTS,ASVspoof_2021,SPK_ASV_044,en,SPOOF_LA,Neural Vocoder,Transmission Codec,gsm_610,16000,3.8,test
data/tts/asvspoof_2021_00405.wav,TTS,ASVspoof_2021,SPK_ASV_045,en,SPOOF_LA,Neural Vocoder,Transmission Codec,gsm_610,16000,3.82,train
data/tts/asvspoof_2021_00406.wav,TTS,ASVspoof_2021,SPK_ASV_046,en,SPOOF_LA,Neural Vocoder,Transmission Codec,gsm_610,16000,3.8,train
data/tts/asvspoof_2021_00407.wav,TTS,ASVspoof_2021,SPK_ASV_047,en,SPOOF_LA,Neural Vocoder,Transmission Codec,gsm_610,16000,3.49,test
data/tts/asvspoof_2021_00408.wav,TTS,ASVspoof_2021,SPK_ASV_048,en,SPOOF_LA,Neural Vocoder,Transmission Codec,gsm_610,16000,3.04,validation
data/tts/asvspoof_2021_00409.wav,TTS,ASVspoof_2021,SPK_ASV_049,en,SPOOF_LA,Neural Vocoder,Transmission Codec,gsm_610,16000,4.51,test
data/tts/asvspoof_2021_00410.wav,TTS,ASVspoof_2021,SPK_ASV_050,en,SPOOF_LA,Neural Vocoder,Transmission Codec,gsm_610,16000,3.81,test
data/tts/asvspoof_2021_00411.wav,TTS,ASVspoof_2021,SPK_ASV_051,en,SPOOF_LA,Neural Vocoder,Transmission Codec,gsm_610,16000,4.55,test
data/tts/asvspoof_2021_00412.wav,TTS,ASVspoof_2021,SPK_ASV_052,en,SPOOF_LA,Neural Vocoder,Transmission Codec,gsm_610,16000,3.34,test
data/tts/asvspoof_2021_00413.wav,TTS,ASVspoof_2021,SPK_ASV_053,en,SPOOF_LA,Neural Vocoder,Transmission Codec,gsm_610,16000,3.56,test
data/tts/asvspoof_2021_00414.wav,TTS,ASVspoof_2021,SPK_ASV_054,en,SPOOF_LA,Neural Vocoder,Transmission Codec,gsm_610,16000,3.08,train
data/tts/asvspoof_2021_00415.wav,TTS,ASVspoof_2021,SPK_ASV_055,en,SPOOF_LA,Neural Vocoder,Transmission Codec,gsm_610,16000,3.79,train
data/tts/asvspoof_2021_00416.wav,TTS,ASVspoof_2021,SPK_ASV_056,en,SPOOF_LA,Neural Vocoder,Transmission Codec,gsm_610,16000,4.41,train
data/tts/asvspoof_2021_00417.wav,TTS,ASVspoof_2021,SPK_ASV_057,en,SPOOF_LA,Neural Vocoder,Transmission Codec,gsm_610,16000,4.05,test
data/tts/asvspoof_2021_00418.wav,TTS,ASVspoof_2021,SPK_ASV_058,en,SPOOF_LA,Neural Vocoder,Transmission Codec,gsm_610,16000,3.75,test
data/tts/asvspoof_2021_00419.wav,TTS,ASVspoof_2021,SPK_ASV_059,en,SPOOF_LA,Neural Vocoder,Transmission Codec,gsm_610,16000,3.86,train
data/tts/asvspoof_2021_00420.wav,TTS,ASVspoof_2021,SPK_ASV_060,en,SPOOF_LA,Neural Vocoder,Transmission Codec,gsm_610,16000,4.36,test
data/tts/asvspoof_2021_00421.wav,TTS,ASVspoof_2021,SPK_ASV_061,en,SPOOF_LA,Neural Vocoder,Transmission Codec,gsm_610,16000,3.69,train
data/tts/asvspoof_2021_00422.wav,TTS,ASVspoof_2021,SPK_ASV_062,en,SPOOF_LA,Neural Vocoder,Transmission Codec,gsm_610,16000,4.41,validation
data/tts/asvspoof_2021_00423.wav,TTS,ASVspoof_2021,SPK_ASV_063,en,SPOOF_LA,Neural Vocoder,Transmission Codec,gsm_610,16000,4.16,train
data/tts/asvspoof_2021_00424.wav,TTS,ASVspoof_2021,SPK_ASV_064,en,SPOOF_LA,Neural Vocoder,Transmission Codec,gsm_610,16000,4.22,train
data/tts/asvspoof_2021_00425.wav,TTS,ASVspoof_2021,SPK_ASV_065,en,SPOOF_LA,Neural Vocoder,Transmission Codec,gsm_610,16000,3.59,test
data/tts/asvspoof_2021_00426.wav,TTS,ASVspoof_2021,SPK_ASV_066,en,SPOOF_LA,Neural Vocoder,Transmission Codec,gsm_610,16000,3.64,test
data/tts/asvspoof_2021_00427.wav,TTS,ASVspoof_2021,SPK_ASV_067,en,SPOOF_LA,Neural Vocoder,Transmission Codec,gsm_610,16000,3.91,validation
data/tts/asvspoof_2021_00428.wav,TTS,ASVspoof_2021,SPK_ASV_068,en,SPOOF_LA,Neural Vocoder,Transmission Codec,gsm_610,16000,3.31,train
data/tts/asvspoof_2021_00429.wav,TTS,ASVspoof_2021,SPK_ASV_069,en,SPOOF_LA,Neural Vocoder,Transmission Codec,gsm_610,16000,3.89,test
data/tts/asvspoof_2021_00430.wav,TTS,ASVspoof_2021,SPK_ASV_070,en,SPOOF_LA,Neural Vocoder,Transmission Codec,gsm_610,16000,3.12,train
data/tts/asvspoof_2021_00431.wav,TTS,ASVspoof_2021,SPK_ASV_071,en,SPOOF_LA,Neural Vocoder,Transmission Codec,gsm_610,16000,3.81,train
data/tts/asvspoof_2021_00432.wav,TTS,ASVspoof_2021,SPK_ASV_072,en,SPOOF_LA,Neural Vocoder,Transmission Codec,gsm_610,16000,4.22,test
data/tts/asvspoof_2021_00433.wav,TTS,ASVspoof_2021,SPK_ASV_073,en,SPOOF_LA,Neural Vocoder,Transmission Codec,gsm_610,16000,3.45,train
data/tts/asvspoof_2021_00434.wav,TTS,ASVspoof_2021,SPK_ASV_074,en,SPOOF_LA,Neural Vocoder,Transmission Codec,gsm_610,16000,4.58,train
data/tts/asvspoof_2021_00435.wav,TTS,ASVspoof_2021,SPK_ASV_075,en,SPOOF_LA,Neural Vocoder,Transmission Codec,gsm_610,16000,4.09,train
data/tts/asvspoof_2021_00436.wav,TTS,ASVspoof_2021,SPK_ASV_076,en,SPOOF_LA,Neural Vocoder,Transmission Codec,gsm_610,16000,3.19,validation
data/tts/asvspoof_2021_00437.wav,TTS,ASVspoof_2021,SPK_ASV_077,en,SPOOF_LA,Neural Vocoder,Transmission Codec,gsm_610,16000,4.56,test
data/tts/asvspoof_2021_00438.wav,TTS,ASVspoof_2021,SPK_ASV_078,en,SPOOF_LA,Neural Vocoder,Transmission Codec,gsm_610,16000,3.63,train
data/tts/asvspoof_2021_00439.wav,TTS,ASVspoof_2021,SPK_ASV_079,en,SPOOF_LA,Neural Vocoder,Transmission Codec,gsm_610,16000,4.27,train
data/tts/asvspoof_2021_00440.wav,TTS,ASVspoof_2021,SPK_ASV_080,en,SPOOF_LA,Neural Vocoder,Transmission Codec,gsm_610,16000,3.54,train
data/tts/asvspoof_2021_00441.wav,TTS,ASVspoof_2021,SPK_ASV_081,en,SPOOF_LA,Neural Vocoder,Transmission Codec,gsm_610,16000,4.5,train
data/tts/asvspoof_2021_00442.wav,TTS,ASVspoof_2021,SPK_ASV_082,en,SPOOF_LA,Neural Vocoder,Transmission Codec,gsm_610,16000,4.21,train
data/tts/asvspoof_2021_00443.wav,TTS,ASVspoof_2021,SPK_ASV_083,en,SPOOF_LA,Neural Vocoder,Transmission Codec,gsm_610,16000,3.32,train
data/tts/asvspoof_2021_00444.wav,TTS,ASVspoof_2021,SPK_ASV_084,en,SPOOF_LA,Neural Vocoder,Transmission Codec,gsm_610,16000,3.81,train
data/tts/asvspoof_2021_00445.wav,TTS,ASVspoof_2021,SPK_ASV_085,en,SPOOF_LA,Neural Vocoder,Transmission Codec,gsm_610,16000,3.8,test
data/tts/asvspoof_2021_00446.wav,TTS,ASVspoof_2021,SPK_ASV_086,en,SPOOF_LA,Neural Vocoder,Transmission Codec,gsm_610,16000,3.07,train
data/tts/asvspoof_2021_00447.wav,TTS,ASVspoof_2021,SPK_ASV_087,en,SPOOF_LA,Neural Vocoder,Transmission Codec,gsm_610,16000,3.22,test
data/tts/asvspoof_2021_00448.wav,TTS,ASVspoof_2021,SPK_ASV_088,en,SPOOF_LA,Neural Vocoder,Transmission Codec,gsm_610,16000,3.53,train
data/tts/asvspoof_2021_00449.wav,TTS,ASVspoof_2021,SPK_ASV_089,en,SPOOF_LA,Neural Vocoder,Transmission Codec,gsm_610,16000,3.76,train
data/tts/asvspoof_2021_00450.wav,TTS,ASVspoof_2021,SPK_ASV_090,en,SPOOF_LA,Neural Vocoder,Transmission Codec,gsm_610,16000,3.73,validation
data/tts/asvspoof_2021_00451.wav,TTS,ASVspoof_2021,SPK_ASV_091,en,SPOOF_LA,Neural Vocoder,Transmission Codec,gsm_610,16000,3.97,train
data/tts/asvspoof_2021_00452.wav,TTS,ASVspoof_2021,SPK_ASV_092,en,SPOOF_LA,Neural Vocoder,Transmission Codec,gsm_610,16000,3.82,train
data/tts/asvspoof_2021_00453.wav,TTS,ASVspoof_2021,SPK_ASV_093,en,SPOOF_LA,Neural Vocoder,Transmission Codec,gsm_610,16000,3.52,validation
data/tts/asvspoof_2021_00454.wav,TTS,ASVspoof_2021,SPK_ASV_094,en,SPOOF_LA,Neural Vocoder,Transmission Codec,gsm_610,16000,3.98,train
data/tts/asvspoof_2021_00455.wav,TTS,ASVspoof_2021,SPK_ASV_095,en,SPOOF_LA,Neural Vocoder,Transmission Codec,gsm_610,16000,3.26,train
data/tts/asvspoof_2021_00456.wav,TTS,ASVspoof_2021,SPK_ASV_096,en,SPOOF_LA,Neural Vocoder,Transmission Codec,gsm_610,16000,4.58,train
data/tts/asvspoof_2021_00457.wav,TTS,ASVspoof_2021,SPK_ASV_097,en,SPOOF_LA,Neural Vocoder,Transmission Codec,gsm_610,16000,4.18,train
data/tts/asvspoof_2021_00458.wav,TTS,ASVspoof_2021,SPK_ASV_098,en,SPOOF_LA,Neural Vocoder,Transmission Codec,gsm_610,16000,3.48,train
data/tts/asvspoof_2021_00459.wav,TTS,ASVspoof_2021,SPK_ASV_099,en,SPOOF_LA,Neural Vocoder,Transmission Codec,gsm_610,16000,3.54,test
data/tts/asvspoof_2021_00460.wav,TTS,ASVspoof_2021,SPK_ASV_100,en,SPOOF_LA,Neural Vocoder,Transmission Codec,gsm_610,16000,4.33,train
data/tts/asvspoof_2021_00461.wav,TTS,ASVspoof_2021,SPK_ASV_101,en,SPOOF_LA,Neural Vocoder,Transmission Codec,gsm_610,16000,3.85,train
data/tts/asvspoof_2021_00462.wav,TTS,ASVspoof_2021,SPK_ASV_102,en,SPOOF_LA,Neural Vocoder,Transmission Codec,gsm_610,16000,4.13,validation
data/tts/asvspoof_2021_00463.wav,TTS,ASVspoof_2021,SPK_ASV_103,en,SPOOF_LA,Neural Vocoder,Transmission Codec,gsm_610,16000,3.48,train
data/tts/asvspoof_2021_00464.wav,TTS,ASVspoof_2021,SPK_ASV_104,en,SPOOF_LA,Neural Vocoder,Transmission Codec,gsm_610,16000,4.31,train
data/tts/asvspoof_2021_00465.wav,TTS,ASVspoof_2021,SPK_ASV_105,en,SPOOF_LA,Neural Vocoder,Transmission Codec,gsm_610,16000,3.59,validation
data/tts/asvspoof_2021_00466.wav,TTS,ASVspoof_2021,SPK_ASV_106,en,SPOOF_LA,Neural Vocoder,Transmission Codec,gsm_610,16000,4.08,train
data/tts/asvspoof_2021_00467.wav,TTS,ASVspoof_2021,SPK_ASV_107,en,SPOOF_LA,Neural Vocoder,Transmission Codec,gsm_610,16000,4.57,train
data/tts/asvspoof_2021_00468.wav,TTS,ASVspoof_2021,SPK_ASV_108,en,SPOOF_LA,Neural Vocoder,Transmission Codec,gsm_610,16000,3.93,train
data/tts/asvspoof_2021_00469.wav,TTS,ASVspoof_2021,SPK_ASV_109,en,SPOOF_LA,Neural Vocoder,Transmission Codec,gsm_610,16000,4.27,train
data/tts/asvspoof_2021_00470.wav,TTS,ASVspoof_2021,SPK_ASV_110,en,SPOOF_LA,Neural Vocoder,Transmission Codec,gsm_610,16000,4.16,test
data/tts/asvspoof_2021_00471.wav,TTS,ASVspoof_2021,SPK_ASV_111,en,SPOOF_LA,Neural Vocoder,Transmission Codec,gsm_610,16000,4.1,validation
data/tts/asvspoof_2021_00472.wav,TTS,ASVspoof_2021,SPK_ASV_112,en,SPOOF_LA,Neural Vocoder,Transmission Codec,gsm_610,16000,3.04,train
data/tts/asvspoof_2021_00473.wav,TTS,ASVspoof_2021,SPK_ASV_113,en,SPOOF_LA,Neural Vocoder,Transmission Codec,gsm_610,16000,3.76,train
data/tts/asvspoof_2021_00474.wav,TTS,ASVspoof_2021,SPK_ASV_114,en,SPOOF_LA,Neural Vocoder,Transmission Codec,gsm_610,16000,4.55,train
data/tts/asvspoof_2021_00475.wav,TTS,ASVspoof_2021,SPK_ASV_115,en,SPOOF_LA,Neural Vocoder,Transmission Codec,gsm_610,16000,4.25,train
data/tts/asvspoof_2021_00476.wav,TTS,ASVspoof_2021,SPK_ASV_116,en,SPOOF_LA,Neural Vocoder,Transmission Codec,gsm_610,16000,4.24,train
data/tts/asvspoof_2021_00477.wav,TTS,ASVspoof_2021,SPK_ASV_117,en,SPOOF_LA,Neural Vocoder,Transmission Codec,gsm_610,16000,3.92,validation
data/tts/asvspoof_2021_00478.wav,TTS,ASVspoof_2021,SPK_ASV_118,en,SPOOF_LA,Neural Vocoder,Transmission Codec,gsm_610,16000,4.15,train
data/tts/asvspoof_2021_00479.wav,TTS,ASVspoof_2021,SPK_ASV_119,en,SPOOF_LA,Neural Vocoder,Transmission Codec,gsm_610,16000,3.93,train
data/tts/asvspoof_2021_00480.wav,TTS,ASVspoof_2021,SPK_ASV_000,en,SPOOF_LA,Neural Vocoder,Transmission Codec,gsm_610,16000,3.27,train
data/tts/asvspoof_2021_00481.wav,TTS,ASVspoof_2021,SPK_ASV_001,en,SPOOF_LA,Neural Vocoder,Transmission Codec,gsm_610,16000,4.01,train
data/tts/asvspoof_2021_00482.wav,TTS,ASVspoof_2021,SPK_ASV_002,en,SPOOF_LA,Neural Vocoder,Transmission Codec,gsm_610,16000,3.99,validation
data/tts/asvspoof_2021_00483.wav,TTS,ASVspoof_2021,SPK_ASV_003,en,SPOOF_LA,Neural Vocoder,Transmission Codec,gsm_610,16000,4.35,train
data/tts/asvspoof_2021_00484.wav,TTS,ASVspoof_2021,SPK_ASV_004,en,SPOOF_LA,Neural Vocoder,Transmission Codec,gsm_610,16000,3.24,train
data/tts/asvspoof_2021_00485.wav,TTS,ASVspoof_2021,SPK_ASV_005,en,SPOOF_LA,Neural Vocoder,Transmission Codec,gsm_610,16000,4.09,train
data/tts/asvspoof_2021_00486.wav,TTS,ASVspoof_2021,SPK_ASV_006,en,SPOOF_LA,Neural Vocoder,Transmission Codec,gsm_610,16000,3.05,train
data/tts/asvspoof_2021_00487.wav,TTS,ASVspoof_2021,SPK_ASV_007,en,SPOOF_LA,Neural Vocoder,Transmission Codec,gsm_610,16000,4.52,train
data/tts/asvspoof_2021_00488.wav,TTS,ASVspoof_2021,SPK_ASV_008,en,SPOOF_LA,Neural Vocoder,Transmission Codec,gsm_610,16000,3.18,train
data/tts/asvspoof_2021_00489.wav,TTS,ASVspoof_2021,SPK_ASV_009,en,SPOOF_LA,Neural Vocoder,Transmission Codec,gsm_610,16000,3.03,train
data/tts/asvspoof_2021_00490.wav,TTS,ASVspoof_2021,SPK_ASV_010,en,SPOOF_LA,Neural Vocoder,Transmission Codec,gsm_610,16000,3.5,validation
data/tts/asvspoof_2021_00491.wav,TTS,ASVspoof_2021,SPK_ASV_011,en,SPOOF_LA,Neural Vocoder,Transmission Codec,gsm_610,16000,3.24,train
data/tts/asvspoof_2021_00492.wav,TTS,ASVspoof_2021,SPK_ASV_012,en,SPOOF_LA,Neural Vocoder,Transmission Codec,gsm_610,16000,4.1,train
data/tts/asvspoof_2021_00493.wav,TTS,ASVspoof_2021,SPK_ASV_013,en,SPOOF_LA,Neural Vocoder,Transmission Codec,gsm_610,16000,3.66,validation
data/tts/asvspoof_2021_00494.wav,TTS,ASVspoof_2021,SPK_ASV_014,en,SPOOF_LA,Neural Vocoder,Transmission Codec,gsm_610,16000,4.24,train
data/tts/asvspoof_2021_00495.wav,TTS,ASVspoof_2021,SPK_ASV_015,en,SPOOF_LA,Neural Vocoder,Transmission Codec,gsm_610,16000,4.47,train
data/tts/asvspoof_2021_00496.wav,TTS,ASVspoof_2021,SPK_ASV_016,en,SPOOF_LA,Neural Vocoder,Transmission Codec,gsm_610,16000,4.4,train
data/tts/asvspoof_2021_00497.wav,TTS,ASVspoof_2021,SPK_ASV_017,en,SPOOF_LA,Neural Vocoder,Transmission Codec,gsm_610,16000,4.18,train
data/tts/asvspoof_2021_00498.wav,TTS,ASVspoof_2021,SPK_ASV_018,en,SPOOF_LA,Neural Vocoder,Transmission Codec,gsm_610,16000,3.1,train
data/tts/asvspoof_2021_00499.wav,TTS,ASVspoof_2021,SPK_ASV_019,en,SPOOF_LA,Neural Vocoder,Transmission Codec,gsm_610,16000,3.22,train
data/tts/asvspoof_2021_00500.wav,TTS,ASVspoof_2021,SPK_ASV_020,en,SPOOF_LA,Neural Vocoder,Transmission Codec,gsm_610,16000,3.33,train
data/tts/asvspoof_2021_00501.wav,TTS,ASVspoof_2021,SPK_ASV_021,en,SPOOF_LA,Neural Vocoder,Transmission Codec,gsm_610,16000,3.52,train
data/tts/asvspoof_2021_00502.wav,TTS,ASVspoof_2021,SPK_ASV_022,en,SPOOF_LA,Neural Vocoder,Transmission Codec,gsm_610,16000,4.06,train
data/tts/asvspoof_2021_00503.wav,TTS,ASVspoof_2021,SPK_ASV_023,en,SPOOF_LA,Neural Vocoder,Transmission Codec,gsm_610,16000,3.84,train
data/tts/asvspoof_2021_00504.wav,TTS,ASVspoof_2021,SPK_ASV_024,en,SPOOF_LA,Neural Vocoder,Transmission Codec,gsm_610,16000,3.5,test
data/tts/asvspoof_2021_00505.wav,TTS,ASVspoof_2021,SPK_ASV_025,en,SPOOF_LA,Neural Vocoder,Transmission Codec,gsm_610,16000,3.28,train
data/tts/asvspoof_2021_00506.wav,TTS,ASVspoof_2021,SPK_ASV_026,en,SPOOF_LA,Neural Vocoder,Transmission Codec,gsm_610,16000,4.46,train
data/tts/asvspoof_2021_00507.wav,TTS,ASVspoof_2021,SPK_ASV_027,en,SPOOF_LA,Neural Vocoder,Transmission Codec,gsm_610,16000,3.55,train
data/tts/asvspoof_2021_00508.wav,TTS,ASVspoof_2021,SPK_ASV_028,en,SPOOF_LA,Neural Vocoder,Transmission Codec,gsm_610,16000,3.57,train
data/tts/asvspoof_2021_00509.wav,TTS,ASVspoof_2021,SPK_ASV_029,en,SPOOF_LA,Neural Vocoder,Transmission Codec,gsm_610,16000,4.24,train
data/tts/asvspoof_2021_00510.wav,TTS,ASVspoof_2021,SPK_ASV_030,en,SPOOF_LA,Neural Vocoder,Transmission Codec,gsm_610,16000,4.15,train
data/tts/asvspoof_2021_00511.wav,TTS,ASVspoof_2021,SPK_ASV_031,en,SPOOF_LA,Neural Vocoder,Transmission Codec,gsm_610,16000,4.03,train
data/tts/asvspoof_2021_00512.wav,TTS,ASVspoof_2021,SPK_ASV_032,en,SPOOF_LA,Neural Vocoder,Transmission Codec,gsm_610,16000,4.11,test
data/tts/asvspoof_2021_00513.wav,TTS,ASVspoof_2021,SPK_ASV_033,en,SPOOF_LA,Neural Vocoder,Transmission Codec,gsm_610,16000,3.98,train
data/tts/asvspoof_2021_00514.wav,TTS,ASVspoof_2021,SPK_ASV_034,en,SPOOF_LA,Neural Vocoder,Transmission Codec,gsm_610,16000,3.31,validation
data/tts/asvspoof_2021_00515.wav,TTS,ASVspoof_2021,SPK_ASV_035,en,SPOOF_LA,Neural Vocoder,Transmission Codec,gsm_610,16000,3.39,train
data/tts/asvspoof_2021_00516.wav,TTS,ASVspoof_2021,SPK_ASV_036,en,SPOOF_LA,Neural Vocoder,Transmission Codec,gsm_610,16000,3.89,train
data/tts/asvspoof_2021_00517.wav,TTS,ASVspoof_2021,SPK_ASV_037,en,SPOOF_LA,Neural Vocoder,Transmission Codec,gsm_610,16000,3.36,train
data/tts/asvspoof_2021_00518.wav,TTS,ASVspoof_2021,SPK_ASV_038,en,SPOOF_LA,Neural Vocoder,Transmission Codec,gsm_610,16000,4.56,train
data/tts/asvspoof_2021_00519.wav,TTS,ASVspoof_2021,SPK_ASV_039,en,SPOOF_LA,Neural Vocoder,Transmission Codec,gsm_610,16000,3.48,train
data/tts/asvspoof_2021_00520.wav,TTS,ASVspoof_2021,SPK_ASV_040,en,SPOOF_LA,Neural Vocoder,Transmission Codec,gsm_610,16000,3.46,train
data/tts/asvspoof_2021_00521.wav,TTS,ASVspoof_2021,SPK_ASV_041,en,SPOOF_LA,Neural Vocoder,Transmission Codec,gsm_610,16000,3.33,train
data/tts/asvspoof_2021_00522.wav,TTS,ASVspoof_2021,SPK_ASV_042,en,SPOOF_LA,Neural Vocoder,Transmission Codec,gsm_610,16000,4.13,train
data/tts/asvspoof_2021_00523.wav,TTS,ASVspoof_2021,SPK_ASV_043,en,SPOOF_LA,Neural Vocoder,Transmission Codec,gsm_610,16000,3.51,validation
data/tts/asvspoof_2021_00524.wav,TTS,ASVspoof_2021,SPK_ASV_044,en,SPOOF_LA,Neural Vocoder,Transmission Codec,gsm_610,16000,3.56,test
data/tts/asvspoof_2021_00525.wav,TTS,ASVspoof_2021,SPK_ASV_045,en,SPOOF_LA,Neural Vocoder,Transmission Codec,gsm_610,16000,4.49,train
data/tts/asvspoof_2021_00526.wav,TTS,ASVspoof_2021,SPK_ASV_046,en,SPOOF_LA,Neural Vocoder,Transmission Codec,gsm_610,16000,4.27,train
data/tts/asvspoof_2021_00527.wav,TTS,ASVspoof_2021,SPK_ASV_047,en,SPOOF_LA,Neural Vocoder,Transmission Codec,gsm_610,16000,3.44,test
data/tts/asvspoof_2021_00528.wav,TTS,ASVspoof_2021,SPK_ASV_048,en,SPOOF_LA,Neural Vocoder,Transmission Codec,gsm_610,16000,3.19,validation
data/tts/asvspoof_2021_00529.wav,TTS,ASVspoof_2021,SPK_ASV_049,en,SPOOF_LA,Neural Vocoder,Transmission Codec,gsm_610,16000,4.08,test
data/tts/asvspoof_2021_00530.wav,TTS,ASVspoof_2021,SPK_ASV_050,en,SPOOF_LA,Neural Vocoder,Transmission Codec,gsm_610,16000,3.61,test
data/tts/asvspoof_2021_00531.wav,TTS,ASVspoof_2021,SPK_ASV_051,en,SPOOF_LA,Neural Vocoder,Transmission Codec,gsm_610,16000,4.57,test
data/tts/asvspoof_2021_00532.wav,TTS,ASVspoof_2021,SPK_ASV_052,en,SPOOF_LA,Neural Vocoder,Transmission Codec,gsm_610,16000,4.31,test
data/tts/asvspoof_2021_00533.wav,TTS,ASVspoof_2021,SPK_ASV_053,en,SPOOF_LA,Neural Vocoder,Transmission Codec,gsm_610,16000,4.53,test
data/tts/asvspoof_2021_00534.wav,TTS,ASVspoof_2021,SPK_ASV_054,en,SPOOF_LA,Neural Vocoder,Transmission Codec,gsm_610,16000,4.29,train
data/tts/asvspoof_2021_00535.wav,TTS,ASVspoof_2021,SPK_ASV_055,en,SPOOF_LA,Neural Vocoder,Transmission Codec,gsm_610,16000,3.46,train
data/tts/asvspoof_2021_00536.wav,TTS,ASVspoof_2021,SPK_ASV_056,en,SPOOF_LA,Neural Vocoder,Transmission Codec,gsm_610,16000,3.46,train
data/tts/asvspoof_2021_00537.wav,TTS,ASVspoof_2021,SPK_ASV_057,en,SPOOF_LA,Neural Vocoder,Transmission Codec,gsm_610,16000,4.14,test
data/tts/asvspoof_2021_00538.wav,TTS,ASVspoof_2021,SPK_ASV_058,en,SPOOF_LA,Neural Vocoder,Transmission Codec,gsm_610,16000,3.55,test
data/tts/asvspoof_2021_00539.wav,TTS,ASVspoof_2021,SPK_ASV_059,en,SPOOF_LA,Neural Vocoder,Transmission Codec,gsm_610,16000,3.71,train
data/tts/asvspoof_2021_00540.wav,TTS,ASVspoof_2021,SPK_ASV_060,en,SPOOF_LA,Neural Vocoder,Transmission Codec,gsm_610,16000,3.41,test
data/tts/asvspoof_2021_00541.wav,TTS,ASVspoof_2021,SPK_ASV_061,en,SPOOF_LA,Neural Vocoder,Transmission Codec,gsm_610,16000,3.77,train
data/tts/asvspoof_2021_00542.wav,TTS,ASVspoof_2021,SPK_ASV_062,en,SPOOF_LA,Neural Vocoder,Transmission Codec,gsm_610,16000,3.32,validation
data/tts/asvspoof_2021_00543.wav,TTS,ASVspoof_2021,SPK_ASV_063,en,SPOOF_LA,Neural Vocoder,Transmission Codec,gsm_610,16000,3.86,train
data/tts/asvspoof_2021_00544.wav,TTS,ASVspoof_2021,SPK_ASV_064,en,SPOOF_LA,Neural Vocoder,Transmission Codec,gsm_610,16000,4.49,train
data/tts/asvspoof_2021_00545.wav,TTS,ASVspoof_2021,SPK_ASV_065,en,SPOOF_LA,Neural Vocoder,Transmission Codec,gsm_610,16000,4.11,test
data/tts/asvspoof_2021_00546.wav,TTS,ASVspoof_2021,SPK_ASV_066,en,SPOOF_LA,Neural Vocoder,Transmission Codec,gsm_610,16000,3.22,test
data/tts/asvspoof_2021_00547.wav,TTS,ASVspoof_2021,SPK_ASV_067,en,SPOOF_LA,Neural Vocoder,Transmission Codec,gsm_610,16000,3.99,validation
data/tts/asvspoof_2021_00548.wav,TTS,ASVspoof_2021,SPK_ASV_068,en,SPOOF_LA,Neural Vocoder,Transmission Codec,gsm_610,16000,3.94,train
data/tts/asvspoof_2021_00549.wav,TTS,ASVspoof_2021,SPK_ASV_069,en,SPOOF_LA,Neural Vocoder,Transmission Codec,gsm_610,16000,3.39,test
data/tts/asvspoof_2021_00550.wav,TTS,ASVspoof_2021,SPK_ASV_070,en,SPOOF_LA,Neural Vocoder,Transmission Codec,gsm_610,16000,4.07,train
data/tts/asvspoof_2021_00551.wav,TTS,ASVspoof_2021,SPK_ASV_071,en,SPOOF_LA,Neural Vocoder,Transmission Codec,gsm_610,16000,3.85,train
data/tts/asvspoof_2021_00552.wav,TTS,ASVspoof_2021,SPK_ASV_072,en,SPOOF_LA,Neural Vocoder,Transmission Codec,gsm_610,16000,4.02,test
data/tts/asvspoof_2021_00553.wav,TTS,ASVspoof_2021,SPK_ASV_073,en,SPOOF_LA,Neural Vocoder,Transmission Codec,gsm_610,16000,3.08,train
data/tts/asvspoof_2021_00554.wav,TTS,ASVspoof_2021,SPK_ASV_074,en,SPOOF_LA,Neural Vocoder,Transmission Codec,gsm_610,16000,3.66,train
data/tts/asvspoof_2021_00555.wav,TTS,ASVspoof_2021,SPK_ASV_075,en,SPOOF_LA,Neural Vocoder,Transmission Codec,gsm_610,16000,4.15,train
data/tts/asvspoof_2021_00556.wav,TTS,ASVspoof_2021,SPK_ASV_076,en,SPOOF_LA,Neural Vocoder,Transmission Codec,gsm_610,16000,3.16,validation
data/tts/asvspoof_2021_00557.wav,TTS,ASVspoof_2021,SPK_ASV_077,en,SPOOF_LA,Neural Vocoder,Transmission Codec,gsm_610,16000,4.23,test
data/tts/asvspoof_2021_00558.wav,TTS,ASVspoof_2021,SPK_ASV_078,en,SPOOF_LA,Neural Vocoder,Transmission Codec,gsm_610,16000,3.01,train
data/tts/asvspoof_2021_00559.wav,TTS,ASVspoof_2021,SPK_ASV_079,en,SPOOF_LA,Neural Vocoder,Transmission Codec,gsm_610,16000,3.88,train
data/tts/asvspoof_2021_00560.wav,TTS,ASVspoof_2021,SPK_ASV_080,en,SPOOF_LA,Neural Vocoder,Transmission Codec,gsm_610,16000,4.49,train
data/tts/asvspoof_2021_00561.wav,TTS,ASVspoof_2021,SPK_ASV_081,en,SPOOF_LA,Neural Vocoder,Transmission Codec,gsm_610,16000,3.65,train
data/tts/asvspoof_2021_00562.wav,TTS,ASVspoof_2021,SPK_ASV_082,en,SPOOF_LA,Neural Vocoder,Transmission Codec,gsm_610,16000,4.5,train
data/tts/asvspoof_2021_00563.wav,TTS,ASVspoof_2021,SPK_ASV_083,en,SPOOF_LA,Neural Vocoder,Transmission Codec,gsm_610,16000,4.41,train
data/tts/asvspoof_2021_00564.wav,TTS,ASVspoof_2021,SPK_ASV_084,en,SPOOF_LA,Neural Vocoder,Transmission Codec,gsm_610,16000,3.76,train
data/tts/asvspoof_2021_00565.wav,TTS,ASVspoof_2021,SPK_ASV_085,en,SPOOF_LA,Neural Vocoder,Transmission Codec,gsm_610,16000,3.32,test
data/tts/asvspoof_2021_00566.wav,TTS,ASVspoof_2021,SPK_ASV_086,en,SPOOF_LA,Neural Vocoder,Transmission Codec,gsm_610,16000,4.54,train
data/tts/asvspoof_2021_00567.wav,TTS,ASVspoof_2021,SPK_ASV_087,en,SPOOF_LA,Neural Vocoder,Transmission Codec,gsm_610,16000,3.51,test
data/tts/asvspoof_2021_00568.wav,TTS,ASVspoof_2021,SPK_ASV_088,en,SPOOF_LA,Neural Vocoder,Transmission Codec,gsm_610,16000,4.03,train
data/tts/asvspoof_2021_00569.wav,TTS,ASVspoof_2021,SPK_ASV_089,en,SPOOF_LA,Neural Vocoder,Transmission Codec,gsm_610,16000,4.45,train
data/tts/asvspoof_2021_00570.wav,TTS,ASVspoof_2021,SPK_ASV_090,en,SPOOF_LA,Neural Vocoder,Transmission Codec,gsm_610,16000,3.14,validation
data/tts/asvspoof_2021_00571.wav,TTS,ASVspoof_2021,SPK_ASV_091,en,SPOOF_LA,Neural Vocoder,Transmission Codec,gsm_610,16000,3.92,train
data/tts/asvspoof_2021_00572.wav,TTS,ASVspoof_2021,SPK_ASV_092,en,SPOOF_LA,Neural Vocoder,Transmission Codec,gsm_610,16000,3.86,train
data/tts/asvspoof_2021_00573.wav,TTS,ASVspoof_2021,SPK_ASV_093,en,SPOOF_LA,Neural Vocoder,Transmission Codec,gsm_610,16000,4.16,validation
data/tts/asvspoof_2021_00574.wav,TTS,ASVspoof_2021,SPK_ASV_094,en,SPOOF_LA,Neural Vocoder,Transmission Codec,gsm_610,16000,4.5,train
data/tts/asvspoof_2021_00575.wav,TTS,ASVspoof_2021,SPK_ASV_095,en,SPOOF_LA,Neural Vocoder,Transmission Codec,gsm_610,16000,4.46,train
data/tts/asvspoof_2021_00576.wav,TTS,ASVspoof_2021,SPK_ASV_096,en,SPOOF_LA,Neural Vocoder,Transmission Codec,gsm_610,16000,3.28,train
data/tts/asvspoof_2021_00577.wav,TTS,ASVspoof_2021,SPK_ASV_097,en,SPOOF_LA,Neural Vocoder,Transmission Codec,gsm_610,16000,4.41,train
data/tts/asvspoof_2021_00578.wav,TTS,ASVspoof_2021,SPK_ASV_098,en,SPOOF_LA,Neural Vocoder,Transmission Codec,gsm_610,16000,3.28,train
data/tts/asvspoof_2021_00579.wav,TTS,ASVspoof_2021,SPK_ASV_099,en,SPOOF_LA,Neural Vocoder,Transmission Codec,gsm_610,16000,4.47,test
data/tts/asvspoof_2021_00580.wav,TTS,ASVspoof_2021,SPK_ASV_100,en,SPOOF_LA,Neural Vocoder,Transmission Codec,gsm_610,16000,4.6,train
data/tts/asvspoof_2021_00581.wav,TTS,ASVspoof_2021,SPK_ASV_101,en,SPOOF_LA,Neural Vocoder,Transmission Codec,gsm_610,16000,3.64,train
data/tts/asvspoof_2021_00582.wav,TTS,ASVspoof_2021,SPK_ASV_102,en,SPOOF_LA,Neural Vocoder,Transmission Codec,gsm_610,16000,3.79,validation
data/tts/asvspoof_2021_00583.wav,TTS,ASVspoof_2021,SPK_ASV_103,en,SPOOF_LA,Neural Vocoder,Transmission Codec,gsm_610,16000,4.5,train
data/tts/asvspoof_2021_00584.wav,TTS,ASVspoof_2021,SPK_ASV_104,en,SPOOF_LA,Neural Vocoder,Transmission Codec,gsm_610,16000,4.54,train
data/tts/asvspoof_2021_00585.wav,TTS,ASVspoof_2021,SPK_ASV_105,en,SPOOF_LA,Neural Vocoder,Transmission Codec,gsm_610,16000,4.48,validation
data/tts/asvspoof_2021_00586.wav,TTS,ASVspoof_2021,SPK_ASV_106,en,SPOOF_LA,Neural Vocoder,Transmission Codec,gsm_610,16000,4.4,train
data/tts/asvspoof_2021_00587.wav,TTS,ASVspoof_2021,SPK_ASV_107,en,SPOOF_LA,Neural Vocoder,Transmission Codec,gsm_610,16000,3.01,train
data/tts/asvspoof_2021_00588.wav,TTS,ASVspoof_2021,SPK_ASV_108,en,SPOOF_LA,Neural Vocoder,Transmission Codec,gsm_610,16000,3.91,train
data/tts/asvspoof_2021_00589.wav,TTS,ASVspoof_2021,SPK_ASV_109,en,SPOOF_LA,Neural Vocoder,Transmission Codec,gsm_610,16000,3.17,train
data/tts/asvspoof_2021_00590.wav,TTS,ASVspoof_2021,SPK_ASV_110,en,SPOOF_LA,Neural Vocoder,Transmission Codec,gsm_610,16000,4.57,test
data/tts/asvspoof_2021_00591.wav,TTS,ASVspoof_2021,SPK_ASV_111,en,SPOOF_LA,Neural Vocoder,Transmission Codec,gsm_610,16000,3.46,validation
data/tts/asvspoof_2021_00592.wav,TTS,ASVspoof_2021,SPK_ASV_112,en,SPOOF_LA,Neural Vocoder,Transmission Codec,gsm_610,16000,4.58,train
data/tts/asvspoof_2021_00593.wav,TTS,ASVspoof_2021,SPK_ASV_113,en,SPOOF_LA,Neural Vocoder,Transmission Codec,gsm_610,16000,3.87,train
data/tts/asvspoof_2021_00594.wav,TTS,ASVspoof_2021,SPK_ASV_114,en,SPOOF_LA,Neural Vocoder,Transmission Codec,gsm_610,16000,3.79,train
data/tts/asvspoof_2021_00595.wav,TTS,ASVspoof_2021,SPK_ASV_115,en,SPOOF_LA,Neural Vocoder,Transmission Codec,gsm_610,16000,4.5,train
data/tts/asvspoof_2021_00596.wav,TTS,ASVspoof_2021,SPK_ASV_116,en,SPOOF_LA,Neural Vocoder,Transmission Codec,gsm_610,16000,4.36,train
data/tts/asvspoof_2021_00597.wav,TTS,ASVspoof_2021,SPK_ASV_117,en,SPOOF_LA,Neural Vocoder,Transmission Codec,gsm_610,16000,3.75,validation
data/tts/asvspoof_2021_00598.wav,TTS,ASVspoof_2021,SPK_ASV_118,en,SPOOF_LA,Neural Vocoder,Transmission Codec,gsm_610,16000,3.31,train
data/tts/asvspoof_2021_00599.wav,TTS,ASVspoof_2021,SPK_ASV_119,en,SPOOF_LA,Neural Vocoder,Transmission Codec,gsm_610,16000,3.18,train
data/tts/asvspoof_2021_00600.wav,TTS,ASVspoof_2021,SPK_ASV_000,en,SPOOF_LA,Neural Vocoder,Transmission Codec,gsm_610,16000,3.26,train
data/tts/asvspoof_2021_00601.wav,TTS,ASVspoof_2021,SPK_ASV_001,en,SPOOF_LA,Neural Vocoder,Transmission Codec,gsm_610,16000,3.73,train
data/tts/asvspoof_2021_00602.wav,TTS,ASVspoof_2021,SPK_ASV_002,en,SPOOF_LA,Neural Vocoder,Transmission Codec,gsm_610,16000,3.41,validation
data/tts/asvspoof_2021_00603.wav,TTS,ASVspoof_2021,SPK_ASV_003,en,SPOOF_LA,Neural Vocoder,Transmission Codec,gsm_610,16000,3.3,train
data/tts/asvspoof_2021_00604.wav,TTS,ASVspoof_2021,SPK_ASV_004,en,SPOOF_LA,Neural Vocoder,Transmission Codec,gsm_610,16000,4.18,train
data/tts/asvspoof_2021_00605.wav,TTS,ASVspoof_2021,SPK_ASV_005,en,SPOOF_LA,Neural Vocoder,Transmission Codec,gsm_610,16000,4.27,train
data/tts/asvspoof_2021_00606.wav,TTS,ASVspoof_2021,SPK_ASV_006,en,SPOOF_LA,Neural Vocoder,Transmission Codec,gsm_610,16000,3.91,train
data/tts/asvspoof_2021_00607.wav,TTS,ASVspoof_2021,SPK_ASV_007,en,SPOOF_LA,Neural Vocoder,Transmission Codec,gsm_610,16000,4.21,train
data/tts/asvspoof_2021_00608.wav,TTS,ASVspoof_2021,SPK_ASV_008,en,SPOOF_LA,Neural Vocoder,Transmission Codec,gsm_610,16000,3.28,train
data/tts/asvspoof_2021_00609.wav,TTS,ASVspoof_2021,SPK_ASV_009,en,SPOOF_LA,Neural Vocoder,Transmission Codec,gsm_610,16000,4.37,train
data/tts/asvspoof_2021_00610.wav,TTS,ASVspoof_2021,SPK_ASV_010,en,SPOOF_LA,Neural Vocoder,Transmission Codec,gsm_610,16000,4.44,validation
data/tts/asvspoof_2021_00611.wav,TTS,ASVspoof_2021,SPK_ASV_011,en,SPOOF_LA,Neural Vocoder,Transmission Codec,gsm_610,16000,4.32,train
data/tts/asvspoof_2021_00612.wav,TTS,ASVspoof_2021,SPK_ASV_012,en,SPOOF_LA,Neural Vocoder,Transmission Codec,gsm_610,16000,3.82,train
data/tts/asvspoof_2021_00613.wav,TTS,ASVspoof_2021,SPK_ASV_013,en,SPOOF_LA,Neural Vocoder,Transmission Codec,gsm_610,16000,3.14,validation
data/tts/asvspoof_2021_00614.wav,TTS,ASVspoof_2021,SPK_ASV_014,en,SPOOF_LA,Neural Vocoder,Transmission Codec,gsm_610,16000,4.07,train
data/tts/asvspoof_2021_00615.wav,TTS,ASVspoof_2021,SPK_ASV_015,en,SPOOF_LA,Neural Vocoder,Transmission Codec,gsm_610,16000,3.3,train
data/tts/asvspoof_2021_00616.wav,TTS,ASVspoof_2021,SPK_ASV_016,en,SPOOF_LA,Neural Vocoder,Transmission Codec,gsm_610,16000,3.22,train
data/tts/asvspoof_2021_00617.wav,TTS,ASVspoof_2021,SPK_ASV_017,en,SPOOF_LA,Neural Vocoder,Transmission Codec,gsm_610,16000,3.52,train
data/tts/asvspoof_2021_00618.wav,TTS,ASVspoof_2021,SPK_ASV_018,en,SPOOF_LA,Neural Vocoder,Transmission Codec,gsm_610,16000,3.4,train
data/tts/asvspoof_2021_00619.wav,TTS,ASVspoof_2021,SPK_ASV_019,en,SPOOF_LA,Neural Vocoder,Transmission Codec,gsm_610,16000,3.42,train
data/tts/asvspoof_2021_00620.wav,TTS,ASVspoof_2021,SPK_ASV_020,en,SPOOF_LA,Neural Vocoder,Transmission Codec,gsm_610,16000,3.38,train
data/tts/asvspoof_2021_00621.wav,TTS,ASVspoof_2021,SPK_ASV_021,en,SPOOF_LA,Neural Vocoder,Transmission Codec,gsm_610,16000,4.21,train
data/tts/asvspoof_2021_00622.wav,TTS,ASVspoof_2021,SPK_ASV_022,en,SPOOF_LA,Neural Vocoder,Transmission Codec,gsm_610,16000,4.53,train
data/tts/asvspoof_2021_00623.wav,TTS,ASVspoof_2021,SPK_ASV_023,en,SPOOF_LA,Neural Vocoder,Transmission Codec,gsm_610,16000,3.48,train
data/tts/asvspoof_2021_00624.wav,TTS,ASVspoof_2021,SPK_ASV_024,en,SPOOF_LA,Neural Vocoder,Transmission Codec,gsm_610,16000,4.16,test
data/tts/asvspoof_2021_00625.wav,TTS,ASVspoof_2021,SPK_ASV_025,en,SPOOF_LA,Neural Vocoder,Transmission Codec,gsm_610,16000,3.02,train
data/tts/asvspoof_2021_00626.wav,TTS,ASVspoof_2021,SPK_ASV_026,en,SPOOF_LA,Neural Vocoder,Transmission Codec,gsm_610,16000,4.05,train
data/tts/asvspoof_2021_00627.wav,TTS,ASVspoof_2021,SPK_ASV_027,en,SPOOF_LA,Neural Vocoder,Transmission Codec,gsm_610,16000,4.11,train
data/tts/asvspoof_2021_00628.wav,TTS,ASVspoof_2021,SPK_ASV_028,en,SPOOF_LA,Neural Vocoder,Transmission Codec,gsm_610,16000,3.1,train
data/tts/asvspoof_2021_00629.wav,TTS,ASVspoof_2021,SPK_ASV_029,en,SPOOF_LA,Neural Vocoder,Transmission Codec,gsm_610,16000,3.19,train
data/tts/asvspoof_2021_00630.wav,TTS,ASVspoof_2021,SPK_ASV_030,en,SPOOF_LA,Neural Vocoder,Transmission Codec,gsm_610,16000,3.49,train
data/tts/asvspoof_2021_00631.wav,TTS,ASVspoof_2021,SPK_ASV_031,en,SPOOF_LA,Neural Vocoder,Transmission Codec,gsm_610,16000,3.65,train
data/tts/asvspoof_2021_00632.wav,TTS,ASVspoof_2021,SPK_ASV_032,en,SPOOF_LA,Neural Vocoder,Transmission Codec,gsm_610,16000,3.8,test
data/tts/asvspoof_2021_00633.wav,TTS,ASVspoof_2021,SPK_ASV_033,en,SPOOF_LA,Neural Vocoder,Transmission Codec,gsm_610,16000,4.43,train
data/tts/asvspoof_2021_00634.wav,TTS,ASVspoof_2021,SPK_ASV_034,en,SPOOF_LA,Neural Vocoder,Transmission Codec,gsm_610,16000,4.13,validation
data/tts/asvspoof_2021_00635.wav,TTS,ASVspoof_2021,SPK_ASV_035,en,SPOOF_LA,Neural Vocoder,Transmission Codec,gsm_610,16000,3.5,train
data/tts/asvspoof_2021_00636.wav,TTS,ASVspoof_2021,SPK_ASV_036,en,SPOOF_LA,Neural Vocoder,Transmission Codec,gsm_610,16000,3.19,train
data/tts/asvspoof_2021_00637.wav,TTS,ASVspoof_2021,SPK_ASV_037,en,SPOOF_LA,Neural Vocoder,Transmission Codec,gsm_610,16000,4.47,train
data/tts/asvspoof_2021_00638.wav,TTS,ASVspoof_2021,SPK_ASV_038,en,SPOOF_LA,Neural Vocoder,Transmission Codec,gsm_610,16000,3.47,train
data/tts/asvspoof_2021_00639.wav,TTS,ASVspoof_2021,SPK_ASV_039,en,SPOOF_LA,Neural Vocoder,Transmission Codec,gsm_610,16000,3.98,train
data/tts/asvspoof_2021_00640.wav,TTS,ASVspoof_2021,SPK_ASV_040,en,SPOOF_LA,Neural Vocoder,Transmission Codec,gsm_610,16000,3.35,train
data/tts/asvspoof_2021_00641.wav,TTS,ASVspoof_2021,SPK_ASV_041,en,SPOOF_LA,Neural Vocoder,Transmission Codec,gsm_610,16000,3.21,train
data/tts/asvspoof_2021_00642.wav,TTS,ASVspoof_2021,SPK_ASV_042,en,SPOOF_LA,Neural Vocoder,Transmission Codec,gsm_610,16000,3.25,train
data/tts/asvspoof_2021_00643.wav,TTS,ASVspoof_2021,SPK_ASV_043,en,SPOOF_LA,Neural Vocoder,Transmission Codec,gsm_610,16000,4.2,validation
data/tts/asvspoof_2021_00644.wav,TTS,ASVspoof_2021,SPK_ASV_044,en,SPOOF_LA,Neural Vocoder,Transmission Codec,gsm_610,16000,3.97,test
data/tts/asvspoof_2021_00645.wav,TTS,ASVspoof_2021,SPK_ASV_045,en,SPOOF_LA,Neural Vocoder,Transmission Codec,gsm_610,16000,3.67,train
data/tts/asvspoof_2021_00646.wav,TTS,ASVspoof_2021,SPK_ASV_046,en,SPOOF_LA,Neural Vocoder,Transmission Codec,gsm_610,16000,3.88,train
data/tts/asvspoof_2021_00647.wav,TTS,ASVspoof_2021,SPK_ASV_047,en,SPOOF_LA,Neural Vocoder,Transmission Codec,gsm_610,16000,3.75,test
data/tts/asvspoof_2021_00648.wav,TTS,ASVspoof_2021,SPK_ASV_048,en,SPOOF_LA,Neural Vocoder,Transmission Codec,gsm_610,16000,3.86,validation
data/tts/asvspoof_2021_00649.wav,TTS,ASVspoof_2021,SPK_ASV_049,en,SPOOF_LA,Neural Vocoder,Transmission Codec,gsm_610,16000,4.06,test
data/tts/asvspoof_2021_00650.wav,TTS,ASVspoof_2021,SPK_ASV_050,en,SPOOF_LA,Neural Vocoder,Transmission Codec,gsm_610,16000,3.35,test
data/tts/asvspoof_2021_00651.wav,TTS,ASVspoof_2021,SPK_ASV_051,en,SPOOF_LA,Neural Vocoder,Transmission Codec,gsm_610,16000,3.4,test
data/tts/asvspoof_2021_00652.wav,TTS,ASVspoof_2021,SPK_ASV_052,en,SPOOF_LA,Neural Vocoder,Transmission Codec,gsm_610,16000,4.21,test
data/tts/asvspoof_2021_00653.wav,TTS,ASVspoof_2021,SPK_ASV_053,en,SPOOF_LA,Neural Vocoder,Transmission Codec,gsm_610,16000,4.4,test
data/tts/asvspoof_2021_00654.wav,TTS,ASVspoof_2021,SPK_ASV_054,en,SPOOF_LA,Neural Vocoder,Transmission Codec,gsm_610,16000,3.13,train
data/tts/asvspoof_2021_00655.wav,TTS,ASVspoof_2021,SPK_ASV_055,en,SPOOF_LA,Neural Vocoder,Transmission Codec,gsm_610,16000,3.71,train
data/tts/asvspoof_2021_00656.wav,TTS,ASVspoof_2021,SPK_ASV_056,en,SPOOF_LA,Neural Vocoder,Transmission Codec,gsm_610,16000,4.13,train
data/tts/asvspoof_2021_00657.wav,TTS,ASVspoof_2021,SPK_ASV_057,en,SPOOF_LA,Neural Vocoder,Transmission Codec,gsm_610,16000,3.12,test
data/tts/asvspoof_2021_00658.wav,TTS,ASVspoof_2021,SPK_ASV_058,en,SPOOF_LA,Neural Vocoder,Transmission Codec,gsm_610,16000,3.9,test
data/tts/asvspoof_2021_00659.wav,TTS,ASVspoof_2021,SPK_ASV_059,en,SPOOF_LA,Neural Vocoder,Transmission Codec,gsm_610,16000,3.1,train
data/tts/asvspoof_2021_00660.wav,TTS,ASVspoof_2021,SPK_ASV_060,en,SPOOF_LA,Neural Vocoder,Transmission Codec,gsm_610,16000,3.88,test
data/tts/asvspoof_2021_00661.wav,TTS,ASVspoof_2021,SPK_ASV_061,en,SPOOF_LA,Neural Vocoder,Transmission Codec,gsm_610,16000,3.81,train
data/tts/asvspoof_2021_00662.wav,TTS,ASVspoof_2021,SPK_ASV_062,en,SPOOF_LA,Neural Vocoder,Transmission Codec,gsm_610,16000,3.92,validation
data/tts/asvspoof_2021_00663.wav,TTS,ASVspoof_2021,SPK_ASV_063,en,SPOOF_LA,Neural Vocoder,Transmission Codec,gsm_610,16000,3.24,train
data/tts/asvspoof_2021_00664.wav,TTS,ASVspoof_2021,SPK_ASV_064,en,SPOOF_LA,Neural Vocoder,Transmission Codec,gsm_610,16000,3.52,train
data/tts/asvspoof_2021_00665.wav,TTS,ASVspoof_2021,SPK_ASV_065,en,SPOOF_LA,Neural Vocoder,Transmission Codec,gsm_610,16000,3.83,test
data/tts/asvspoof_2021_00666.wav,TTS,ASVspoof_2021,SPK_ASV_066,en,SPOOF_LA,Neural Vocoder,Transmission Codec,gsm_610,16000,3.19,test
data/tts/asvspoof_2021_00667.wav,TTS,ASVspoof_2021,SPK_ASV_067,en,SPOOF_LA,Neural Vocoder,Transmission Codec,gsm_610,16000,3.33,validation
data/tts/asvspoof_2021_00668.wav,TTS,ASVspoof_2021,SPK_ASV_068,en,SPOOF_LA,Neural Vocoder,Transmission Codec,gsm_610,16000,3.93,train
data/tts/asvspoof_2021_00669.wav,TTS,ASVspoof_2021,SPK_ASV_069,en,SPOOF_LA,Neural Vocoder,Transmission Codec,gsm_610,16000,3.15,test
data/tts/asvspoof_2021_00670.wav,TTS,ASVspoof_2021,SPK_ASV_070,en,SPOOF_LA,Neural Vocoder,Transmission Codec,gsm_610,16000,3.82,train
data/tts/asvspoof_2021_00671.wav,TTS,ASVspoof_2021,SPK_ASV_071,en,SPOOF_LA,Neural Vocoder,Transmission Codec,gsm_610,16000,4.29,train
data/tts/asvspoof_2021_00672.wav,TTS,ASVspoof_2021,SPK_ASV_072,en,SPOOF_LA,Neural Vocoder,Transmission Codec,gsm_610,16000,3.73,test
data/tts/asvspoof_2021_00673.wav,TTS,ASVspoof_2021,SPK_ASV_073,en,SPOOF_LA,Neural Vocoder,Transmission Codec,gsm_610,16000,3.82,train
data/tts/asvspoof_2021_00674.wav,TTS,ASVspoof_2021,SPK_ASV_074,en,SPOOF_LA,Neural Vocoder,Transmission Codec,gsm_610,16000,3.73,train
data/tts/asvspoof_2021_00675.wav,TTS,ASVspoof_2021,SPK_ASV_075,en,SPOOF_LA,Neural Vocoder,Transmission Codec,gsm_610,16000,3.09,train
data/tts/asvspoof_2021_00676.wav,TTS,ASVspoof_2021,SPK_ASV_076,en,SPOOF_LA,Neural Vocoder,Transmission Codec,gsm_610,16000,3.74,validation
data/tts/asvspoof_2021_00677.wav,TTS,ASVspoof_2021,SPK_ASV_077,en,SPOOF_LA,Neural Vocoder,Transmission Codec,gsm_610,16000,4.29,test
data/tts/asvspoof_2021_00678.wav,TTS,ASVspoof_2021,SPK_ASV_078,en,SPOOF_LA,Neural Vocoder,Transmission Codec,gsm_610,16000,4.16,train
data/tts/asvspoof_2021_00679.wav,TTS,ASVspoof_2021,SPK_ASV_079,en,SPOOF_LA,Neural Vocoder,Transmission Codec,gsm_610,16000,3.63,train
data/tts/asvspoof_2021_00680.wav,TTS,ASVspoof_2021,SPK_ASV_080,en,SPOOF_LA,Neural Vocoder,Transmission Codec,gsm_610,16000,4.31,train
data/tts/asvspoof_2021_00681.wav,TTS,ASVspoof_2021,SPK_ASV_081,en,SPOOF_LA,Neural Vocoder,Transmission Codec,gsm_610,16000,4.19,train
data/tts/asvspoof_2021_00682.wav,TTS,ASVspoof_2021,SPK_ASV_082,en,SPOOF_LA,Neural Vocoder,Transmission Codec,gsm_610,16000,3.93,train
data/tts/asvspoof_2021_00683.wav,TTS,ASVspoof_2021,SPK_ASV_083,en,SPOOF_LA,Neural Vocoder,Transmission Codec,gsm_610,16000,3.07,train
data/tts/asvspoof_2021_00684.wav,TTS,ASVspoof_2021,SPK_ASV_084,en,SPOOF_LA,Neural Vocoder,Transmission Codec,gsm_610,16000,3.55,train
data/tts/asvspoof_2021_00685.wav,TTS,ASVspoof_2021,SPK_ASV_085,en,SPOOF_LA,Neural Vocoder,Transmission Codec,gsm_610,16000,3.1,test
data/tts/asvspoof_2021_00686.wav,TTS,ASVspoof_2021,SPK_ASV_086,en,SPOOF_LA,Neural Vocoder,Transmission Codec,gsm_610,16000,4.59,train
data/tts/asvspoof_2021_00687.wav,TTS,ASVspoof_2021,SPK_ASV_087,en,SPOOF_LA,Neural Vocoder,Transmission Codec,gsm_610,16000,4.5,test
data/tts/asvspoof_2021_00688.wav,TTS,ASVspoof_2021,SPK_ASV_088,en,SPOOF_LA,Neural Vocoder,Transmission Codec,gsm_610,16000,3.11,train
data/tts/asvspoof_2021_00689.wav,TTS,ASVspoof_2021,SPK_ASV_089,en,SPOOF_LA,Neural Vocoder,Transmission Codec,gsm_610,16000,4.49,train
data/tts/asvspoof_2021_00690.wav,TTS,ASVspoof_2021,SPK_ASV_090,en,SPOOF_LA,Neural Vocoder,Transmission Codec,gsm_610,16000,3.05,validation
data/tts/asvspoof_2021_00691.wav,TTS,ASVspoof_2021,SPK_ASV_091,en,SPOOF_LA,Neural Vocoder,Transmission Codec,gsm_610,16000,3.65,train
data/tts/asvspoof_2021_00692.wav,TTS,ASVspoof_2021,SPK_ASV_092,en,SPOOF_LA,Neural Vocoder,Transmission Codec,gsm_610,16000,4.23,train
data/tts/asvspoof_2021_00693.wav,TTS,ASVspoof_2021,SPK_ASV_093,en,SPOOF_LA,Neural Vocoder,Transmission Codec,gsm_610,16000,4.23,validation
data/tts/asvspoof_2021_00694.wav,TTS,ASVspoof_2021,SPK_ASV_094,en,SPOOF_LA,Neural Vocoder,Transmission Codec,gsm_610,16000,4.57,train
data/tts/asvspoof_2021_00695.wav,TTS,ASVspoof_2021,SPK_ASV_095,en,SPOOF_LA,Neural Vocoder,Transmission Codec,gsm_610,16000,4.03,train
data/tts/asvspoof_2021_00696.wav,TTS,ASVspoof_2021,SPK_ASV_096,en,SPOOF_LA,Neural Vocoder,Transmission Codec,gsm_610,16000,3.67,train
data/tts/asvspoof_2021_00697.wav,TTS,ASVspoof_2021,SPK_ASV_097,en,SPOOF_LA,Neural Vocoder,Transmission Codec,gsm_610,16000,4.59,train
data/tts/asvspoof_2021_00698.wav,TTS,ASVspoof_2021,SPK_ASV_098,en,SPOOF_LA,Neural Vocoder,Transmission Codec,gsm_610,16000,3.61,train
data/tts/asvspoof_2021_00699.wav,TTS,ASVspoof_2021,SPK_ASV_099,en,SPOOF_LA,Neural Vocoder,Transmission Codec,gsm_610,16000,4.39,test
data/tts/asvspoof_2021_00700.wav,TTS,ASVspoof_2021,SPK_ASV_100,en,SPOOF_LA,Neural Vocoder,Transmission Codec,gsm_610,16000,4.45,train
data/tts/asvspoof_2021_00701.wav,TTS,ASVspoof_2021,SPK_ASV_101,en,SPOOF_LA,Neural Vocoder,Transmission Codec,gsm_610,16000,3.6,train
data/tts/asvspoof_2021_00702.wav,TTS,ASVspoof_2021,SPK_ASV_102,en,SPOOF_LA,Neural Vocoder,Transmission Codec,gsm_610,16000,4.09,validation
data/tts/asvspoof_2021_00703.wav,TTS,ASVspoof_2021,SPK_ASV_103,en,SPOOF_LA,Neural Vocoder,Transmission Codec,gsm_610,16000,4.06,train
data/tts/asvspoof_2021_00704.wav,TTS,ASVspoof_2021,SPK_ASV_104,en,SPOOF_LA,Neural Vocoder,Transmission Codec,gsm_610,16000,3.86,train
data/tts/asvspoof_2021_00705.wav,TTS,ASVspoof_2021,SPK_ASV_105,en,SPOOF_LA,Neural Vocoder,Transmission Codec,gsm_610,16000,4.05,validation
data/tts/asvspoof_2021_00706.wav,TTS,ASVspoof_2021,SPK_ASV_106,en,SPOOF_LA,Neural Vocoder,Transmission Codec,gsm_610,16000,3.56,train
data/tts/asvspoof_2021_00707.wav,TTS,ASVspoof_2021,SPK_ASV_107,en,SPOOF_LA,Neural Vocoder,Transmission Codec,gsm_610,16000,3.29,train
data/tts/asvspoof_2021_00708.wav,TTS,ASVspoof_2021,SPK_ASV_108,en,SPOOF_LA,Neural Vocoder,Transmission Codec,gsm_610,16000,3.86,train
data/tts/asvspoof_2021_00709.wav,TTS,ASVspoof_2021,SPK_ASV_109,en,SPOOF_LA,Neural Vocoder,Transmission Codec,gsm_610,16000,3.85,train
data/tts/asvspoof_2021_00710.wav,TTS,ASVspoof_2021,SPK_ASV_110,en,SPOOF_LA,Neural Vocoder,Transmission Codec,gsm_610,16000,4.16,test
data/tts/asvspoof_2021_00711.wav,TTS,ASVspoof_2021,SPK_ASV_111,en,SPOOF_LA,Neural Vocoder,Transmission Codec,gsm_610,16000,3.36,validation
data/tts/asvspoof_2021_00712.wav,TTS,ASVspoof_2021,SPK_ASV_112,en,SPOOF_LA,Neural Vocoder,Transmission Codec,gsm_610,16000,3.01,train
data/tts/asvspoof_2021_00713.wav,TTS,ASVspoof_2021,SPK_ASV_113,en,SPOOF_LA,Neural Vocoder,Transmission Codec,gsm_610,16000,3.04,train
data/tts/asvspoof_2021_00714.wav,TTS,ASVspoof_2021,SPK_ASV_114,en,SPOOF_LA,Neural Vocoder,Transmission Codec,gsm_610,16000,3.48,train
data/tts/asvspoof_2021_00715.wav,TTS,ASVspoof_2021,SPK_ASV_115,en,SPOOF_LA,Neural Vocoder,Transmission Codec,gsm_610,16000,4.08,train
data/tts/asvspoof_2021_00716.wav,TTS,ASVspoof_2021,SPK_ASV_116,en,SPOOF_LA,Neural Vocoder,Transmission Codec,gsm_610,16000,3.87,train
data/tts/asvspoof_2021_00717.wav,TTS,ASVspoof_2021,SPK_ASV_117,en,SPOOF_LA,Neural Vocoder,Transmission Codec,gsm_610,16000,3.85,validation
data/tts/asvspoof_2021_00718.wav,TTS,ASVspoof_2021,SPK_ASV_118,en,SPOOF_LA,Neural Vocoder,Transmission Codec,gsm_610,16000,4.32,train
data/tts/asvspoof_2021_00719.wav,TTS,ASVspoof_2021,SPK_ASV_119,en,SPOOF_LA,Neural Vocoder,Transmission Codec,gsm_610,16000,3.4,train
data/tts/asvspoof_2021_00720.wav,TTS,ASVspoof_2021,SPK_ASV_000,en,SPOOF_LA,Neural Vocoder,Transmission Codec,gsm_610,16000,3.55,train
data/tts/asvspoof_2021_00721.wav,TTS,ASVspoof_2021,SPK_ASV_001,en,SPOOF_LA,Neural Vocoder,Transmission Codec,gsm_610,16000,3.44,train
data/tts/asvspoof_2021_00722.wav,TTS,ASVspoof_2021,SPK_ASV_002,en,SPOOF_LA,Neural Vocoder,Transmission Codec,gsm_610,16000,4.5,validation
data/tts/asvspoof_2021_00723.wav,TTS,ASVspoof_2021,SPK_ASV_003,en,SPOOF_LA,Neural Vocoder,Transmission Codec,gsm_610,16000,4.16,train
data/tts/asvspoof_2021_00724.wav,TTS,ASVspoof_2021,SPK_ASV_004,en,SPOOF_LA,Neural Vocoder,Transmission Codec,gsm_610,16000,3.18,train
data/tts/asvspoof_2021_00725.wav,TTS,ASVspoof_2021,SPK_ASV_005,en,SPOOF_LA,Neural Vocoder,Transmission Codec,gsm_610,16000,4.3,train
data/tts/asvspoof_2021_00726.wav,TTS,ASVspoof_2021,SPK_ASV_006,en,SPOOF_LA,Neural Vocoder,Transmission Codec,gsm_610,16000,3.67,train
data/tts/asvspoof_2021_00727.wav,TTS,ASVspoof_2021,SPK_ASV_007,en,SPOOF_LA,Neural Vocoder,Transmission Codec,gsm_610,16000,4.23,train
data/tts/asvspoof_2021_00728.wav,TTS,ASVspoof_2021,SPK_ASV_008,en,SPOOF_LA,Neural Vocoder,Transmission Codec,gsm_610,16000,4.41,train
data/tts/asvspoof_2021_00729.wav,TTS,ASVspoof_2021,SPK_ASV_009,en,SPOOF_LA,Neural Vocoder,Transmission Codec,gsm_610,16000,3.03,train
data/tts/asvspoof_2021_00730.wav,TTS,ASVspoof_2021,SPK_ASV_010,en,SPOOF_LA,Neural Vocoder,Transmission Codec,gsm_610,16000,3.33,validation
data/tts/asvspoof_2021_00731.wav,TTS,ASVspoof_2021,SPK_ASV_011,en,SPOOF_LA,Neural Vocoder,Transmission Codec,gsm_610,16000,3.16,train
data/tts/asvspoof_2021_00732.wav,TTS,ASVspoof_2021,SPK_ASV_012,en,SPOOF_LA,Neural Vocoder,Transmission Codec,gsm_610,16000,3.05,train
data/tts/asvspoof_2021_00733.wav,TTS,ASVspoof_2021,SPK_ASV_013,en,SPOOF_LA,Neural Vocoder,Transmission Codec,gsm_610,16000,3.96,validation
data/tts/asvspoof_2021_00734.wav,TTS,ASVspoof_2021,SPK_ASV_014,en,SPOOF_LA,Neural Vocoder,Transmission Codec,gsm_610,16000,4.13,train
data/tts/asvspoof_2021_00735.wav,TTS,ASVspoof_2021,SPK_ASV_015,en,SPOOF_LA,Neural Vocoder,Transmission Codec,gsm_610,16000,3.08,train
data/tts/asvspoof_2021_00736.wav,TTS,ASVspoof_2021,SPK_ASV_016,en,SPOOF_LA,Neural Vocoder,Transmission Codec,gsm_610,16000,4.18,train
data/tts/asvspoof_2021_00737.wav,TTS,ASVspoof_2021,SPK_ASV_017,en,SPOOF_LA,Neural Vocoder,Transmission Codec,gsm_610,16000,3.64,train
data/tts/asvspoof_2021_00738.wav,TTS,ASVspoof_2021,SPK_ASV_018,en,SPOOF_LA,Neural Vocoder,Transmission Codec,gsm_610,16000,3.37,train
data/tts/asvspoof_2021_00739.wav,TTS,ASVspoof_2021,SPK_ASV_019,en,SPOOF_LA,Neural Vocoder,Transmission Codec,gsm_610,16000,3.35,train
data/tts/asvspoof_2021_00740.wav,TTS,ASVspoof_2021,SPK_ASV_020,en,SPOOF_LA,Neural Vocoder,Transmission Codec,gsm_610,16000,4.38,train
data/tts/asvspoof_2021_00741.wav,TTS,ASVspoof_2021,SPK_ASV_021,en,SPOOF_LA,Neural Vocoder,Transmission Codec,gsm_610,16000,3.09,train
data/tts/asvspoof_2021_00742.wav,TTS,ASVspoof_2021,SPK_ASV_022,en,SPOOF_LA,Neural Vocoder,Transmission Codec,gsm_610,16000,3.81,train
data/tts/asvspoof_2021_00743.wav,TTS,ASVspoof_2021,SPK_ASV_023,en,SPOOF_LA,Neural Vocoder,Transmission Codec,gsm_610,16000,3.46,train
data/tts/asvspoof_2021_00744.wav,TTS,ASVspoof_2021,SPK_ASV_024,en,SPOOF_LA,Neural Vocoder,Transmission Codec,gsm_610,16000,4.31,test
data/tts/asvspoof_2021_00745.wav,TTS,ASVspoof_2021,SPK_ASV_025,en,SPOOF_LA,Neural Vocoder,Transmission Codec,gsm_610,16000,4.17,train
data/tts/asvspoof_2021_00746.wav,TTS,ASVspoof_2021,SPK_ASV_026,en,SPOOF_LA,Neural Vocoder,Transmission Codec,gsm_610,16000,3.51,train
data/tts/asvspoof_2021_00747.wav,TTS,ASVspoof_2021,SPK_ASV_027,en,SPOOF_LA,Neural Vocoder,Transmission Codec,gsm_610,16000,3.96,train
data/tts/asvspoof_2021_00748.wav,TTS,ASVspoof_2021,SPK_ASV_028,en,SPOOF_LA,Neural Vocoder,Transmission Codec,gsm_610,16000,4.08,train
data/tts/asvspoof_2021_00749.wav,TTS,ASVspoof_2021,SPK_ASV_029,en,SPOOF_LA,Neural Vocoder,Transmission Codec,gsm_610,16000,3.51,train
data/tts/asvspoof_2021_00750.wav,TTS,ASVspoof_2021,SPK_ASV_030,en,SPOOF_LA,Neural Vocoder,Transmission Codec,gsm_610,16000,3.48,train
data/tts/asvspoof_2021_00751.wav,TTS,ASVspoof_2021,SPK_ASV_031,en,SPOOF_LA,Neural Vocoder,Transmission Codec,gsm_610,16000,3.23,train
data/tts/asvspoof_2021_00752.wav,TTS,ASVspoof_2021,SPK_ASV_032,en,SPOOF_LA,Neural Vocoder,Transmission Codec,gsm_610,16000,4.06,test
data/tts/asvspoof_2021_00753.wav,TTS,ASVspoof_2021,SPK_ASV_033,en,SPOOF_LA,Neural Vocoder,Transmission Codec,gsm_610,16000,3.35,train
data/tts/asvspoof_2021_00754.wav,TTS,ASVspoof_2021,SPK_ASV_034,en,SPOOF_LA,Neural Vocoder,Transmission Codec,gsm_610,16000,3.48,validation
data/tts/asvspoof_2021_00755.wav,TTS,ASVspoof_2021,SPK_ASV_035,en,SPOOF_LA,Neural Vocoder,Transmission Codec,gsm_610,16000,3.1,train
data/tts/asvspoof_2021_00756.wav,TTS,ASVspoof_2021,SPK_ASV_036,en,SPOOF_LA,Neural Vocoder,Transmission Codec,gsm_610,16000,4.52,train
data/tts/asvspoof_2021_00757.wav,TTS,ASVspoof_2021,SPK_ASV_037,en,SPOOF_LA,Neural Vocoder,Transmission Codec,gsm_610,16000,4.41,train
data/tts/asvspoof_2021_00758.wav,TTS,ASVspoof_2021,SPK_ASV_038,en,SPOOF_LA,Neural Vocoder,Transmission Codec,gsm_610,16000,4.46,train
data/tts/asvspoof_2021_00759.wav,TTS,ASVspoof_2021,SPK_ASV_039,en,SPOOF_LA,Neural Vocoder,Transmission Codec,gsm_610,16000,4.0,train
data/tts/asvspoof_2021_00760.wav,TTS,ASVspoof_2021,SPK_ASV_040,en,SPOOF_LA,Neural Vocoder,Transmission Codec,gsm_610,16000,3.68,train
data/tts/asvspoof_2021_00761.wav,TTS,ASVspoof_2021,SPK_ASV_041,en,SPOOF_LA,Neural Vocoder,Transmission Codec,gsm_610,16000,3.79,train
data/tts/asvspoof_2021_00762.wav,TTS,ASVspoof_2021,SPK_ASV_042,en,SPOOF_LA,Neural Vocoder,Transmission Codec,gsm_610,16000,4.56,train
data/tts/asvspoof_2021_00763.wav,TTS,ASVspoof_2021,SPK_ASV_043,en,SPOOF_LA,Neural Vocoder,Transmission Codec,gsm_610,16000,4.51,validation
data/tts/asvspoof_2021_00764.wav,TTS,ASVspoof_2021,SPK_ASV_044,en,SPOOF_LA,Neural Vocoder,Transmission Codec,gsm_610,16000,4.07,test
data/tts/asvspoof_2021_00765.wav,TTS,ASVspoof_2021,SPK_ASV_045,en,SPOOF_LA,Neural Vocoder,Transmission Codec,gsm_610,16000,4.26,train
data/tts/asvspoof_2021_00766.wav,TTS,ASVspoof_2021,SPK_ASV_046,en,SPOOF_LA,Neural Vocoder,Transmission Codec,gsm_610,16000,3.51,train
data/tts/asvspoof_2021_00767.wav,TTS,ASVspoof_2021,SPK_ASV_047,en,SPOOF_LA,Neural Vocoder,Transmission Codec,gsm_610,16000,3.67,test
data/tts/asvspoof_2021_00768.wav,TTS,ASVspoof_2021,SPK_ASV_048,en,SPOOF_LA,Neural Vocoder,Transmission Codec,gsm_610,16000,3.24,validation
data/tts/asvspoof_2021_00769.wav,TTS,ASVspoof_2021,SPK_ASV_049,en,SPOOF_LA,Neural Vocoder,Transmission Codec,gsm_610,16000,3.6,test
data/tts/asvspoof_2021_00770.wav,TTS,ASVspoof_2021,SPK_ASV_050,en,SPOOF_LA,Neural Vocoder,Transmission Codec,gsm_610,16000,4.21,test
data/tts/asvspoof_2021_00771.wav,TTS,ASVspoof_2021,SPK_ASV_051,en,SPOOF_LA,Neural Vocoder,Transmission Codec,gsm_610,16000,3.76,test
data/tts/asvspoof_2021_00772.wav,TTS,ASVspoof_2021,SPK_ASV_052,en,SPOOF_LA,Neural Vocoder,Transmission Codec,gsm_610,16000,4.36,test
data/tts/asvspoof_2021_00773.wav,TTS,ASVspoof_2021,SPK_ASV_053,en,SPOOF_LA,Neural Vocoder,Transmission Codec,gsm_610,16000,3.48,test
data/tts/asvspoof_2021_00774.wav,TTS,ASVspoof_2021,SPK_ASV_054,en,SPOOF_LA,Neural Vocoder,Transmission Codec,gsm_610,16000,4.13,train
data/tts/asvspoof_2021_00775.wav,TTS,ASVspoof_2021,SPK_ASV_055,en,SPOOF_LA,Neural Vocoder,Transmission Codec,gsm_610,16000,4.29,train
data/tts/asvspoof_2021_00776.wav,TTS,ASVspoof_2021,SPK_ASV_056,en,SPOOF_LA,Neural Vocoder,Transmission Codec,gsm_610,16000,4.46,train
data/tts/asvspoof_2021_00777.wav,TTS,ASVspoof_2021,SPK_ASV_057,en,SPOOF_LA,Neural Vocoder,Transmission Codec,gsm_610,16000,3.9,test
data/tts/asvspoof_2021_00778.wav,TTS,ASVspoof_2021,SPK_ASV_058,en,SPOOF_LA,Neural Vocoder,Transmission Codec,gsm_610,16000,4.55,test
data/tts/asvspoof_2021_00779.wav,TTS,ASVspoof_2021,SPK_ASV_059,en,SPOOF_LA,Neural Vocoder,Transmission Codec,gsm_610,16000,3.89,train
data/tts/asvspoof_2021_00780.wav,TTS,ASVspoof_2021,SPK_ASV_060,en,SPOOF_LA,Neural Vocoder,Transmission Codec,gsm_610,16000,3.21,test
data/tts/asvspoof_2021_00781.wav,TTS,ASVspoof_2021,SPK_ASV_061,en,SPOOF_LA,Neural Vocoder,Transmission Codec,gsm_610,16000,3.39,train
data/tts/asvspoof_2021_00782.wav,TTS,ASVspoof_2021,SPK_ASV_062,en,SPOOF_LA,Neural Vocoder,Transmission Codec,gsm_610,16000,3.33,validation
data/tts/asvspoof_2021_00783.wav,TTS,ASVspoof_2021,SPK_ASV_063,en,SPOOF_LA,Neural Vocoder,Transmission Codec,gsm_610,16000,4.03,train
data/tts/asvspoof_2021_00784.wav,TTS,ASVspoof_2021,SPK_ASV_064,en,SPOOF_LA,Neural Vocoder,Transmission Codec,gsm_610,16000,4.48,train
data/tts/asvspoof_2021_00785.wav,TTS,ASVspoof_2021,SPK_ASV_065,en,SPOOF_LA,Neural Vocoder,Transmission Codec,gsm_610,16000,4.36,test
data/tts/asvspoof_2021_00786.wav,TTS,ASVspoof_2021,SPK_ASV_066,en,SPOOF_LA,Neural Vocoder,Transmission Codec,gsm_610,16000,3.15,test
data/tts/asvspoof_2021_00787.wav,TTS,ASVspoof_2021,SPK_ASV_067,en,SPOOF_LA,Neural Vocoder,Transmission Codec,gsm_610,16000,4.16,validation
data/tts/asvspoof_2021_00788.wav,TTS,ASVspoof_2021,SPK_ASV_068,en,SPOOF_LA,Neural Vocoder,Transmission Codec,gsm_610,16000,3.3,train
data/tts/asvspoof_2021_00789.wav,TTS,ASVspoof_2021,SPK_ASV_069,en,SPOOF_LA,Neural Vocoder,Transmission Codec,gsm_610,16000,3.43,test
data/tts/asvspoof_2021_00790.wav,TTS,ASVspoof_2021,SPK_ASV_070,en,SPOOF_LA,Neural Vocoder,Transmission Codec,gsm_610,16000,4.08,train
data/tts/asvspoof_2021_00791.wav,TTS,ASVspoof_2021,SPK_ASV_071,en,SPOOF_LA,Neural Vocoder,Transmission Codec,gsm_610,16000,3.96,train
data/tts/asvspoof_2021_00792.wav,TTS,ASVspoof_2021,SPK_ASV_072,en,SPOOF_LA,Neural Vocoder,Transmission Codec,gsm_610,16000,4.4,test
data/tts/asvspoof_2021_00793.wav,TTS,ASVspoof_2021,SPK_ASV_073,en,SPOOF_LA,Neural Vocoder,Transmission Codec,gsm_610,16000,3.3,train
data/tts/asvspoof_2021_00794.wav,TTS,ASVspoof_2021,SPK_ASV_074,en,SPOOF_LA,Neural Vocoder,Transmission Codec,gsm_610,16000,4.22,train
data/tts/asvspoof_2021_00795.wav,TTS,ASVspoof_2021,SPK_ASV_075,en,SPOOF_LA,Neural Vocoder,Transmission Codec,gsm_610,16000,4.16,train
data/tts/asvspoof_2021_00796.wav,TTS,ASVspoof_2021,SPK_ASV_076,en,SPOOF_LA,Neural Vocoder,Transmission Codec,gsm_610,16000,3.89,validation
data/tts/asvspoof_2021_00797.wav,TTS,ASVspoof_2021,SPK_ASV_077,en,SPOOF_LA,Neural Vocoder,Transmission Codec,gsm_610,16000,3.77,test
data/tts/asvspoof_2021_00798.wav,TTS,ASVspoof_2021,SPK_ASV_078,en,SPOOF_LA,Neural Vocoder,Transmission Codec,gsm_610,16000,4.39,train
data/tts/asvspoof_2021_00799.wav,TTS,ASVspoof_2021,SPK_ASV_079,en,SPOOF_LA,Neural Vocoder,Transmission Codec,gsm_610,16000,3.53,train
data/tts/asvspoof_2021_00800.wav,TTS,ASVspoof_2021,SPK_ASV_080,en,SPOOF_LA,Neural Vocoder,Transmission Codec,gsm_610,16000,4.53,train
data/tts/asvspoof_2021_00801.wav,TTS,ASVspoof_2021,SPK_ASV_081,en,SPOOF_LA,Neural Vocoder,Transmission Codec,gsm_610,16000,3.02,train
data/tts/asvspoof_2021_00802.wav,TTS,ASVspoof_2021,SPK_ASV_082,en,SPOOF_LA,Neural Vocoder,Transmission Codec,gsm_610,16000,4.5,train
data/tts/asvspoof_2021_00803.wav,TTS,ASVspoof_2021,SPK_ASV_083,en,SPOOF_LA,Neural Vocoder,Transmission Codec,gsm_610,16000,4.54,train
data/tts/asvspoof_2021_00804.wav,TTS,ASVspoof_2021,SPK_ASV_084,en,SPOOF_LA,Neural Vocoder,Transmission Codec,gsm_610,16000,3.19,train
data/tts/asvspoof_2021_00805.wav,TTS,ASVspoof_2021,SPK_ASV_085,en,SPOOF_LA,Neural Vocoder,Transmission Codec,gsm_610,16000,4.6,test
data/tts/asvspoof_2021_00806.wav,TTS,ASVspoof_2021,SPK_ASV_086,en,SPOOF_LA,Neural Vocoder,Transmission Codec,gsm_610,16000,3.77,train
data/tts/asvspoof_2021_00807.wav,TTS,ASVspoof_2021,SPK_ASV_087,en,SPOOF_LA,Neural Vocoder,Transmission Codec,gsm_610,16000,3.39,test
data/tts/asvspoof_2021_00808.wav,TTS,ASVspoof_2021,SPK_ASV_088,en,SPOOF_LA,Neural Vocoder,Transmission Codec,gsm_610,16000,3.97,train
data/tts/asvspoof_2021_00809.wav,TTS,ASVspoof_2021,SPK_ASV_089,en,SPOOF_LA,Neural Vocoder,Transmission Codec,gsm_610,16000,3.33,train
data/tts/asvspoof_2021_00810.wav,TTS,ASVspoof_2021,SPK_ASV_090,en,SPOOF_LA,Neural Vocoder,Transmission Codec,gsm_610,16000,4.46,validation
data/tts/asvspoof_2021_00811.wav,TTS,ASVspoof_2021,SPK_ASV_091,en,SPOOF_LA,Neural Vocoder,Transmission Codec,gsm_610,16000,3.88,train
data/tts/asvspoof_2021_00812.wav,TTS,ASVspoof_2021,SPK_ASV_092,en,SPOOF_LA,Neural Vocoder,Transmission Codec,gsm_610,16000,4.24,train
data/tts/asvspoof_2021_00813.wav,TTS,ASVspoof_2021,SPK_ASV_093,en,SPOOF_LA,Neural Vocoder,Transmission Codec,gsm_610,16000,3.61,validation
data/tts/asvspoof_2021_00814.wav,TTS,ASVspoof_2021,SPK_ASV_094,en,SPOOF_LA,Neural Vocoder,Transmission Codec,gsm_610,16000,3.85,train
data/tts/asvspoof_2021_00815.wav,TTS,ASVspoof_2021,SPK_ASV_095,en,SPOOF_LA,Neural Vocoder,Transmission Codec,gsm_610,16000,3.57,train
data/tts/asvspoof_2021_00816.wav,TTS,ASVspoof_2021,SPK_ASV_096,en,SPOOF_LA,Neural Vocoder,Transmission Codec,gsm_610,16000,3.42,train
data/tts/asvspoof_2021_00817.wav,TTS,ASVspoof_2021,SPK_ASV_097,en,SPOOF_LA,Neural Vocoder,Transmission Codec,gsm_610,16000,3.82,train
data/tts/asvspoof_2021_00818.wav,TTS,ASVspoof_2021,SPK_ASV_098,en,SPOOF_LA,Neural Vocoder,Transmission Codec,gsm_610,16000,3.8,train
data/tts/asvspoof_2021_00819.wav,TTS,ASVspoof_2021,SPK_ASV_099,en,SPOOF_LA,Neural Vocoder,Transmission Codec,gsm_610,16000,3.16,test
data/tts/asvspoof_2021_00820.wav,TTS,ASVspoof_2021,SPK_ASV_100,en,SPOOF_LA,Neural Vocoder,Transmission Codec,gsm_610,16000,4.57,train
data/tts/asvspoof_2021_00821.wav,TTS,ASVspoof_2021,SPK_ASV_101,en,SPOOF_LA,Neural Vocoder,Transmission Codec,gsm_610,16000,3.75,train
data/tts/asvspoof_2021_00822.wav,TTS,ASVspoof_2021,SPK_ASV_102,en,SPOOF_LA,Neural Vocoder,Transmission Codec,gsm_610,16000,4.34,validation
data/tts/asvspoof_2021_00823.wav,TTS,ASVspoof_2021,SPK_ASV_103,en,SPOOF_LA,Neural Vocoder,Transmission Codec,gsm_610,16000,4.46,train
data/tts/asvspoof_2021_00824.wav,TTS,ASVspoof_2021,SPK_ASV_104,en,SPOOF_LA,Neural Vocoder,Transmission Codec,gsm_610,16000,3.59,train
data/tts/asvspoof_2021_00825.wav,TTS,ASVspoof_2021,SPK_ASV_105,en,SPOOF_LA,Neural Vocoder,Transmission Codec,gsm_610,16000,3.66,validation
data/tts/asvspoof_2021_00826.wav,TTS,ASVspoof_2021,SPK_ASV_106,en,SPOOF_LA,Neural Vocoder,Transmission Codec,gsm_610,16000,3.9,train
data/tts/asvspoof_2021_00827.wav,TTS,ASVspoof_2021,SPK_ASV_107,en,SPOOF_LA,Neural Vocoder,Transmission Codec,gsm_610,16000,3.35,train
data/tts/asvspoof_2021_00828.wav,TTS,ASVspoof_2021,SPK_ASV_108,en,SPOOF_LA,Neural Vocoder,Transmission Codec,gsm_610,16000,3.23,train
data/tts/asvspoof_2021_00829.wav,TTS,ASVspoof_2021,SPK_ASV_109,en,SPOOF_LA,Neural Vocoder,Transmission Codec,gsm_610,16000,3.42,train
data/tts/asvspoof_2021_00830.wav,TTS,ASVspoof_2021,SPK_ASV_110,en,SPOOF_LA,Neural Vocoder,Transmission Codec,gsm_610,16000,4.5,test
data/tts/asvspoof_2021_00831.wav,TTS,ASVspoof_2021,SPK_ASV_111,en,SPOOF_LA,Neural Vocoder,Transmission Codec,gsm_610,16000,3.93,validation
data/tts/asvspoof_2021_00832.wav,TTS,ASVspoof_2021,SPK_ASV_112,en,SPOOF_LA,Neural Vocoder,Transmission Codec,gsm_610,16000,3.67,train
data/tts/asvspoof_2021_00833.wav,TTS,ASVspoof_2021,SPK_ASV_113,en,SPOOF_LA,Neural Vocoder,Transmission Codec,gsm_610,16000,3.24,train
data/tts/asvspoof_2021_00834.wav,TTS,ASVspoof_2021,SPK_ASV_114,en,SPOOF_LA,Neural Vocoder,Transmission Codec,gsm_610,16000,3.53,train
data/tts/asvspoof_2021_00835.wav,TTS,ASVspoof_2021,SPK_ASV_115,en,SPOOF_LA,Neural Vocoder,Transmission Codec,gsm_610,16000,3.61,train
data/tts/asvspoof_2021_00836.wav,TTS,ASVspoof_2021,SPK_ASV_116,en,SPOOF_LA,Neural Vocoder,Transmission Codec,gsm_610,16000,4.33,train
data/tts/asvspoof_2021_00837.wav,TTS,ASVspoof_2021,SPK_ASV_117,en,SPOOF_LA,Neural Vocoder,Transmission Codec,gsm_610,16000,3.8,validation
data/tts/asvspoof_2021_00838.wav,TTS,ASVspoof_2021,SPK_ASV_118,en,SPOOF_LA,Neural Vocoder,Transmission Codec,gsm_610,16000,4.05,train
data/tts/asvspoof_2021_00839.wav,TTS,ASVspoof_2021,SPK_ASV_119,en,SPOOF_LA,Neural Vocoder,Transmission Codec,gsm_610,16000,4.1,train
data/tts/asvspoof_2021_00840.wav,TTS,ASVspoof_2021,SPK_ASV_000,en,SPOOF_LA,Neural Vocoder,Transmission Codec,gsm_610,16000,3.41,train
data/tts/asvspoof_2021_00841.wav,TTS,ASVspoof_2021,SPK_ASV_001,en,SPOOF_LA,Neural Vocoder,Transmission Codec,gsm_610,16000,4.31,train
data/tts/asvspoof_2021_00842.wav,TTS,ASVspoof_2021,SPK_ASV_002,en,SPOOF_LA,Neural Vocoder,Transmission Codec,gsm_610,16000,4.55,validation
data/tts/asvspoof_2021_00843.wav,TTS,ASVspoof_2021,SPK_ASV_003,en,SPOOF_LA,Neural Vocoder,Transmission Codec,gsm_610,16000,4.03,train
data/tts/asvspoof_2021_00844.wav,TTS,ASVspoof_2021,SPK_ASV_004,en,SPOOF_LA,Neural Vocoder,Transmission Codec,gsm_610,16000,3.78,train
data/tts/asvspoof_2021_00845.wav,TTS,ASVspoof_2021,SPK_ASV_005,en,SPOOF_LA,Neural Vocoder,Transmission Codec,gsm_610,16000,3.27,train
data/tts/asvspoof_2021_00846.wav,TTS,ASVspoof_2021,SPK_ASV_006,en,SPOOF_LA,Neural Vocoder,Transmission Codec,gsm_610,16000,4.27,train
data/tts/asvspoof_2021_00847.wav,TTS,ASVspoof_2021,SPK_ASV_007,en,SPOOF_LA,Neural Vocoder,Transmission Codec,gsm_610,16000,3.27,train
data/tts/asvspoof_2021_00848.wav,TTS,ASVspoof_2021,SPK_ASV_008,en,SPOOF_LA,Neural Vocoder,Transmission Codec,gsm_610,16000,4.15,train
data/tts/asvspoof_2021_00849.wav,TTS,ASVspoof_2021,SPK_ASV_009,en,SPOOF_LA,Neural Vocoder,Transmission Codec,gsm_610,16000,3.78,train
data/tts/asvspoof_2021_00850.wav,TTS,ASVspoof_2021,SPK_ASV_010,en,SPOOF_LA,Neural Vocoder,Transmission Codec,gsm_610,16000,4.47,validation
data/tts/asvspoof_2021_00851.wav,TTS,ASVspoof_2021,SPK_ASV_011,en,SPOOF_LA,Neural Vocoder,Transmission Codec,gsm_610,16000,3.87,train
data/tts/asvspoof_2021_00852.wav,TTS,ASVspoof_2021,SPK_ASV_012,en,SPOOF_LA,Neural Vocoder,Transmission Codec,gsm_610,16000,4.03,train
data/tts/asvspoof_2021_00853.wav,TTS,ASVspoof_2021,SPK_ASV_013,en,SPOOF_LA,Neural Vocoder,Transmission Codec,gsm_610,16000,3.09,validation
data/tts/asvspoof_2021_00854.wav,TTS,ASVspoof_2021,SPK_ASV_014,en,SPOOF_LA,Neural Vocoder,Transmission Codec,gsm_610,16000,3.05,train
data/tts/asvspoof_2021_00855.wav,TTS,ASVspoof_2021,SPK_ASV_015,en,SPOOF_LA,Neural Vocoder,Transmission Codec,gsm_610,16000,4.35,train
data/tts/asvspoof_2021_00856.wav,TTS,ASVspoof_2021,SPK_ASV_016,en,SPOOF_LA,Neural Vocoder,Transmission Codec,gsm_610,16000,4.51,train
data/tts/asvspoof_2021_00857.wav,TTS,ASVspoof_2021,SPK_ASV_017,en,SPOOF_LA,Neural Vocoder,Transmission Codec,gsm_610,16000,4.07,train
data/tts/asvspoof_2021_00858.wav,TTS,ASVspoof_2021,SPK_ASV_018,en,SPOOF_LA,Neural Vocoder,Transmission Codec,gsm_610,16000,4.22,train
data/tts/asvspoof_2021_00859.wav,TTS,ASVspoof_2021,SPK_ASV_019,en,SPOOF_LA,Neural Vocoder,Transmission Codec,gsm_610,16000,3.66,train
data/tts/asvspoof_2021_00860.wav,TTS,ASVspoof_2021,SPK_ASV_020,en,SPOOF_LA,Neural Vocoder,Transmission Codec,gsm_610,16000,4.35,train
data/tts/asvspoof_2021_00861.wav,TTS,ASVspoof_2021,SPK_ASV_021,en,SPOOF_LA,Neural Vocoder,Transmission Codec,gsm_610,16000,3.37,train
data/tts/asvspoof_2021_00862.wav,TTS,ASVspoof_2021,SPK_ASV_022,en,SPOOF_LA,Neural Vocoder,Transmission Codec,gsm_610,16000,4.13,train
data/tts/asvspoof_2021_00863.wav,TTS,ASVspoof_2021,SPK_ASV_023,en,SPOOF_LA,Neural Vocoder,Transmission Codec,gsm_610,16000,3.01,train
data/tts/asvspoof_2021_00864.wav,TTS,ASVspoof_2021,SPK_ASV_024,en,SPOOF_LA,Neural Vocoder,Transmission Codec,gsm_610,16000,3.81,test
data/tts/asvspoof_2021_00865.wav,TTS,ASVspoof_2021,SPK_ASV_025,en,SPOOF_LA,Neural Vocoder,Transmission Codec,gsm_610,16000,3.6,train
data/tts/asvspoof_2021_00866.wav,TTS,ASVspoof_2021,SPK_ASV_026,en,SPOOF_LA,Neural Vocoder,Transmission Codec,gsm_610,16000,3.99,train
data/tts/asvspoof_2021_00867.wav,TTS,ASVspoof_2021,SPK_ASV_027,en,SPOOF_LA,Neural Vocoder,Transmission Codec,gsm_610,16000,4.07,train
data/tts/asvspoof_2021_00868.wav,TTS,ASVspoof_2021,SPK_ASV_028,en,SPOOF_LA,Neural Vocoder,Transmission Codec,gsm_610,16000,3.99,train
data/tts/asvspoof_2021_00869.wav,TTS,ASVspoof_2021,SPK_ASV_029,en,SPOOF_LA,Neural Vocoder,Transmission Codec,gsm_610,16000,3.77,train
data/tts/asvspoof_2021_00870.wav,TTS,ASVspoof_2021,SPK_ASV_030,en,SPOOF_LA,Neural Vocoder,Transmission Codec,gsm_610,16000,3.78,train
data/tts/asvspoof_2021_00871.wav,TTS,ASVspoof_2021,SPK_ASV_031,en,SPOOF_LA,Neural Vocoder,Transmission Codec,gsm_610,16000,3.01,train
data/tts/asvspoof_2021_00872.wav,TTS,ASVspoof_2021,SPK_ASV_032,en,SPOOF_LA,Neural Vocoder,Transmission Codec,gsm_610,16000,3.88,test
data/tts/asvspoof_2021_00873.wav,TTS,ASVspoof_2021,SPK_ASV_033,en,SPOOF_LA,Neural Vocoder,Transmission Codec,gsm_610,16000,3.02,train
data/tts/asvspoof_2021_00874.wav,TTS,ASVspoof_2021,SPK_ASV_034,en,SPOOF_LA,Neural Vocoder,Transmission Codec,gsm_610,16000,3.85,validation
data/tts/asvspoof_2021_00875.wav,TTS,ASVspoof_2021,SPK_ASV_035,en,SPOOF_LA,Neural Vocoder,Transmission Codec,gsm_610,16000,3.44,train
data/tts/asvspoof_2021_00876.wav,TTS,ASVspoof_2021,SPK_ASV_036,en,SPOOF_LA,Neural Vocoder,Transmission Codec,gsm_610,16000,4.56,train
data/tts/asvspoof_2021_00877.wav,TTS,ASVspoof_2021,SPK_ASV_037,en,SPOOF_LA,Neural Vocoder,Transmission Codec,gsm_610,16000,3.03,train
data/tts/asvspoof_2021_00878.wav,TTS,ASVspoof_2021,SPK_ASV_038,en,SPOOF_LA,Neural Vocoder,Transmission Codec,gsm_610,16000,4.3,train
data/tts/asvspoof_2021_00879.wav,TTS,ASVspoof_2021,SPK_ASV_039,en,SPOOF_LA,Neural Vocoder,Transmission Codec,gsm_610,16000,4.08,train
data/tts/asvspoof_2021_00880.wav,TTS,ASVspoof_2021,SPK_ASV_040,en,SPOOF_LA,Neural Vocoder,Transmission Codec,gsm_610,16000,4.29,train
data/tts/asvspoof_2021_00881.wav,TTS,ASVspoof_2021,SPK_ASV_041,en,SPOOF_LA,Neural Vocoder,Transmission Codec,gsm_610,16000,4.46,train
data/tts/asvspoof_2021_00882.wav,TTS,ASVspoof_2021,SPK_ASV_042,en,SPOOF_LA,Neural Vocoder,Transmission Codec,gsm_610,16000,3.17,train
data/tts/asvspoof_2021_00883.wav,TTS,ASVspoof_2021,SPK_ASV_043,en,SPOOF_LA,Neural Vocoder,Transmission Codec,gsm_610,16000,3.15,validation
data/tts/asvspoof_2021_00884.wav,TTS,ASVspoof_2021,SPK_ASV_044,en,SPOOF_LA,Neural Vocoder,Transmission Codec,gsm_610,16000,3.24,test
data/tts/asvspoof_2021_00885.wav,TTS,ASVspoof_2021,SPK_ASV_045,en,SPOOF_LA,Neural Vocoder,Transmission Codec,gsm_610,16000,3.31,train
data/tts/asvspoof_2021_00886.wav,TTS,ASVspoof_2021,SPK_ASV_046,en,SPOOF_LA,Neural Vocoder,Transmission Codec,gsm_610,16000,3.84,train
data/tts/asvspoof_2021_00887.wav,TTS,ASVspoof_2021,SPK_ASV_047,en,SPOOF_LA,Neural Vocoder,Transmission Codec,gsm_610,16000,4.3,test
data/tts/asvspoof_2021_00888.wav,TTS,ASVspoof_2021,SPK_ASV_048,en,SPOOF_LA,Neural Vocoder,Transmission Codec,gsm_610,16000,3.43,validation
data/tts/asvspoof_2021_00889.wav,TTS,ASVspoof_2021,SPK_ASV_049,en,SPOOF_LA,Neural Vocoder,Transmission Codec,gsm_610,16000,3.64,test
data/tts/asvspoof_2021_00890.wav,TTS,ASVspoof_2021,SPK_ASV_050,en,SPOOF_LA,Neural Vocoder,Transmission Codec,gsm_610,16000,3.6,test
data/tts/asvspoof_2021_00891.wav,TTS,ASVspoof_2021,SPK_ASV_051,en,SPOOF_LA,Neural Vocoder,Transmission Codec,gsm_610,16000,3.65,test
data/tts/asvspoof_2021_00892.wav,TTS,ASVspoof_2021,SPK_ASV_052,en,SPOOF_LA,Neural Vocoder,Transmission Codec,gsm_610,16000,3.9,test
data/tts/asvspoof_2021_00893.wav,TTS,ASVspoof_2021,SPK_ASV_053,en,SPOOF_LA,Neural Vocoder,Transmission Codec,gsm_610,16000,4.58,test
data/tts/asvspoof_2021_00894.wav,TTS,ASVspoof_2021,SPK_ASV_054,en,SPOOF_LA,Neural Vocoder,Transmission Codec,gsm_610,16000,3.36,train
data/tts/asvspoof_2021_00895.wav,TTS,ASVspoof_2021,SPK_ASV_055,en,SPOOF_LA,Neural Vocoder,Transmission Codec,gsm_610,16000,4.09,train
data/tts/asvspoof_2021_00896.wav,TTS,ASVspoof_2021,SPK_ASV_056,en,SPOOF_LA,Neural Vocoder,Transmission Codec,gsm_610,16000,4.36,train
data/tts/asvspoof_2021_00897.wav,TTS,ASVspoof_2021,SPK_ASV_057,en,SPOOF_LA,Neural Vocoder,Transmission Codec,gsm_610,16000,4.05,test
data/tts/asvspoof_2021_00898.wav,TTS,ASVspoof_2021,SPK_ASV_058,en,SPOOF_LA,Neural Vocoder,Transmission Codec,gsm_610,16000,4.37,test
data/tts/asvspoof_2021_00899.wav,TTS,ASVspoof_2021,SPK_ASV_059,en,SPOOF_LA,Neural Vocoder,Transmission Codec,gsm_610,16000,4.22,train
data/tts/asvspoof_2021_00900.wav,TTS,ASVspoof_2021,SPK_ASV_060,en,SPOOF_LA,Neural Vocoder,Transmission Codec,gsm_610,16000,3.15,test
data/tts/asvspoof_2021_00901.wav,TTS,ASVspoof_2021,SPK_ASV_061,en,SPOOF_LA,Neural Vocoder,Transmission Codec,gsm_610,16000,3.61,train
data/tts/asvspoof_2021_00902.wav,TTS,ASVspoof_2021,SPK_ASV_062,en,SPOOF_LA,Neural Vocoder,Transmission Codec,gsm_610,16000,3.88,validation
data/tts/asvspoof_2021_00903.wav,TTS,ASVspoof_2021,SPK_ASV_063,en,SPOOF_LA,Neural Vocoder,Transmission Codec,gsm_610,16000,3.09,train
data/tts/asvspoof_2021_00904.wav,TTS,ASVspoof_2021,SPK_ASV_064,en,SPOOF_LA,Neural Vocoder,Transmission Codec,gsm_610,16000,3.02,train
data/tts/asvspoof_2021_00905.wav,TTS,ASVspoof_2021,SPK_ASV_065,en,SPOOF_LA,Neural Vocoder,Transmission Codec,gsm_610,16000,3.27,test
data/tts/asvspoof_2021_00906.wav,TTS,ASVspoof_2021,SPK_ASV_066,en,SPOOF_LA,Neural Vocoder,Transmission Codec,gsm_610,16000,3.8,test
data/tts/asvspoof_2021_00907.wav,TTS,ASVspoof_2021,SPK_ASV_067,en,SPOOF_LA,Neural Vocoder,Transmission Codec,gsm_610,16000,3.69,validation
data/tts/asvspoof_2021_00908.wav,TTS,ASVspoof_2021,SPK_ASV_068,en,SPOOF_LA,Neural Vocoder,Transmission Codec,gsm_610,16000,4.26,train
data/tts/asvspoof_2021_00909.wav,TTS,ASVspoof_2021,SPK_ASV_069,en,SPOOF_LA,Neural Vocoder,Transmission Codec,gsm_610,16000,3.91,test
data/tts/asvspoof_2021_00910.wav,TTS,ASVspoof_2021,SPK_ASV_070,en,SPOOF_LA,Neural Vocoder,Transmission Codec,gsm_610,16000,4.37,train
data/tts/asvspoof_2021_00911.wav,TTS,ASVspoof_2021,SPK_ASV_071,en,SPOOF_LA,Neural Vocoder,Transmission Codec,gsm_610,16000,3.15,train
data/tts/asvspoof_2021_00912.wav,TTS,ASVspoof_2021,SPK_ASV_072,en,SPOOF_LA,Neural Vocoder,Transmission Codec,gsm_610,16000,3.85,test
data/tts/asvspoof_2021_00913.wav,TTS,ASVspoof_2021,SPK_ASV_073,en,SPOOF_LA,Neural Vocoder,Transmission Codec,gsm_610,16000,3.07,train
data/tts/asvspoof_2021_00914.wav,TTS,ASVspoof_2021,SPK_ASV_074,en,SPOOF_LA,Neural Vocoder,Transmission Codec,gsm_610,16000,3.34,train
data/tts/asvspoof_2021_00915.wav,TTS,ASVspoof_2021,SPK_ASV_075,en,SPOOF_LA,Neural Vocoder,Transmission Codec,gsm_610,16000,4.39,train
data/tts/asvspoof_2021_00916.wav,TTS,ASVspoof_2021,SPK_ASV_076,en,SPOOF_LA,Neural Vocoder,Transmission Codec,gsm_610,16000,4.42,validation
data/tts/asvspoof_2021_00917.wav,TTS,ASVspoof_2021,SPK_ASV_077,en,SPOOF_LA,Neural Vocoder,Transmission Codec,gsm_610,16000,3.76,test
data/tts/asvspoof_2021_00918.wav,TTS,ASVspoof_2021,SPK_ASV_078,en,SPOOF_LA,Neural Vocoder,Transmission Codec,gsm_610,16000,3.07,train
data/tts/asvspoof_2021_00919.wav,TTS,ASVspoof_2021,SPK_ASV_079,en,SPOOF_LA,Neural Vocoder,Transmission Codec,gsm_610,16000,3.12,train
data/tts/asvspoof_2021_00920.wav,TTS,ASVspoof_2021,SPK_ASV_080,en,SPOOF_LA,Neural Vocoder,Transmission Codec,gsm_610,16000,4.48,train
data/tts/asvspoof_2021_00921.wav,TTS,ASVspoof_2021,SPK_ASV_081,en,SPOOF_LA,Neural Vocoder,Transmission Codec,gsm_610,16000,4.44,train
data/tts/asvspoof_2021_00922.wav,TTS,ASVspoof_2021,SPK_ASV_082,en,SPOOF_LA,Neural Vocoder,Transmission Codec,gsm_610,16000,3.9,train
data/tts/asvspoof_2021_00923.wav,TTS,ASVspoof_2021,SPK_ASV_083,en,SPOOF_LA,Neural Vocoder,Transmission Codec,gsm_610,16000,3.05,train
data/tts/asvspoof_2021_00924.wav,TTS,ASVspoof_2021,SPK_ASV_084,en,SPOOF_LA,Neural Vocoder,Transmission Codec,gsm_610,16000,4.49,train
data/tts/asvspoof_2021_00925.wav,TTS,ASVspoof_2021,SPK_ASV_085,en,SPOOF_LA,Neural Vocoder,Transmission Codec,gsm_610,16000,3.5,test
data/tts/asvspoof_2021_00926.wav,TTS,ASVspoof_2021,SPK_ASV_086,en,SPOOF_LA,Neural Vocoder,Transmission Codec,gsm_610,16000,4.54,train
data/tts/asvspoof_2021_00927.wav,TTS,ASVspoof_2021,SPK_ASV_087,en,SPOOF_LA,Neural Vocoder,Transmission Codec,gsm_610,16000,3.94,test
data/tts/asvspoof_2021_00928.wav,TTS,ASVspoof_2021,SPK_ASV_088,en,SPOOF_LA,Neural Vocoder,Transmission Codec,gsm_610,16000,4.2,train
data/tts/asvspoof_2021_00929.wav,TTS,ASVspoof_2021,SPK_ASV_089,en,SPOOF_LA,Neural Vocoder,Transmission Codec,gsm_610,16000,4.14,train
data/tts/asvspoof_2021_00930.wav,TTS,ASVspoof_2021,SPK_ASV_090,en,SPOOF_LA,Neural Vocoder,Transmission Codec,gsm_610,16000,3.64,validation
data/tts/asvspoof_2021_00931.wav,TTS,ASVspoof_2021,SPK_ASV_091,en,SPOOF_LA,Neural Vocoder,Transmission Codec,gsm_610,16000,3.12,train
data/tts/asvspoof_2021_00932.wav,TTS,ASVspoof_2021,SPK_ASV_092,en,SPOOF_LA,Neural Vocoder,Transmission Codec,gsm_610,16000,3.26,train
data/tts/asvspoof_2021_00933.wav,TTS,ASVspoof_2021,SPK_ASV_093,en,SPOOF_LA,Neural Vocoder,Transmission Codec,gsm_610,16000,3.38,validation
data/tts/asvspoof_2021_00934.wav,TTS,ASVspoof_2021,SPK_ASV_094,en,SPOOF_LA,Neural Vocoder,Transmission Codec,gsm_610,16000,4.34,train
data/tts/asvspoof_2021_00935.wav,TTS,ASVspoof_2021,SPK_ASV_095,en,SPOOF_LA,Neural Vocoder,Transmission Codec,gsm_610,16000,3.62,train
data/tts/asvspoof_2021_00936.wav,TTS,ASVspoof_2021,SPK_ASV_096,en,SPOOF_LA,Neural Vocoder,Transmission Codec,gsm_610,16000,4.43,train
data/tts/asvspoof_2021_00937.wav,TTS,ASVspoof_2021,SPK_ASV_097,en,SPOOF_LA,Neural Vocoder,Transmission Codec,gsm_610,16000,3.53,train
data/tts/asvspoof_2021_00938.wav,TTS,ASVspoof_2021,SPK_ASV_098,en,SPOOF_LA,Neural Vocoder,Transmission Codec,gsm_610,16000,4.21,train
data/tts/asvspoof_2021_00939.wav,TTS,ASVspoof_2021,SPK_ASV_099,en,SPOOF_LA,Neural Vocoder,Transmission Codec,gsm_610,16000,3.22,test
data/tts/asvspoof_2021_00940.wav,TTS,ASVspoof_2021,SPK_ASV_100,en,SPOOF_LA,Neural Vocoder,Transmission Codec,gsm_610,16000,4.58,train
data/tts/asvspoof_2021_00941.wav,TTS,ASVspoof_2021,SPK_ASV_101,en,SPOOF_LA,Neural Vocoder,Transmission Codec,gsm_610,16000,4.16,train
data/tts/asvspoof_2021_00942.wav,TTS,ASVspoof_2021,SPK_ASV_102,en,SPOOF_LA,Neural Vocoder,Transmission Codec,gsm_610,16000,3.8,validation
data/tts/asvspoof_2021_00943.wav,TTS,ASVspoof_2021,SPK_ASV_103,en,SPOOF_LA,Neural Vocoder,Transmission Codec,gsm_610,16000,4.56,train
data/tts/asvspoof_2021_00944.wav,TTS,ASVspoof_2021,SPK_ASV_104,en,SPOOF_LA,Neural Vocoder,Transmission Codec,gsm_610,16000,3.09,train
data/tts/asvspoof_2021_00945.wav,TTS,ASVspoof_2021,SPK_ASV_105,en,SPOOF_LA,Neural Vocoder,Transmission Codec,gsm_610,16000,3.7,validation
data/tts/asvspoof_2021_00946.wav,TTS,ASVspoof_2021,SPK_ASV_106,en,SPOOF_LA,Neural Vocoder,Transmission Codec,gsm_610,16000,4.34,train
data/tts/asvspoof_2021_00947.wav,TTS,ASVspoof_2021,SPK_ASV_107,en,SPOOF_LA,Neural Vocoder,Transmission Codec,gsm_610,16000,3.54,train
data/tts/asvspoof_2021_00948.wav,TTS,ASVspoof_2021,SPK_ASV_108,en,SPOOF_LA,Neural Vocoder,Transmission Codec,gsm_610,16000,4.23,train
data/tts/asvspoof_2021_00949.wav,TTS,ASVspoof_2021,SPK_ASV_109,en,SPOOF_LA,Neural Vocoder,Transmission Codec,gsm_610,16000,4.53,train
data/tts/asvspoof_2021_00950.wav,TTS,ASVspoof_2021,SPK_ASV_110,en,SPOOF_LA,Neural Vocoder,Transmission Codec,gsm_610,16000,3.63,test
data/tts/asvspoof_2021_00951.wav,TTS,ASVspoof_2021,SPK_ASV_111,en,SPOOF_LA,Neural Vocoder,Transmission Codec,gsm_610,16000,4.24,validation
data/tts/asvspoof_2021_00952.wav,TTS,ASVspoof_2021,SPK_ASV_112,en,SPOOF_LA,Neural Vocoder,Transmission Codec,gsm_610,16000,3.05,train
data/tts/asvspoof_2021_00953.wav,TTS,ASVspoof_2021,SPK_ASV_113,en,SPOOF_LA,Neural Vocoder,Transmission Codec,gsm_610,16000,3.44,train
data/tts/asvspoof_2021_00954.wav,TTS,ASVspoof_2021,SPK_ASV_114,en,SPOOF_LA,Neural Vocoder,Transmission Codec,gsm_610,16000,4.59,train
data/tts/asvspoof_2021_00955.wav,TTS,ASVspoof_2021,SPK_ASV_115,en,SPOOF_LA,Neural Vocoder,Transmission Codec,gsm_610,16000,3.78,train
data/tts/asvspoof_2021_00956.wav,TTS,ASVspoof_2021,SPK_ASV_116,en,SPOOF_LA,Neural Vocoder,Transmission Codec,gsm_610,16000,3.57,train
data/tts/asvspoof_2021_00957.wav,TTS,ASVspoof_2021,SPK_ASV_117,en,SPOOF_LA,Neural Vocoder,Transmission Codec,gsm_610,16000,4.51,validation
data/tts/asvspoof_2021_00958.wav,TTS,ASVspoof_2021,SPK_ASV_118,en,SPOOF_LA,Neural Vocoder,Transmission Codec,gsm_610,16000,3.69,train
data/tts/asvspoof_2021_00959.wav,TTS,ASVspoof_2021,SPK_ASV_119,en,SPOOF_LA,Neural Vocoder,Transmission Codec,gsm_610,16000,4.09,train
data/tts/asvspoof_2021_00960.wav,TTS,ASVspoof_2021,SPK_ASV_000,en,SPOOF_LA,Neural Vocoder,Transmission Codec,gsm_610,16000,4.06,train
data/tts/asvspoof_2021_00961.wav,TTS,ASVspoof_2021,SPK_ASV_001,en,SPOOF_LA,Neural Vocoder,Transmission Codec,gsm_610,16000,3.14,train
data/tts/asvspoof_2021_00962.wav,TTS,ASVspoof_2021,SPK_ASV_002,en,SPOOF_LA,Neural Vocoder,Transmission Codec,gsm_610,16000,3.99,validation
data/tts/asvspoof_2021_00963.wav,TTS,ASVspoof_2021,SPK_ASV_003,en,SPOOF_LA,Neural Vocoder,Transmission Codec,gsm_610,16000,4.28,train
data/tts/asvspoof_2021_00964.wav,TTS,ASVspoof_2021,SPK_ASV_004,en,SPOOF_LA,Neural Vocoder,Transmission Codec,gsm_610,16000,4.14,train
data/tts/asvspoof_2021_00965.wav,TTS,ASVspoof_2021,SPK_ASV_005,en,SPOOF_LA,Neural Vocoder,Transmission Codec,gsm_610,16000,3.13,train
data/tts/asvspoof_2021_00966.wav,TTS,ASVspoof_2021,SPK_ASV_006,en,SPOOF_LA,Neural Vocoder,Transmission Codec,gsm_610,16000,3.25,train
data/tts/asvspoof_2021_00967.wav,TTS,ASVspoof_2021,SPK_ASV_007,en,SPOOF_LA,Neural Vocoder,Transmission Codec,gsm_610,16000,4.14,train
data/tts/asvspoof_2021_00968.wav,TTS,ASVspoof_2021,SPK_ASV_008,en,SPOOF_LA,Neural Vocoder,Transmission Codec,gsm_610,16000,4.01,train
data/tts/asvspoof_2021_00969.wav,TTS,ASVspoof_2021,SPK_ASV_009,en,SPOOF_LA,Neural Vocoder,Transmission Codec,gsm_610,16000,4.18,train
data/tts/asvspoof_2021_00970.wav,TTS,ASVspoof_2021,SPK_ASV_010,en,SPOOF_LA,Neural Vocoder,Transmission Codec,gsm_610,16000,3.51,validation
data/tts/asvspoof_2021_00971.wav,TTS,ASVspoof_2021,SPK_ASV_011,en,SPOOF_LA,Neural Vocoder,Transmission Codec,gsm_610,16000,3.17,train
data/tts/asvspoof_2021_00972.wav,TTS,ASVspoof_2021,SPK_ASV_012,en,SPOOF_LA,Neural Vocoder,Transmission Codec,gsm_610,16000,3.01,train
data/tts/asvspoof_2021_00973.wav,TTS,ASVspoof_2021,SPK_ASV_013,en,SPOOF_LA,Neural Vocoder,Transmission Codec,gsm_610,16000,3.49,validation
data/tts/asvspoof_2021_00974.wav,TTS,ASVspoof_2021,SPK_ASV_014,en,SPOOF_LA,Neural Vocoder,Transmission Codec,gsm_610,16000,3.58,train
data/tts/asvspoof_2021_00975.wav,TTS,ASVspoof_2021,SPK_ASV_015,en,SPOOF_LA,Neural Vocoder,Transmission Codec,gsm_610,16000,3.43,train
data/tts/asvspoof_2021_00976.wav,TTS,ASVspoof_2021,SPK_ASV_016,en,SPOOF_LA,Neural Vocoder,Transmission Codec,gsm_610,16000,3.21,train
data/tts/asvspoof_2021_00977.wav,TTS,ASVspoof_2021,SPK_ASV_017,en,SPOOF_LA,Neural Vocoder,Transmission Codec,gsm_610,16000,3.3,train
data/tts/asvspoof_2021_00978.wav,TTS,ASVspoof_2021,SPK_ASV_018,en,SPOOF_LA,Neural Vocoder,Transmission Codec,gsm_610,16000,3.72,train
data/tts/asvspoof_2021_00979.wav,TTS,ASVspoof_2021,SPK_ASV_019,en,SPOOF_LA,Neural Vocoder,Transmission Codec,gsm_610,16000,3.89,train
data/tts/asvspoof_2021_00980.wav,TTS,ASVspoof_2021,SPK_ASV_020,en,SPOOF_LA,Neural Vocoder,Transmission Codec,gsm_610,16000,3.65,train
data/tts/asvspoof_2021_00981.wav,TTS,ASVspoof_2021,SPK_ASV_021,en,SPOOF_LA,Neural Vocoder,Transmission Codec,gsm_610,16000,3.04,train
data/tts/asvspoof_2021_00982.wav,TTS,ASVspoof_2021,SPK_ASV_022,en,SPOOF_LA,Neural Vocoder,Transmission Codec,gsm_610,16000,3.57,train
data/tts/asvspoof_2021_00983.wav,TTS,ASVspoof_2021,SPK_ASV_023,en,SPOOF_LA,Neural Vocoder,Transmission Codec,gsm_610,16000,3.15,train
data/tts/asvspoof_2021_00984.wav,TTS,ASVspoof_2021,SPK_ASV_024,en,SPOOF_LA,Neural Vocoder,Transmission Codec,gsm_610,16000,3.96,test
data/tts/asvspoof_2021_00985.wav,TTS,ASVspoof_2021,SPK_ASV_025,en,SPOOF_LA,Neural Vocoder,Transmission Codec,gsm_610,16000,3.52,train
data/tts/asvspoof_2021_00986.wav,TTS,ASVspoof_2021,SPK_ASV_026,en,SPOOF_LA,Neural Vocoder,Transmission Codec,gsm_610,16000,3.62,train
data/tts/asvspoof_2021_00987.wav,TTS,ASVspoof_2021,SPK_ASV_027,en,SPOOF_LA,Neural Vocoder,Transmission Codec,gsm_610,16000,3.47,train
data/tts/asvspoof_2021_00988.wav,TTS,ASVspoof_2021,SPK_ASV_028,en,SPOOF_LA,Neural Vocoder,Transmission Codec,gsm_610,16000,3.62,train
data/tts/asvspoof_2021_00989.wav,TTS,ASVspoof_2021,SPK_ASV_029,en,SPOOF_LA,Neural Vocoder,Transmission Codec,gsm_610,16000,3.14,train
data/tts/asvspoof_2021_00990.wav,TTS,ASVspoof_2021,SPK_ASV_030,en,SPOOF_LA,Neural Vocoder,Transmission Codec,gsm_610,16000,4.44,train
data/tts/asvspoof_2021_00991.wav,TTS,ASVspoof_2021,SPK_ASV_031,en,SPOOF_LA,Neural Vocoder,Transmission Codec,gsm_610,16000,4.45,train
data/tts/asvspoof_2021_00992.wav,TTS,ASVspoof_2021,SPK_ASV_032,en,SPOOF_LA,Neural Vocoder,Transmission Codec,gsm_610,16000,4.57,test
data/tts/asvspoof_2021_00993.wav,TTS,ASVspoof_2021,SPK_ASV_033,en,SPOOF_LA,Neural Vocoder,Transmission Codec,gsm_610,16000,3.92,train
data/tts/asvspoof_2021_00994.wav,TTS,ASVspoof_2021,SPK_ASV_034,en,SPOOF_LA,Neural Vocoder,Transmission Codec,gsm_610,16000,3.27,validation
data/tts/asvspoof_2021_00995.wav,TTS,ASVspoof_2021,SPK_ASV_035,en,SPOOF_LA,Neural Vocoder,Transmission Codec,gsm_610,16000,3.61,train
data/tts/asvspoof_2021_00996.wav,TTS,ASVspoof_2021,SPK_ASV_036,en,SPOOF_LA,Neural Vocoder,Transmission Codec,gsm_610,16000,3.22,train
data/tts/asvspoof_2021_00997.wav,TTS,ASVspoof_2021,SPK_ASV_037,en,SPOOF_LA,Neural Vocoder,Transmission Codec,gsm_610,16000,3.48,train
data/tts/asvspoof_2021_00998.wav,TTS,ASVspoof_2021,SPK_ASV_038,en,SPOOF_LA,Neural Vocoder,Transmission Codec,gsm_610,16000,3.79,train
data/tts/asvspoof_2021_00999.wav,TTS,ASVspoof_2021,SPK_ASV_039,en,SPOOF_LA,Neural Vocoder,Transmission Codec,gsm_610,16000,3.1,train
data/tts/asvspoof_2021_01000.wav,TTS,ASVspoof_2021,SPK_ASV_040,en,SPOOF_LA,Neural Vocoder,Transmission Codec,gsm_610,16000,3.7,train
data/tts/asvspoof_2021_01001.wav,TTS,ASVspoof_2021,SPK_ASV_041,en,SPOOF_LA,Neural Vocoder,Transmission Codec,gsm_610,16000,3.67,train
data/tts/asvspoof_2021_01002.wav,TTS,ASVspoof_2021,SPK_ASV_042,en,SPOOF_LA,Neural Vocoder,Transmission Codec,gsm_610,16000,3.77,train
data/tts/asvspoof_2021_01003.wav,TTS,ASVspoof_2021,SPK_ASV_043,en,SPOOF_LA,Neural Vocoder,Transmission Codec,gsm_610,16000,3.12,validation
data/tts/asvspoof_2021_01004.wav,TTS,ASVspoof_2021,SPK_ASV_044,en,SPOOF_LA,Neural Vocoder,Transmission Codec,gsm_610,16000,3.4,test
data/tts/asvspoof_2021_01005.wav,TTS,ASVspoof_2021,SPK_ASV_045,en,SPOOF_LA,Neural Vocoder,Transmission Codec,gsm_610,16000,3.39,train
data/tts/asvspoof_2021_01006.wav,TTS,ASVspoof_2021,SPK_ASV_046,en,SPOOF_LA,Neural Vocoder,Transmission Codec,gsm_610,16000,4.0,train
data/tts/asvspoof_2021_01007.wav,TTS,ASVspoof_2021,SPK_ASV_047,en,SPOOF_LA,Neural Vocoder,Transmission Codec,gsm_610,16000,3.95,test
data/tts/asvspoof_2021_01008.wav,TTS,ASVspoof_2021,SPK_ASV_048,en,SPOOF_LA,Neural Vocoder,Transmission Codec,gsm_610,16000,3.31,validation
data/tts/asvspoof_2021_01009.wav,TTS,ASVspoof_2021,SPK_ASV_049,en,SPOOF_LA,Neural Vocoder,Transmission Codec,gsm_610,16000,3.17,test
data/tts/asvspoof_2021_01010.wav,TTS,ASVspoof_2021,SPK_ASV_050,en,SPOOF_LA,Neural Vocoder,Transmission Codec,gsm_610,16000,3.49,test
data/tts/asvspoof_2021_01011.wav,TTS,ASVspoof_2021,SPK_ASV_051,en,SPOOF_LA,Neural Vocoder,Transmission Codec,gsm_610,16000,4.52,test
data/tts/asvspoof_2021_01012.wav,TTS,ASVspoof_2021,SPK_ASV_052,en,SPOOF_LA,Neural Vocoder,Transmission Codec,gsm_610,16000,3.53,test
data/tts/asvspoof_2021_01013.wav,TTS,ASVspoof_2021,SPK_ASV_053,en,SPOOF_LA,Neural Vocoder,Transmission Codec,gsm_610,16000,3.99,test
data/tts/asvspoof_2021_01014.wav,TTS,ASVspoof_2021,SPK_ASV_054,en,SPOOF_LA,Neural Vocoder,Transmission Codec,gsm_610,16000,4.29,train
data/tts/asvspoof_2021_01015.wav,TTS,ASVspoof_2021,SPK_ASV_055,en,SPOOF_LA,Neural Vocoder,Transmission Codec,gsm_610,16000,3.53,train
data/tts/asvspoof_2021_01016.wav,TTS,ASVspoof_2021,SPK_ASV_056,en,SPOOF_LA,Neural Vocoder,Transmission Codec,gsm_610,16000,3.54,train
data/tts/asvspoof_2021_01017.wav,TTS,ASVspoof_2021,SPK_ASV_057,en,SPOOF_LA,Neural Vocoder,Transmission Codec,gsm_610,16000,4.3,test
data/tts/asvspoof_2021_01018.wav,TTS,ASVspoof_2021,SPK_ASV_058,en,SPOOF_LA,Neural Vocoder,Transmission Codec,gsm_610,16000,4.38,test
data/tts/asvspoof_2021_01019.wav,TTS,ASVspoof_2021,SPK_ASV_059,en,SPOOF_LA,Neural Vocoder,Transmission Codec,gsm_610,16000,4.56,train
data/tts/asvspoof_2021_01020.wav,TTS,ASVspoof_2021,SPK_ASV_060,en,SPOOF_LA,Neural Vocoder,Transmission Codec,gsm_610,16000,3.22,test
data/tts/asvspoof_2021_01021.wav,TTS,ASVspoof_2021,SPK_ASV_061,en,SPOOF_LA,Neural Vocoder,Transmission Codec,gsm_610,16000,3.51,train
data/tts/asvspoof_2021_01022.wav,TTS,ASVspoof_2021,SPK_ASV_062,en,SPOOF_LA,Neural Vocoder,Transmission Codec,gsm_610,16000,4.52,validation
data/tts/asvspoof_2021_01023.wav,TTS,ASVspoof_2021,SPK_ASV_063,en,SPOOF_LA,Neural Vocoder,Transmission Codec,gsm_610,16000,3.32,train
data/tts/asvspoof_2021_01024.wav,TTS,ASVspoof_2021,SPK_ASV_064,en,SPOOF_LA,Neural Vocoder,Transmission Codec,gsm_610,16000,3.5,train
data/tts/asvspoof_2021_01025.wav,TTS,ASVspoof_2021,SPK_ASV_065,en,SPOOF_LA,Neural Vocoder,Transmission Codec,gsm_610,16000,4.54,test
data/tts/asvspoof_2021_01026.wav,TTS,ASVspoof_2021,SPK_ASV_066,en,SPOOF_LA,Neural Vocoder,Transmission Codec,gsm_610,16000,4.55,test
data/tts/asvspoof_2021_01027.wav,TTS,ASVspoof_2021,SPK_ASV_067,en,SPOOF_LA,Neural Vocoder,Transmission Codec,gsm_610,16000,3.47,validation
data/tts/asvspoof_2021_01028.wav,TTS,ASVspoof_2021,SPK_ASV_068,en,SPOOF_LA,Neural Vocoder,Transmission Codec,gsm_610,16000,4.11,train
data/tts/asvspoof_2021_01029.wav,TTS,ASVspoof_2021,SPK_ASV_069,en,SPOOF_LA,Neural Vocoder,Transmission Codec,gsm_610,16000,3.79,test
data/tts/asvspoof_2021_01030.wav,TTS,ASVspoof_2021,SPK_ASV_070,en,SPOOF_LA,Neural Vocoder,Transmission Codec,gsm_610,16000,3.92,train
data/tts/asvspoof_2021_01031.wav,TTS,ASVspoof_2021,SPK_ASV_071,en,SPOOF_LA,Neural Vocoder,Transmission Codec,gsm_610,16000,3.39,train
data/tts/asvspoof_2021_01032.wav,TTS,ASVspoof_2021,SPK_ASV_072,en,SPOOF_LA,Neural Vocoder,Transmission Codec,gsm_610,16000,3.6,test
data/tts/asvspoof_2021_01033.wav,TTS,ASVspoof_2021,SPK_ASV_073,en,SPOOF_LA,Neural Vocoder,Transmission Codec,gsm_610,16000,4.31,train
data/tts/asvspoof_2021_01034.wav,TTS,ASVspoof_2021,SPK_ASV_074,en,SPOOF_LA,Neural Vocoder,Transmission Codec,gsm_610,16000,3.63,train
data/tts/asvspoof_2021_01035.wav,TTS,ASVspoof_2021,SPK_ASV_075,en,SPOOF_LA,Neural Vocoder,Transmission Codec,gsm_610,16000,3.18,train
data/tts/asvspoof_2021_01036.wav,TTS,ASVspoof_2021,SPK_ASV_076,en,SPOOF_LA,Neural Vocoder,Transmission Codec,gsm_610,16000,3.9,validation
data/tts/asvspoof_2021_01037.wav,TTS,ASVspoof_2021,SPK_ASV_077,en,SPOOF_LA,Neural Vocoder,Transmission Codec,gsm_610,16000,3.95,test
data/tts/asvspoof_2021_01038.wav,TTS,ASVspoof_2021,SPK_ASV_078,en,SPOOF_LA,Neural Vocoder,Transmission Codec,gsm_610,16000,3.87,train
data/tts/asvspoof_2021_01039.wav,TTS,ASVspoof_2021,SPK_ASV_079,en,SPOOF_LA,Neural Vocoder,Transmission Codec,gsm_610,16000,4.09,train
data/tts/asvspoof_2021_01040.wav,TTS,ASVspoof_2021,SPK_ASV_080,en,SPOOF_LA,Neural Vocoder,Transmission Codec,gsm_610,16000,3.88,train
data/tts/asvspoof_2021_01041.wav,TTS,ASVspoof_2021,SPK_ASV_081,en,SPOOF_LA,Neural Vocoder,Transmission Codec,gsm_610,16000,4.52,train
data/tts/asvspoof_2021_01042.wav,TTS,ASVspoof_2021,SPK_ASV_082,en,SPOOF_LA,Neural Vocoder,Transmission Codec,gsm_610,16000,3.74,train
data/tts/asvspoof_2021_01043.wav,TTS,ASVspoof_2021,SPK_ASV_083,en,SPOOF_LA,Neural Vocoder,Transmission Codec,gsm_610,16000,4.13,train
data/tts/asvspoof_2021_01044.wav,TTS,ASVspoof_2021,SPK_ASV_084,en,SPOOF_LA,Neural Vocoder,Transmission Codec,gsm_610,16000,3.7,train
data/tts/asvspoof_2021_01045.wav,TTS,ASVspoof_2021,SPK_ASV_085,en,SPOOF_LA,Neural Vocoder,Transmission Codec,gsm_610,16000,3.47,test
data/tts/asvspoof_2021_01046.wav,TTS,ASVspoof_2021,SPK_ASV_086,en,SPOOF_LA,Neural Vocoder,Transmission Codec,gsm_610,16000,4.11,train
data/tts/asvspoof_2021_01047.wav,TTS,ASVspoof_2021,SPK_ASV_087,en,SPOOF_LA,Neural Vocoder,Transmission Codec,gsm_610,16000,4.31,test
data/tts/asvspoof_2021_01048.wav,TTS,ASVspoof_2021,SPK_ASV_088,en,SPOOF_LA,Neural Vocoder,Transmission Codec,gsm_610,16000,4.27,train
data/tts/asvspoof_2021_01049.wav,TTS,ASVspoof_2021,SPK_ASV_089,en,SPOOF_LA,Neural Vocoder,Transmission Codec,gsm_610,16000,3.65,train
data/tts/asvspoof_2021_01050.wav,TTS,ASVspoof_2021,SPK_ASV_090,en,SPOOF_LA,Neural Vocoder,Transmission Codec,gsm_610,16000,3.8,validation
data/tts/asvspoof_2021_01051.wav,TTS,ASVspoof_2021,SPK_ASV_091,en,SPOOF_LA,Neural Vocoder,Transmission Codec,gsm_610,16000,4.01,train
data/tts/asvspoof_2021_01052.wav,TTS,ASVspoof_2021,SPK_ASV_092,en,SPOOF_LA,Neural Vocoder,Transmission Codec,gsm_610,16000,3.39,train
data/tts/asvspoof_2021_01053.wav,TTS,ASVspoof_2021,SPK_ASV_093,en,SPOOF_LA,Neural Vocoder,Transmission Codec,gsm_610,16000,4.05,validation
data/tts/asvspoof_2021_01054.wav,TTS,ASVspoof_2021,SPK_ASV_094,en,SPOOF_LA,Neural Vocoder,Transmission Codec,gsm_610,16000,4.14,train
data/tts/asvspoof_2021_01055.wav,TTS,ASVspoof_2021,SPK_ASV_095,en,SPOOF_LA,Neural Vocoder,Transmission Codec,gsm_610,16000,4.26,train
data/tts/asvspoof_2021_01056.wav,TTS,ASVspoof_2021,SPK_ASV_096,en,SPOOF_LA,Neural Vocoder,Transmission Codec,gsm_610,16000,3.12,train
data/tts/asvspoof_2021_01057.wav,TTS,ASVspoof_2021,SPK_ASV_097,en,SPOOF_LA,Neural Vocoder,Transmission Codec,gsm_610,16000,4.59,train
data/tts/asvspoof_2021_01058.wav,TTS,ASVspoof_2021,SPK_ASV_098,en,SPOOF_LA,Neural Vocoder,Transmission Codec,gsm_610,16000,3.77,train
data/tts/asvspoof_2021_01059.wav,TTS,ASVspoof_2021,SPK_ASV_099,en,SPOOF_LA,Neural Vocoder,Transmission Codec,gsm_610,16000,3.64,test
data/tts/asvspoof_2021_01060.wav,TTS,ASVspoof_2021,SPK_ASV_100,en,SPOOF_LA,Neural Vocoder,Transmission Codec,gsm_610,16000,3.81,train
data/tts/asvspoof_2021_01061.wav,TTS,ASVspoof_2021,SPK_ASV_101,en,SPOOF_LA,Neural Vocoder,Transmission Codec,gsm_610,16000,4.47,train
data/tts/asvspoof_2021_01062.wav,TTS,ASVspoof_2021,SPK_ASV_102,en,SPOOF_LA,Neural Vocoder,Transmission Codec,gsm_610,16000,4.11,validation
data/tts/asvspoof_2021_01063.wav,TTS,ASVspoof_2021,SPK_ASV_103,en,SPOOF_LA,Neural Vocoder,Transmission Codec,gsm_610,16000,3.87,train
data/tts/asvspoof_2021_01064.wav,TTS,ASVspoof_2021,SPK_ASV_104,en,SPOOF_LA,Neural Vocoder,Transmission Codec,gsm_610,16000,4.27,train
data/tts/asvspoof_2021_01065.wav,TTS,ASVspoof_2021,SPK_ASV_105,en,SPOOF_LA,Neural Vocoder,Transmission Codec,gsm_610,16000,3.58,validation
data/tts/asvspoof_2021_01066.wav,TTS,ASVspoof_2021,SPK_ASV_106,en,SPOOF_LA,Neural Vocoder,Transmission Codec,gsm_610,16000,4.43,train
data/tts/asvspoof_2021_01067.wav,TTS,ASVspoof_2021,SPK_ASV_107,en,SPOOF_LA,Neural Vocoder,Transmission Codec,gsm_610,16000,3.86,train
data/tts/asvspoof_2021_01068.wav,TTS,ASVspoof_2021,SPK_ASV_108,en,SPOOF_LA,Neural Vocoder,Transmission Codec,gsm_610,16000,4.02,train
data/tts/asvspoof_2021_01069.wav,TTS,ASVspoof_2021,SPK_ASV_109,en,SPOOF_LA,Neural Vocoder,Transmission Codec,gsm_610,16000,3.14,train
data/tts/asvspoof_2021_01070.wav,TTS,ASVspoof_2021,SPK_ASV_110,en,SPOOF_LA,Neural Vocoder,Transmission Codec,gsm_610,16000,4.23,test
data/tts/asvspoof_2021_01071.wav,TTS,ASVspoof_2021,SPK_ASV_111,en,SPOOF_LA,Neural Vocoder,Transmission Codec,gsm_610,16000,4.05,validation
data/tts/asvspoof_2021_01072.wav,TTS,ASVspoof_2021,SPK_ASV_112,en,SPOOF_LA,Neural Vocoder,Transmission Codec,gsm_610,16000,3.57,train
data/tts/asvspoof_2021_01073.wav,TTS,ASVspoof_2021,SPK_ASV_113,en,SPOOF_LA,Neural Vocoder,Transmission Codec,gsm_610,16000,4.04,train
data/tts/asvspoof_2021_01074.wav,TTS,ASVspoof_2021,SPK_ASV_114,en,SPOOF_LA,Neural Vocoder,Transmission Codec,gsm_610,16000,3.07,train
data/tts/asvspoof_2021_01075.wav,TTS,ASVspoof_2021,SPK_ASV_115,en,SPOOF_LA,Neural Vocoder,Transmission Codec,gsm_610,16000,4.57,train
data/tts/asvspoof_2021_01076.wav,TTS,ASVspoof_2021,SPK_ASV_116,en,SPOOF_LA,Neural Vocoder,Transmission Codec,gsm_610,16000,4.08,train
data/tts/asvspoof_2021_01077.wav,TTS,ASVspoof_2021,SPK_ASV_117,en,SPOOF_LA,Neural Vocoder,Transmission Codec,gsm_610,16000,3.64,validation
data/tts/asvspoof_2021_01078.wav,TTS,ASVspoof_2021,SPK_ASV_118,en,SPOOF_LA,Neural Vocoder,Transmission Codec,gsm_610,16000,4.2,train
data/tts/asvspoof_2021_01079.wav,TTS,ASVspoof_2021,SPK_ASV_119,en,SPOOF_LA,Neural Vocoder,Transmission Codec,gsm_610,16000,4.55,train
data/tts/asvspoof_2021_01080.wav,TTS,ASVspoof_2021,SPK_ASV_000,en,SPOOF_LA,Neural Vocoder,Transmission Codec,gsm_610,16000,3.69,train
data/tts/asvspoof_2021_01081.wav,TTS,ASVspoof_2021,SPK_ASV_001,en,SPOOF_LA,Neural Vocoder,Transmission Codec,gsm_610,16000,3.02,train
data/tts/asvspoof_2021_01082.wav,TTS,ASVspoof_2021,SPK_ASV_002,en,SPOOF_LA,Neural Vocoder,Transmission Codec,gsm_610,16000,3.41,validation
data/tts/asvspoof_2021_01083.wav,TTS,ASVspoof_2021,SPK_ASV_003,en,SPOOF_LA,Neural Vocoder,Transmission Codec,gsm_610,16000,3.82,train
data/tts/asvspoof_2021_01084.wav,TTS,ASVspoof_2021,SPK_ASV_004,en,SPOOF_LA,Neural Vocoder,Transmission Codec,gsm_610,16000,3.83,train
data/tts/asvspoof_2021_01085.wav,TTS,ASVspoof_2021,SPK_ASV_005,en,SPOOF_LA,Neural Vocoder,Transmission Codec,gsm_610,16000,3.93,train
data/tts/asvspoof_2021_01086.wav,TTS,ASVspoof_2021,SPK_ASV_006,en,SPOOF_LA,Neural Vocoder,Transmission Codec,gsm_610,16000,3.92,train
data/tts/asvspoof_2021_01087.wav,TTS,ASVspoof_2021,SPK_ASV_007,en,SPOOF_LA,Neural Vocoder,Transmission Codec,gsm_610,16000,3.71,train
data/tts/asvspoof_2021_01088.wav,TTS,ASVspoof_2021,SPK_ASV_008,en,SPOOF_LA,Neural Vocoder,Transmission Codec,gsm_610,16000,3.63,train
data/tts/asvspoof_2021_01089.wav,TTS,ASVspoof_2021,SPK_ASV_009,en,SPOOF_LA,Neural Vocoder,Transmission Codec,gsm_610,16000,4.24,train
data/tts/asvspoof_2021_01090.wav,TTS,ASVspoof_2021,SPK_ASV_010,en,SPOOF_LA,Neural Vocoder,Transmission Codec,gsm_610,16000,3.94,validation
data/tts/asvspoof_2021_01091.wav,TTS,ASVspoof_2021,SPK_ASV_011,en,SPOOF_LA,Neural Vocoder,Transmission Codec,gsm_610,16000,3.8,train
data/tts/asvspoof_2021_01092.wav,TTS,ASVspoof_2021,SPK_ASV_012,en,SPOOF_LA,Neural Vocoder,Transmission Codec,gsm_610,16000,3.55,train
data/tts/asvspoof_2021_01093.wav,TTS,ASVspoof_2021,SPK_ASV_013,en,SPOOF_LA,Neural Vocoder,Transmission Codec,gsm_610,16000,3.04,validation
data/tts/asvspoof_2021_01094.wav,TTS,ASVspoof_2021,SPK_ASV_014,en,SPOOF_LA,Neural Vocoder,Transmission Codec,gsm_610,16000,3.17,train
data/tts/asvspoof_2021_01095.wav,TTS,ASVspoof_2021,SPK_ASV_015,en,SPOOF_LA,Neural Vocoder,Transmission Codec,gsm_610,16000,3.67,train
data/tts/asvspoof_2021_01096.wav,TTS,ASVspoof_2021,SPK_ASV_016,en,SPOOF_LA,Neural Vocoder,Transmission Codec,gsm_610,16000,4.54,train
data/tts/asvspoof_2021_01097.wav,TTS,ASVspoof_2021,SPK_ASV_017,en,SPOOF_LA,Neural Vocoder,Transmission Codec,gsm_610,16000,3.19,train
data/tts/asvspoof_2021_01098.wav,TTS,ASVspoof_2021,SPK_ASV_018,en,SPOOF_LA,Neural Vocoder,Transmission Codec,gsm_610,16000,4.51,train
data/tts/asvspoof_2021_01099.wav,TTS,ASVspoof_2021,SPK_ASV_019,en,SPOOF_LA,Neural Vocoder,Transmission Codec,gsm_610,16000,3.23,train
data/tts/asvspoof_2021_01100.wav,TTS,ASVspoof_2021,SPK_ASV_020,en,SPOOF_LA,Neural Vocoder,Transmission Codec,gsm_610,16000,3.5,train
data/tts/asvspoof_2021_01101.wav,TTS,ASVspoof_2021,SPK_ASV_021,en,SPOOF_LA,Neural Vocoder,Transmission Codec,gsm_610,16000,3.73,train
data/tts/asvspoof_2021_01102.wav,TTS,ASVspoof_2021,SPK_ASV_022,en,SPOOF_LA,Neural Vocoder,Transmission Codec,gsm_610,16000,3.33,train
data/tts/asvspoof_2021_01103.wav,TTS,ASVspoof_2021,SPK_ASV_023,en,SPOOF_LA,Neural Vocoder,Transmission Codec,gsm_610,16000,3.77,train
data/tts/asvspoof_2021_01104.wav,TTS,ASVspoof_2021,SPK_ASV_024,en,SPOOF_LA,Neural Vocoder,Transmission Codec,gsm_610,16000,3.76,test
data/tts/asvspoof_2021_01105.wav,TTS,ASVspoof_2021,SPK_ASV_025,en,SPOOF_LA,Neural Vocoder,Transmission Codec,gsm_610,16000,3.7,train
data/tts/asvspoof_2021_01106.wav,TTS,ASVspoof_2021,SPK_ASV_026,en,SPOOF_LA,Neural Vocoder,Transmission Codec,gsm_610,16000,4.11,train
data/tts/asvspoof_2021_01107.wav,TTS,ASVspoof_2021,SPK_ASV_027,en,SPOOF_LA,Neural Vocoder,Transmission Codec,gsm_610,16000,3.51,train
data/tts/asvspoof_2021_01108.wav,TTS,ASVspoof_2021,SPK_ASV_028,en,SPOOF_LA,Neural Vocoder,Transmission Codec,gsm_610,16000,3.48,train
data/tts/asvspoof_2021_01109.wav,TTS,ASVspoof_2021,SPK_ASV_029,en,SPOOF_LA,Neural Vocoder,Transmission Codec,gsm_610,16000,4.3,train
data/tts/asvspoof_2021_01110.wav,TTS,ASVspoof_2021,SPK_ASV_030,en,SPOOF_LA,Neural Vocoder,Transmission Codec,gsm_610,16000,3.18,train
data/tts/asvspoof_2021_01111.wav,TTS,ASVspoof_2021,SPK_ASV_031,en,SPOOF_LA,Neural Vocoder,Transmission Codec,gsm_610,16000,4.36,train
data/tts/asvspoof_2021_01112.wav,TTS,ASVspoof_2021,SPK_ASV_032,en,SPOOF_LA,Neural Vocoder,Transmission Codec,gsm_610,16000,4.04,test
data/tts/asvspoof_2021_01113.wav,TTS,ASVspoof_2021,SPK_ASV_033,en,SPOOF_LA,Neural Vocoder,Transmission Codec,gsm_610,16000,4.08,train
data/tts/asvspoof_2021_01114.wav,TTS,ASVspoof_2021,SPK_ASV_034,en,SPOOF_LA,Neural Vocoder,Transmission Codec,gsm_610,16000,3.26,validation
data/tts/asvspoof_2021_01115.wav,TTS,ASVspoof_2021,SPK_ASV_035,en,SPOOF_LA,Neural Vocoder,Transmission Codec,gsm_610,16000,4.57,train
data/tts/asvspoof_2021_01116.wav,TTS,ASVspoof_2021,SPK_ASV_036,en,SPOOF_LA,Neural Vocoder,Transmission Codec,gsm_610,16000,3.39,train
data/tts/asvspoof_2021_01117.wav,TTS,ASVspoof_2021,SPK_ASV_037,en,SPOOF_LA,Neural Vocoder,Transmission Codec,gsm_610,16000,3.28,train
data/tts/asvspoof_2021_01118.wav,TTS,ASVspoof_2021,SPK_ASV_038,en,SPOOF_LA,Neural Vocoder,Transmission Codec,gsm_610,16000,3.26,train
data/tts/asvspoof_2021_01119.wav,TTS,ASVspoof_2021,SPK_ASV_039,en,SPOOF_LA,Neural Vocoder,Transmission Codec,gsm_610,16000,3.9,train
data/tts/asvspoof_2021_01120.wav,TTS,ASVspoof_2021,SPK_ASV_040,en,SPOOF_LA,Neural Vocoder,Transmission Codec,gsm_610,16000,4.53,train
data/tts/asvspoof_2021_01121.wav,TTS,ASVspoof_2021,SPK_ASV_041,en,SPOOF_LA,Neural Vocoder,Transmission Codec,gsm_610,16000,3.37,train
data/tts/asvspoof_2021_01122.wav,TTS,ASVspoof_2021,SPK_ASV_042,en,SPOOF_LA,Neural Vocoder,Transmission Codec,gsm_610,16000,3.65,train
data/tts/asvspoof_2021_01123.wav,TTS,ASVspoof_2021,SPK_ASV_043,en,SPOOF_LA,Neural Vocoder,Transmission Codec,gsm_610,16000,3.3,validation
data/tts/asvspoof_2021_01124.wav,TTS,ASVspoof_2021,SPK_ASV_044,en,SPOOF_LA,Neural Vocoder,Transmission Codec,gsm_610,16000,4.02,test
data/tts/asvspoof_2021_01125.wav,TTS,ASVspoof_2021,SPK_ASV_045,en,SPOOF_LA,Neural Vocoder,Transmission Codec,gsm_610,16000,3.69,train
data/tts/asvspoof_2021_01126.wav,TTS,ASVspoof_2021,SPK_ASV_046,en,SPOOF_LA,Neural Vocoder,Transmission Codec,gsm_610,16000,3.05,train
data/tts/asvspoof_2021_01127.wav,TTS,ASVspoof_2021,SPK_ASV_047,en,SPOOF_LA,Neural Vocoder,Transmission Codec,gsm_610,16000,3.98,test
data/tts/asvspoof_2021_01128.wav,TTS,ASVspoof_2021,SPK_ASV_048,en,SPOOF_LA,Neural Vocoder,Transmission Codec,gsm_610,16000,3.32,validation
data/tts/asvspoof_2021_01129.wav,TTS,ASVspoof_2021,SPK_ASV_049,en,SPOOF_LA,Neural Vocoder,Transmission Codec,gsm_610,16000,3.95,test
data/tts/asvspoof_2021_01130.wav,TTS,ASVspoof_2021,SPK_ASV_050,en,SPOOF_LA,Neural Vocoder,Transmission Codec,gsm_610,16000,3.62,test
data/tts/asvspoof_2021_01131.wav,TTS,ASVspoof_2021,SPK_ASV_051,en,SPOOF_LA,Neural Vocoder,Transmission Codec,gsm_610,16000,4.13,test
data/tts/asvspoof_2021_01132.wav,TTS,ASVspoof_2021,SPK_ASV_052,en,SPOOF_LA,Neural Vocoder,Transmission Codec,gsm_610,16000,3.33,test
data/tts/asvspoof_2021_01133.wav,TTS,ASVspoof_2021,SPK_ASV_053,en,SPOOF_LA,Neural Vocoder,Transmission Codec,gsm_610,16000,4.2,test
data/tts/asvspoof_2021_01134.wav,TTS,ASVspoof_2021,SPK_ASV_054,en,SPOOF_LA,Neural Vocoder,Transmission Codec,gsm_610,16000,4.29,train
data/tts/asvspoof_2021_01135.wav,TTS,ASVspoof_2021,SPK_ASV_055,en,SPOOF_LA,Neural Vocoder,Transmission Codec,gsm_610,16000,3.1,train
data/tts/asvspoof_2021_01136.wav,TTS,ASVspoof_2021,SPK_ASV_056,en,SPOOF_LA,Neural Vocoder,Transmission Codec,gsm_610,16000,3.16,train
data/tts/asvspoof_2021_01137.wav,TTS,ASVspoof_2021,SPK_ASV_057,en,SPOOF_LA,Neural Vocoder,Transmission Codec,gsm_610,16000,4.4,test
data/tts/asvspoof_2021_01138.wav,TTS,ASVspoof_2021,SPK_ASV_058,en,SPOOF_LA,Neural Vocoder,Transmission Codec,gsm_610,16000,3.3,test
data/tts/asvspoof_2021_01139.wav,TTS,ASVspoof_2021,SPK_ASV_059,en,SPOOF_LA,Neural Vocoder,Transmission Codec,gsm_610,16000,3.52,train
data/tts/asvspoof_2021_01140.wav,TTS,ASVspoof_2021,SPK_ASV_060,en,SPOOF_LA,Neural Vocoder,Transmission Codec,gsm_610,16000,3.73,test
data/tts/asvspoof_2021_01141.wav,TTS,ASVspoof_2021,SPK_ASV_061,en,SPOOF_LA,Neural Vocoder,Transmission Codec,gsm_610,16000,3.42,train
data/tts/asvspoof_2021_01142.wav,TTS,ASVspoof_2021,SPK_ASV_062,en,SPOOF_LA,Neural Vocoder,Transmission Codec,gsm_610,16000,4.38,validation
data/tts/asvspoof_2021_01143.wav,TTS,ASVspoof_2021,SPK_ASV_063,en,SPOOF_LA,Neural Vocoder,Transmission Codec,gsm_610,16000,3.84,train
data/tts/asvspoof_2021_01144.wav,TTS,ASVspoof_2021,SPK_ASV_064,en,SPOOF_LA,Neural Vocoder,Transmission Codec,gsm_610,16000,4.02,train
data/tts/asvspoof_2021_01145.wav,TTS,ASVspoof_2021,SPK_ASV_065,en,SPOOF_LA,Neural Vocoder,Transmission Codec,gsm_610,16000,3.96,test
data/tts/asvspoof_2021_01146.wav,TTS,ASVspoof_2021,SPK_ASV_066,en,SPOOF_LA,Neural Vocoder,Transmission Codec,gsm_610,16000,3.98,test
data/tts/asvspoof_2021_01147.wav,TTS,ASVspoof_2021,SPK_ASV_067,en,SPOOF_LA,Neural Vocoder,Transmission Codec,gsm_610,16000,3.94,validation
data/tts/asvspoof_2021_01148.wav,TTS,ASVspoof_2021,SPK_ASV_068,en,SPOOF_LA,Neural Vocoder,Transmission Codec,gsm_610,16000,3.56,train
data/tts/asvspoof_2021_01149.wav,TTS,ASVspoof_2021,SPK_ASV_069,en,SPOOF_LA,Neural Vocoder,Transmission Codec,gsm_610,16000,4.35,test
data/tts/asvspoof_2021_01150.wav,TTS,ASVspoof_2021,SPK_ASV_070,en,SPOOF_LA,Neural Vocoder,Transmission Codec,gsm_610,16000,3.99,train
data/tts/asvspoof_2021_01151.wav,TTS,ASVspoof_2021,SPK_ASV_071,en,SPOOF_LA,Neural Vocoder,Transmission Codec,gsm_610,16000,4.3,train
data/tts/asvspoof_2021_01152.wav,TTS,ASVspoof_2021,SPK_ASV_072,en,SPOOF_LA,Neural Vocoder,Transmission Codec,gsm_610,16000,4.13,test
data/tts/asvspoof_2021_01153.wav,TTS,ASVspoof_2021,SPK_ASV_073,en,SPOOF_LA,Neural Vocoder,Transmission Codec,gsm_610,16000,3.48,train
data/tts/asvspoof_2021_01154.wav,TTS,ASVspoof_2021,SPK_ASV_074,en,SPOOF_LA,Neural Vocoder,Transmission Codec,gsm_610,16000,3.98,train
data/tts/asvspoof_2021_01155.wav,TTS,ASVspoof_2021,SPK_ASV_075,en,SPOOF_LA,Neural Vocoder,Transmission Codec,gsm_610,16000,3.14,train
data/tts/asvspoof_2021_01156.wav,TTS,ASVspoof_2021,SPK_ASV_076,en,SPOOF_LA,Neural Vocoder,Transmission Codec,gsm_610,16000,3.21,validation
data/tts/asvspoof_2021_01157.wav,TTS,ASVspoof_2021,SPK_ASV_077,en,SPOOF_LA,Neural Vocoder,Transmission Codec,gsm_610,16000,3.19,test
data/tts/asvspoof_2021_01158.wav,TTS,ASVspoof_2021,SPK_ASV_078,en,SPOOF_LA,Neural Vocoder,Transmission Codec,gsm_610,16000,3.49,train
data/tts/asvspoof_2021_01159.wav,TTS,ASVspoof_2021,SPK_ASV_079,en,SPOOF_LA,Neural Vocoder,Transmission Codec,gsm_610,16000,3.29,train
data/tts/asvspoof_2021_01160.wav,TTS,ASVspoof_2021,SPK_ASV_080,en,SPOOF_LA,Neural Vocoder,Transmission Codec,gsm_610,16000,4.11,train
data/tts/asvspoof_2021_01161.wav,TTS,ASVspoof_2021,SPK_ASV_081,en,SPOOF_LA,Neural Vocoder,Transmission Codec,gsm_610,16000,3.82,train
data/tts/asvspoof_2021_01162.wav,TTS,ASVspoof_2021,SPK_ASV_082,en,SPOOF_LA,Neural Vocoder,Transmission Codec,gsm_610,16000,3.67,train
data/tts/asvspoof_2021_01163.wav,TTS,ASVspoof_2021,SPK_ASV_083,en,SPOOF_LA,Neural Vocoder,Transmission Codec,gsm_610,16000,3.22,train
data/tts/asvspoof_2021_01164.wav,TTS,ASVspoof_2021,SPK_ASV_084,en,SPOOF_LA,Neural Vocoder,Transmission Codec,gsm_610,16000,3.61,train
data/tts/asvspoof_2021_01165.wav,TTS,ASVspoof_2021,SPK_ASV_085,en,SPOOF_LA,Neural Vocoder,Transmission Codec,gsm_610,16000,3.3,test
data/tts/asvspoof_2021_01166.wav,TTS,ASVspoof_2021,SPK_ASV_086,en,SPOOF_LA,Neural Vocoder,Transmission Codec,gsm_610,16000,4.02,train
data/tts/asvspoof_2021_01167.wav,TTS,ASVspoof_2021,SPK_ASV_087,en,SPOOF_LA,Neural Vocoder,Transmission Codec,gsm_610,16000,4.11,test
data/tts/asvspoof_2021_01168.wav,TTS,ASVspoof_2021,SPK_ASV_088,en,SPOOF_LA,Neural Vocoder,Transmission Codec,gsm_610,16000,4.03,train
data/tts/asvspoof_2021_01169.wav,TTS,ASVspoof_2021,SPK_ASV_089,en,SPOOF_LA,Neural Vocoder,Transmission Codec,gsm_610,16000,4.6,train
data/tts/asvspoof_2021_01170.wav,TTS,ASVspoof_2021,SPK_ASV_090,en,SPOOF_LA,Neural Vocoder,Transmission Codec,gsm_610,16000,3.89,validation
data/tts/asvspoof_2021_01171.wav,TTS,ASVspoof_2021,SPK_ASV_091,en,SPOOF_LA,Neural Vocoder,Transmission Codec,gsm_610,16000,3.78,train
data/tts/asvspoof_2021_01172.wav,TTS,ASVspoof_2021,SPK_ASV_092,en,SPOOF_LA,Neural Vocoder,Transmission Codec,gsm_610,16000,3.22,train
data/tts/asvspoof_2021_01173.wav,TTS,ASVspoof_2021,SPK_ASV_093,en,SPOOF_LA,Neural Vocoder,Transmission Codec,gsm_610,16000,3.5,validation
data/tts/asvspoof_2021_01174.wav,TTS,ASVspoof_2021,SPK_ASV_094,en,SPOOF_LA,Neural Vocoder,Transmission Codec,gsm_610,16000,3.72,train
data/tts/asvspoof_2021_01175.wav,TTS,ASVspoof_2021,SPK_ASV_095,en,SPOOF_LA,Neural Vocoder,Transmission Codec,gsm_610,16000,3.09,train
data/tts/asvspoof_2021_01176.wav,TTS,ASVspoof_2021,SPK_ASV_096,en,SPOOF_LA,Neural Vocoder,Transmission Codec,gsm_610,16000,3.57,train
data/tts/asvspoof_2021_01177.wav,TTS,ASVspoof_2021,SPK_ASV_097,en,SPOOF_LA,Neural Vocoder,Transmission Codec,gsm_610,16000,3.02,train
data/tts/asvspoof_2021_01178.wav,TTS,ASVspoof_2021,SPK_ASV_098,en,SPOOF_LA,Neural Vocoder,Transmission Codec,gsm_610,16000,3.22,train
data/tts/asvspoof_2021_01179.wav,TTS,ASVspoof_2021,SPK_ASV_099,en,SPOOF_LA,Neural Vocoder,Transmission Codec,gsm_610,16000,4.3,test
data/tts/asvspoof_2021_01180.wav,TTS,ASVspoof_2021,SPK_ASV_100,en,SPOOF_LA,Neural Vocoder,Transmission Codec,gsm_610,16000,4.54,train
data/tts/asvspoof_2021_01181.wav,TTS,ASVspoof_2021,SPK_ASV_101,en,SPOOF_LA,Neural Vocoder,Transmission Codec,gsm_610,16000,3.81,train
data/tts/asvspoof_2021_01182.wav,TTS,ASVspoof_2021,SPK_ASV_102,en,SPOOF_LA,Neural Vocoder,Transmission Codec,gsm_610,16000,3.79,validation
data/tts/asvspoof_2021_01183.wav,TTS,ASVspoof_2021,SPK_ASV_103,en,SPOOF_LA,Neural Vocoder,Transmission Codec,gsm_610,16000,4.1,train
data/tts/asvspoof_2021_01184.wav,TTS,ASVspoof_2021,SPK_ASV_104,en,SPOOF_LA,Neural Vocoder,Transmission Codec,gsm_610,16000,3.67,train
data/tts/asvspoof_2021_01185.wav,TTS,ASVspoof_2021,SPK_ASV_105,en,SPOOF_LA,Neural Vocoder,Transmission Codec,gsm_610,16000,4.34,validation
data/tts/asvspoof_2021_01186.wav,TTS,ASVspoof_2021,SPK_ASV_106,en,SPOOF_LA,Neural Vocoder,Transmission Codec,gsm_610,16000,3.78,train
data/tts/asvspoof_2021_01187.wav,TTS,ASVspoof_2021,SPK_ASV_107,en,SPOOF_LA,Neural Vocoder,Transmission Codec,gsm_610,16000,3.13,train
data/tts/asvspoof_2021_01188.wav,TTS,ASVspoof_2021,SPK_ASV_108,en,SPOOF_LA,Neural Vocoder,Transmission Codec,gsm_610,16000,3.05,train
data/tts/asvspoof_2021_01189.wav,TTS,ASVspoof_2021,SPK_ASV_109,en,SPOOF_LA,Neural Vocoder,Transmission Codec,gsm_610,16000,4.22,train
data/tts/asvspoof_2021_01190.wav,TTS,ASVspoof_2021,SPK_ASV_110,en,SPOOF_LA,Neural Vocoder,Transmission Codec,gsm_610,16000,3.47,test
data/tts/asvspoof_2021_01191.wav,TTS,ASVspoof_2021,SPK_ASV_111,en,SPOOF_LA,Neural Vocoder,Transmission Codec,gsm_610,16000,3.44,validation
data/tts/asvspoof_2021_01192.wav,TTS,ASVspoof_2021,SPK_ASV_112,en,SPOOF_LA,Neural Vocoder,Transmission Codec,gsm_610,16000,3.86,train
data/tts/asvspoof_2021_01193.wav,TTS,ASVspoof_2021,SPK_ASV_113,en,SPOOF_LA,Neural Vocoder,Transmission Codec,gsm_610,16000,3.27,train
data/tts/asvspoof_2021_01194.wav,TTS,ASVspoof_2021,SPK_ASV_114,en,SPOOF_LA,Neural Vocoder,Transmission Codec,gsm_610,16000,3.73,train
data/tts/asvspoof_2021_01195.wav,TTS,ASVspoof_2021,SPK_ASV_115,en,SPOOF_LA,Neural Vocoder,Transmission Codec,gsm_610,16000,4.19,train
data/tts/asvspoof_2021_01196.wav,TTS,ASVspoof_2021,SPK_ASV_116,en,SPOOF_LA,Neural Vocoder,Transmission Codec,gsm_610,16000,4.23,train
data/tts/asvspoof_2021_01197.wav,TTS,ASVspoof_2021,SPK_ASV_117,en,SPOOF_LA,Neural Vocoder,Transmission Codec,gsm_610,16000,3.88,validation
data/tts/asvspoof_2021_01198.wav,TTS,ASVspoof_2021,SPK_ASV_118,en,SPOOF_LA,Neural Vocoder,Transmission Codec,gsm_610,16000,3.18,train
data/tts/asvspoof_2021_01199.wav,TTS,ASVspoof_2021,SPK_ASV_119,en,SPOOF_LA,Neural Vocoder,Transmission Codec,gsm_610,16000,3.18,train
data/tts/asvspoof_2021_01200.wav,TTS,ASVspoof_2021,SPK_ASV_000,en,SPOOF_LA,Neural Vocoder,Transmission Codec,gsm_610,16000,4.24,train
data/tts/asvspoof_2021_01201.wav,TTS,ASVspoof_2021,SPK_ASV_001,en,SPOOF_LA,Neural Vocoder,Transmission Codec,gsm_610,16000,4.32,train
data/tts/asvspoof_2021_01202.wav,TTS,ASVspoof_2021,SPK_ASV_002,en,SPOOF_LA,Neural Vocoder,Transmission Codec,gsm_610,16000,3.59,validation
data/tts/asvspoof_2021_01203.wav,TTS,ASVspoof_2021,SPK_ASV_003,en,SPOOF_LA,Neural Vocoder,Transmission Codec,gsm_610,16000,4.32,train
data/tts/asvspoof_2021_01204.wav,TTS,ASVspoof_2021,SPK_ASV_004,en,SPOOF_LA,Neural Vocoder,Transmission Codec,gsm_610,16000,3.07,train
data/tts/asvspoof_2021_01205.wav,TTS,ASVspoof_2021,SPK_ASV_005,en,SPOOF_LA,Neural Vocoder,Transmission Codec,gsm_610,16000,4.15,train
data/tts/asvspoof_2021_01206.wav,TTS,ASVspoof_2021,SPK_ASV_006,en,SPOOF_LA,Neural Vocoder,Transmission Codec,gsm_610,16000,3.87,train
data/tts/asvspoof_2021_01207.wav,TTS,ASVspoof_2021,SPK_ASV_007,en,SPOOF_LA,Neural Vocoder,Transmission Codec,gsm_610,16000,4.58,train
data/tts/asvspoof_2021_01208.wav,TTS,ASVspoof_2021,SPK_ASV_008,en,SPOOF_LA,Neural Vocoder,Transmission Codec,gsm_610,16000,3.16,train
data/tts/asvspoof_2021_01209.wav,TTS,ASVspoof_2021,SPK_ASV_009,en,SPOOF_LA,Neural Vocoder,Transmission Codec,gsm_610,16000,4.33,train
data/tts/asvspoof_2021_01210.wav,TTS,ASVspoof_2021,SPK_ASV_010,en,SPOOF_LA,Neural Vocoder,Transmission Codec,gsm_610,16000,4.2,validation
data/tts/asvspoof_2021_01211.wav,TTS,ASVspoof_2021,SPK_ASV_011,en,SPOOF_LA,Neural Vocoder,Transmission Codec,gsm_610,16000,3.48,train
data/tts/asvspoof_2021_01212.wav,TTS,ASVspoof_2021,SPK_ASV_012,en,SPOOF_LA,Neural Vocoder,Transmission Codec,gsm_610,16000,4.6,train
data/tts/asvspoof_2021_01213.wav,TTS,ASVspoof_2021,SPK_ASV_013,en,SPOOF_LA,Neural Vocoder,Transmission Codec,gsm_610,16000,3.72,validation
data/tts/asvspoof_2021_01214.wav,TTS,ASVspoof_2021,SPK_ASV_014,en,SPOOF_LA,Neural Vocoder,Transmission Codec,gsm_610,16000,3.56,train
data/tts/asvspoof_2021_01215.wav,TTS,ASVspoof_2021,SPK_ASV_015,en,SPOOF_LA,Neural Vocoder,Transmission Codec,gsm_610,16000,4.31,train
data/tts/asvspoof_2021_01216.wav,TTS,ASVspoof_2021,SPK_ASV_016,en,SPOOF_LA,Neural Vocoder,Transmission Codec,gsm_610,16000,3.7,train
data/tts/asvspoof_2021_01217.wav,TTS,ASVspoof_2021,SPK_ASV_017,en,SPOOF_LA,Neural Vocoder,Transmission Codec,gsm_610,16000,4.59,train
data/tts/asvspoof_2021_01218.wav,TTS,ASVspoof_2021,SPK_ASV_018,en,SPOOF_LA,Neural Vocoder,Transmission Codec,gsm_610,16000,4.24,train
data/tts/asvspoof_2021_01219.wav,TTS,ASVspoof_2021,SPK_ASV_019,en,SPOOF_LA,Neural Vocoder,Transmission Codec,gsm_610,16000,3.38,train
data/tts/asvspoof_2021_01220.wav,TTS,ASVspoof_2021,SPK_ASV_020,en,SPOOF_LA,Neural Vocoder,Transmission Codec,gsm_610,16000,4.3,train
data/tts/asvspoof_2021_01221.wav,TTS,ASVspoof_2021,SPK_ASV_021,en,SPOOF_LA,Neural Vocoder,Transmission Codec,gsm_610,16000,3.94,train
data/tts/asvspoof_2021_01222.wav,TTS,ASVspoof_2021,SPK_ASV_022,en,SPOOF_LA,Neural Vocoder,Transmission Codec,gsm_610,16000,3.56,train
data/tts/asvspoof_2021_01223.wav,TTS,ASVspoof_2021,SPK_ASV_023,en,SPOOF_LA,Neural Vocoder,Transmission Codec,gsm_610,16000,4.14,train
data/tts/asvspoof_2021_01224.wav,TTS,ASVspoof_2021,SPK_ASV_024,en,SPOOF_LA,Neural Vocoder,Transmission Codec,gsm_610,16000,4.01,test
data/tts/asvspoof_2021_01225.wav,TTS,ASVspoof_2021,SPK_ASV_025,en,SPOOF_LA,Neural Vocoder,Transmission Codec,gsm_610,16000,3.27,train
data/tts/asvspoof_2021_01226.wav,TTS,ASVspoof_2021,SPK_ASV_026,en,SPOOF_LA,Neural Vocoder,Transmission Codec,gsm_610,16000,3.22,train
data/tts/asvspoof_2021_01227.wav,TTS,ASVspoof_2021,SPK_ASV_027,en,SPOOF_LA,Neural Vocoder,Transmission Codec,gsm_610,16000,3.33,train
data/tts/asvspoof_2021_01228.wav,TTS,ASVspoof_2021,SPK_ASV_028,en,SPOOF_LA,Neural Vocoder,Transmission Codec,gsm_610,16000,3.33,train
data/tts/asvspoof_2021_01229.wav,TTS,ASVspoof_2021,SPK_ASV_029,en,SPOOF_LA,Neural Vocoder,Transmission Codec,gsm_610,16000,3.09,train
data/tts/asvspoof_2021_01230.wav,TTS,ASVspoof_2021,SPK_ASV_030,en,SPOOF_LA,Neural Vocoder,Transmission Codec,gsm_610,16000,3.56,train
data/tts/asvspoof_2021_01231.wav,TTS,ASVspoof_2021,SPK_ASV_031,en,SPOOF_LA,Neural Vocoder,Transmission Codec,gsm_610,16000,3.45,train
data/tts/asvspoof_2021_01232.wav,TTS,ASVspoof_2021,SPK_ASV_032,en,SPOOF_LA,Neural Vocoder,Transmission Codec,gsm_610,16000,3.86,test
data/tts/asvspoof_2021_01233.wav,TTS,ASVspoof_2021,SPK_ASV_033,en,SPOOF_LA,Neural Vocoder,Transmission Codec,gsm_610,16000,3.52,train
data/tts/asvspoof_2021_01234.wav,TTS,ASVspoof_2021,SPK_ASV_034,en,SPOOF_LA,Neural Vocoder,Transmission Codec,gsm_610,16000,4.13,validation
data/tts/asvspoof_2021_01235.wav,TTS,ASVspoof_2021,SPK_ASV_035,en,SPOOF_LA,Neural Vocoder,Transmission Codec,gsm_610,16000,3.46,train
data/tts/asvspoof_2021_01236.wav,TTS,ASVspoof_2021,SPK_ASV_036,en,SPOOF_LA,Neural Vocoder,Transmission Codec,gsm_610,16000,3.43,train
data/tts/asvspoof_2021_01237.wav,TTS,ASVspoof_2021,SPK_ASV_037,en,SPOOF_LA,Neural Vocoder,Transmission Codec,gsm_610,16000,4.37,train
data/tts/asvspoof_2021_01238.wav,TTS,ASVspoof_2021,SPK_ASV_038,en,SPOOF_LA,Neural Vocoder,Transmission Codec,gsm_610,16000,4.58,train
data/tts/asvspoof_2021_01239.wav,TTS,ASVspoof_2021,SPK_ASV_039,en,SPOOF_LA,Neural Vocoder,Transmission Codec,gsm_610,16000,4.09,train
data/tts/asvspoof_2021_01240.wav,TTS,ASVspoof_2021,SPK_ASV_040,en,SPOOF_LA,Neural Vocoder,Transmission Codec,gsm_610,16000,3.15,train
data/tts/asvspoof_2021_01241.wav,TTS,ASVspoof_2021,SPK_ASV_041,en,SPOOF_LA,Neural Vocoder,Transmission Codec,gsm_610,16000,4.54,train
data/tts/asvspoof_2021_01242.wav,TTS,ASVspoof_2021,SPK_ASV_042,en,SPOOF_LA,Neural Vocoder,Transmission Codec,gsm_610,16000,4.26,train
data/tts/asvspoof_2021_01243.wav,TTS,ASVspoof_2021,SPK_ASV_043,en,SPOOF_LA,Neural Vocoder,Transmission Codec,gsm_610,16000,4.47,validation
data/tts/asvspoof_2021_01244.wav,TTS,ASVspoof_2021,SPK_ASV_044,en,SPOOF_LA,Neural Vocoder,Transmission Codec,gsm_610,16000,4.59,test
data/tts/asvspoof_2021_01245.wav,TTS,ASVspoof_2021,SPK_ASV_045,en,SPOOF_LA,Neural Vocoder,Transmission Codec,gsm_610,16000,4.39,train
data/tts/asvspoof_2021_01246.wav,TTS,ASVspoof_2021,SPK_ASV_046,en,SPOOF_LA,Neural Vocoder,Transmission Codec,gsm_610,16000,3.2,train
data/tts/asvspoof_2021_01247.wav,TTS,ASVspoof_2021,SPK_ASV_047,en,SPOOF_LA,Neural Vocoder,Transmission Codec,gsm_610,16000,4.39,test
data/tts/asvspoof_2021_01248.wav,TTS,ASVspoof_2021,SPK_ASV_048,en,SPOOF_LA,Neural Vocoder,Transmission Codec,gsm_610,16000,3.4,validation
data/tts/asvspoof_2021_01249.wav,TTS,ASVspoof_2021,SPK_ASV_049,en,SPOOF_LA,Neural Vocoder,Transmission Codec,gsm_610,16000,4.14,test
data/tts/asvspoof_2021_01250.wav,TTS,ASVspoof_2021,SPK_ASV_050,en,SPOOF_LA,Neural Vocoder,Transmission Codec,gsm_610,16000,4.33,test
data/tts/wavefake_00001.wav,TTS,WaveFake,SPK_Wav_001,en,SPOOF_DF,HiFi-GAN,Clean,pcm_16k,16000,3.92,validation
data/tts/wavefake_00002.wav,TTS,WaveFake,SPK_Wav_002,en,SPOOF_DF,HiFi-GAN,Clean,pcm_16k,16000,3.78,validation
data/tts/wavefake_00003.wav,TTS,WaveFake,SPK_Wav_003,en,SPOOF_DF,HiFi-GAN,Clean,pcm_16k,16000,3.48,train
data/tts/wavefake_00004.wav,TTS,WaveFake,SPK_Wav_004,en,SPOOF_DF,HiFi-GAN,Clean,pcm_16k,16000,3.62,validation
data/tts/wavefake_00005.wav,TTS,WaveFake,SPK_Wav_005,en,SPOOF_DF,HiFi-GAN,Clean,pcm_16k,16000,3.13,train
data/tts/wavefake_00006.wav,TTS,WaveFake,SPK_Wav_006,en,SPOOF_DF,HiFi-GAN,Clean,pcm_16k,16000,3.36,test
data/tts/wavefake_00007.wav,TTS,WaveFake,SPK_Wav_007,en,SPOOF_DF,HiFi-GAN,Clean,pcm_16k,16000,3.42,train
data/tts/wavefake_00008.wav,TTS,WaveFake,SPK_Wav_008,en,SPOOF_DF,HiFi-GAN,Clean,pcm_16k,16000,3.71,train
data/tts/wavefake_00009.wav,TTS,WaveFake,SPK_Wav_009,en,SPOOF_DF,HiFi-GAN,Clean,pcm_16k,16000,4.11,train
data/tts/wavefake_00010.wav,TTS,WaveFake,SPK_Wav_010,en,SPOOF_DF,HiFi-GAN,Clean,pcm_16k,16000,2.85,train
data/tts/wavefake_00011.wav,TTS,WaveFake,SPK_Wav_011,en,SPOOF_DF,HiFi-GAN,Clean,pcm_16k,16000,3.52,train
data/tts/wavefake_00012.wav,TTS,WaveFake,SPK_Wav_012,en,SPOOF_DF,HiFi-GAN,Clean,pcm_16k,16000,3.15,train
data/tts/wavefake_00013.wav,TTS,WaveFake,SPK_Wav_013,en,SPOOF_DF,HiFi-GAN,Clean,pcm_16k,16000,4.2,train
data/tts/wavefake_00014.wav,TTS,WaveFake,SPK_Wav_014,en,SPOOF_DF,HiFi-GAN,Clean,pcm_16k,16000,3.29,train
data/tts/wavefake_00015.wav,TTS,WaveFake,SPK_Wav_015,en,SPOOF_DF,HiFi-GAN,Clean,pcm_16k,16000,4.22,train
data/tts/wavefake_00016.wav,TTS,WaveFake,SPK_Wav_016,en,SPOOF_DF,HiFi-GAN,Clean,pcm_16k,16000,3.22,test
data/tts/wavefake_00017.wav,TTS,WaveFake,SPK_Wav_017,en,SPOOF_DF,HiFi-GAN,Clean,pcm_16k,16000,2.7,train
data/tts/wavefake_00018.wav,TTS,WaveFake,SPK_Wav_018,en,SPOOF_DF,HiFi-GAN,Clean,pcm_16k,16000,3.94,train
data/tts/wavefake_00019.wav,TTS,WaveFake,SPK_Wav_019,en,SPOOF_DF,HiFi-GAN,Clean,pcm_16k,16000,3.87,train
data/tts/wavefake_00020.wav,TTS,WaveFake,SPK_Wav_020,en,SPOOF_DF,HiFi-GAN,Clean,pcm_16k,16000,3.87,test
data/tts/wavefake_00021.wav,TTS,WaveFake,SPK_Wav_021,en,SPOOF_DF,HiFi-GAN,Clean,pcm_16k,16000,3.43,train
data/tts/wavefake_00022.wav,TTS,WaveFake,SPK_Wav_022,en,SPOOF_DF,HiFi-GAN,Clean,pcm_16k,16000,3.76,train
data/tts/wavefake_00023.wav,TTS,WaveFake,SPK_Wav_023,en,SPOOF_DF,HiFi-GAN,Clean,pcm_16k,16000,3.27,test
data/tts/wavefake_00024.wav,TTS,WaveFake,SPK_Wav_024,en,SPOOF_DF,HiFi-GAN,Clean,pcm_16k,16000,2.8,test
data/tts/wavefake_00025.wav,TTS,WaveFake,SPK_Wav_025,en,SPOOF_DF,HiFi-GAN,Clean,pcm_16k,16000,3.56,test
data/tts/wavefake_00026.wav,TTS,WaveFake,SPK_Wav_026,en,SPOOF_DF,HiFi-GAN,Clean,pcm_16k,16000,3.05,train
data/tts/wavefake_00027.wav,TTS,WaveFake,SPK_Wav_027,en,SPOOF_DF,HiFi-GAN,Clean,pcm_16k,16000,3.39,validation
data/tts/wavefake_00028.wav,TTS,WaveFake,SPK_Wav_028,en,SPOOF_DF,HiFi-GAN,Clean,pcm_16k,16000,3.04,train
data/tts/wavefake_00029.wav,TTS,WaveFake,SPK_Wav_029,en,SPOOF_DF,HiFi-GAN,Clean,pcm_16k,16000,3.13,train
data/tts/wavefake_00030.wav,TTS,WaveFake,SPK_Wav_030,en,SPOOF_DF,HiFi-GAN,Clean,pcm_16k,16000,4.03,test
data/tts/wavefake_00031.wav,TTS,WaveFake,SPK_Wav_031,en,SPOOF_DF,HiFi-GAN,Clean,pcm_16k,16000,3.24,train
data/tts/wavefake_00032.wav,TTS,WaveFake,SPK_Wav_032,en,SPOOF_DF,HiFi-GAN,Clean,pcm_16k,16000,3.62,train
data/tts/wavefake_00033.wav,TTS,WaveFake,SPK_Wav_033,en,SPOOF_DF,HiFi-GAN,Clean,pcm_16k,16000,3.61,train
data/tts/wavefake_00034.wav,TTS,WaveFake,SPK_Wav_034,en,SPOOF_DF,HiFi-GAN,Clean,pcm_16k,16000,3.48,train
data/tts/wavefake_00035.wav,TTS,WaveFake,SPK_Wav_035,en,SPOOF_DF,HiFi-GAN,Clean,pcm_16k,16000,3.25,train
data/tts/wavefake_00036.wav,TTS,WaveFake,SPK_Wav_036,en,SPOOF_DF,HiFi-GAN,Clean,pcm_16k,16000,3.79,train
data/tts/wavefake_00037.wav,TTS,WaveFake,SPK_Wav_037,en,SPOOF_DF,HiFi-GAN,Clean,pcm_16k,16000,2.78,validation
data/tts/wavefake_00038.wav,TTS,WaveFake,SPK_Wav_038,en,SPOOF_DF,HiFi-GAN,Clean,pcm_16k,16000,2.86,train
data/tts/wavefake_00039.wav,TTS,WaveFake,SPK_Wav_039,en,SPOOF_DF,HiFi-GAN,Clean,pcm_16k,16000,3.95,train
data/tts/wavefake_00040.wav,TTS,WaveFake,SPK_Wav_040,en,SPOOF_DF,HiFi-GAN,Clean,pcm_16k,16000,3.44,train
data/tts/wavefake_00041.wav,TTS,WaveFake,SPK_Wav_041,en,SPOOF_DF,HiFi-GAN,Clean,pcm_16k,16000,2.9,train
data/tts/wavefake_00042.wav,TTS,WaveFake,SPK_Wav_042,en,SPOOF_DF,HiFi-GAN,Clean,pcm_16k,16000,4.07,train
data/tts/wavefake_00043.wav,TTS,WaveFake,SPK_Wav_043,en,SPOOF_DF,HiFi-GAN,Clean,pcm_16k,16000,3.41,train
data/tts/wavefake_00044.wav,TTS,WaveFake,SPK_Wav_044,en,SPOOF_DF,HiFi-GAN,Clean,pcm_16k,16000,2.7,validation
data/tts/wavefake_00045.wav,TTS,WaveFake,SPK_Wav_045,en,SPOOF_DF,HiFi-GAN,Clean,pcm_16k,16000,4.23,train
data/tts/wavefake_00046.wav,TTS,WaveFake,SPK_Wav_046,en,SPOOF_DF,HiFi-GAN,Clean,pcm_16k,16000,3.02,train
data/tts/wavefake_00047.wav,TTS,WaveFake,SPK_Wav_047,en,SPOOF_DF,HiFi-GAN,Clean,pcm_16k,16000,3.8,test
data/tts/wavefake_00048.wav,TTS,WaveFake,SPK_Wav_048,en,SPOOF_DF,HiFi-GAN,Clean,pcm_16k,16000,2.91,train
data/tts/wavefake_00049.wav,TTS,WaveFake,SPK_Wav_049,en,SPOOF_DF,HiFi-GAN,Clean,pcm_16k,16000,3.74,test
data/tts/wavefake_00050.wav,TTS,WaveFake,SPK_Wav_050,en,SPOOF_DF,HiFi-GAN,Clean,pcm_16k,16000,2.95,train
data/tts/wavefake_00051.wav,TTS,WaveFake,SPK_Wav_051,en,SPOOF_DF,HiFi-GAN,Clean,pcm_16k,16000,4.19,train
data/tts/wavefake_00052.wav,TTS,WaveFake,SPK_Wav_052,en,SPOOF_DF,HiFi-GAN,Clean,pcm_16k,16000,3.14,train
data/tts/wavefake_00053.wav,TTS,WaveFake,SPK_Wav_053,en,SPOOF_DF,HiFi-GAN,Clean,pcm_16k,16000,3.75,train
data/tts/wavefake_00054.wav,TTS,WaveFake,SPK_Wav_054,en,SPOOF_DF,HiFi-GAN,Clean,pcm_16k,16000,3.1,train
data/tts/wavefake_00055.wav,TTS,WaveFake,SPK_Wav_055,en,SPOOF_DF,HiFi-GAN,Clean,pcm_16k,16000,3.29,train
data/tts/wavefake_00056.wav,TTS,WaveFake,SPK_Wav_056,en,SPOOF_DF,HiFi-GAN,Clean,pcm_16k,16000,4.15,test
data/tts/wavefake_00057.wav,TTS,WaveFake,SPK_Wav_057,en,SPOOF_DF,HiFi-GAN,Clean,pcm_16k,16000,2.96,train
data/tts/wavefake_00058.wav,TTS,WaveFake,SPK_Wav_058,en,SPOOF_DF,HiFi-GAN,Clean,pcm_16k,16000,3.33,train
data/tts/wavefake_00059.wav,TTS,WaveFake,SPK_Wav_059,en,SPOOF_DF,HiFi-GAN,Clean,pcm_16k,16000,3.19,test
data/tts/wavefake_00060.wav,TTS,WaveFake,SPK_Wav_060,en,SPOOF_DF,HiFi-GAN,Clean,pcm_16k,16000,3.82,train
data/tts/wavefake_00061.wav,TTS,WaveFake,SPK_Wav_061,en,SPOOF_DF,HiFi-GAN,Clean,pcm_16k,16000,3.07,train
data/tts/wavefake_00062.wav,TTS,WaveFake,SPK_Wav_062,en,SPOOF_DF,HiFi-GAN,Clean,pcm_16k,16000,3.75,train
data/tts/wavefake_00063.wav,TTS,WaveFake,SPK_Wav_063,en,SPOOF_DF,HiFi-GAN,Clean,pcm_16k,16000,3.83,train
data/tts/wavefake_00064.wav,TTS,WaveFake,SPK_Wav_064,en,SPOOF_DF,HiFi-GAN,Clean,pcm_16k,16000,2.7,train
data/tts/wavefake_00065.wav,TTS,WaveFake,SPK_Wav_065,en,SPOOF_DF,HiFi-GAN,Clean,pcm_16k,16000,3.46,validation
data/tts/wavefake_00066.wav,TTS,WaveFake,SPK_Wav_066,en,SPOOF_DF,HiFi-GAN,Clean,pcm_16k,16000,2.91,test
data/tts/wavefake_00067.wav,TTS,WaveFake,SPK_Wav_067,en,SPOOF_DF,HiFi-GAN,Clean,pcm_16k,16000,3.06,validation
data/tts/wavefake_00068.wav,TTS,WaveFake,SPK_Wav_068,en,SPOOF_DF,HiFi-GAN,Clean,pcm_16k,16000,3.79,train
data/tts/wavefake_00069.wav,TTS,WaveFake,SPK_Wav_069,en,SPOOF_DF,HiFi-GAN,Clean,pcm_16k,16000,2.71,train
data/tts/wavefake_00070.wav,TTS,WaveFake,SPK_Wav_070,en,SPOOF_DF,HiFi-GAN,Clean,pcm_16k,16000,3.81,train
data/tts/wavefake_00071.wav,TTS,WaveFake,SPK_Wav_071,en,SPOOF_DF,HiFi-GAN,Clean,pcm_16k,16000,4.01,train
data/tts/wavefake_00072.wav,TTS,WaveFake,SPK_Wav_072,en,SPOOF_DF,HiFi-GAN,Clean,pcm_16k,16000,4.28,validation
data/tts/wavefake_00073.wav,TTS,WaveFake,SPK_Wav_073,en,SPOOF_DF,HiFi-GAN,Clean,pcm_16k,16000,3.38,train
data/tts/wavefake_00074.wav,TTS,WaveFake,SPK_Wav_074,en,SPOOF_DF,HiFi-GAN,Clean,pcm_16k,16000,2.91,test
data/tts/wavefake_00075.wav,TTS,WaveFake,SPK_Wav_075,en,SPOOF_DF,HiFi-GAN,Clean,pcm_16k,16000,2.81,train
data/tts/wavefake_00076.wav,TTS,WaveFake,SPK_Wav_076,en,SPOOF_DF,HiFi-GAN,Clean,pcm_16k,16000,3.31,test
data/tts/wavefake_00077.wav,TTS,WaveFake,SPK_Wav_077,en,SPOOF_DF,HiFi-GAN,Clean,pcm_16k,16000,3.87,test
data/tts/wavefake_00078.wav,TTS,WaveFake,SPK_Wav_078,en,SPOOF_DF,HiFi-GAN,Clean,pcm_16k,16000,2.86,train
data/tts/wavefake_00079.wav,TTS,WaveFake,SPK_Wav_079,en,SPOOF_DF,HiFi-GAN,Clean,pcm_16k,16000,3.2,train
data/tts/wavefake_00080.wav,TTS,WaveFake,SPK_Wav_080,en,SPOOF_DF,HiFi-GAN,Clean,pcm_16k,16000,4.11,train
data/tts/wavefake_00081.wav,TTS,WaveFake,SPK_Wav_081,en,SPOOF_DF,HiFi-GAN,Clean,pcm_16k,16000,2.92,train
data/tts/wavefake_00082.wav,TTS,WaveFake,SPK_Wav_082,en,SPOOF_DF,HiFi-GAN,Clean,pcm_16k,16000,3.94,validation
data/tts/wavefake_00083.wav,TTS,WaveFake,SPK_Wav_083,en,SPOOF_DF,HiFi-GAN,Clean,pcm_16k,16000,3.91,train
data/tts/wavefake_00084.wav,TTS,WaveFake,SPK_Wav_084,en,SPOOF_DF,HiFi-GAN,Clean,pcm_16k,16000,2.91,train
data/tts/wavefake_00085.wav,TTS,WaveFake,SPK_Wav_085,en,SPOOF_DF,HiFi-GAN,Clean,pcm_16k,16000,4.29,validation
data/tts/wavefake_00086.wav,TTS,WaveFake,SPK_Wav_086,en,SPOOF_DF,HiFi-GAN,Clean,pcm_16k,16000,2.93,train
data/tts/wavefake_00087.wav,TTS,WaveFake,SPK_Wav_087,en,SPOOF_DF,HiFi-GAN,Clean,pcm_16k,16000,3.55,train
data/tts/wavefake_00088.wav,TTS,WaveFake,SPK_Wav_088,en,SPOOF_DF,HiFi-GAN,Clean,pcm_16k,16000,2.71,train
data/tts/wavefake_00089.wav,TTS,WaveFake,SPK_Wav_089,en,SPOOF_DF,HiFi-GAN,Clean,pcm_16k,16000,3.74,train
data/tts/wavefake_00090.wav,TTS,WaveFake,SPK_Wav_090,en,SPOOF_DF,HiFi-GAN,Clean,pcm_16k,16000,3.4,train
data/tts/wavefake_00091.wav,TTS,WaveFake,SPK_Wav_091,en,SPOOF_DF,HiFi-GAN,Clean,pcm_16k,16000,3.86,train
data/tts/wavefake_00092.wav,TTS,WaveFake,SPK_Wav_092,en,SPOOF_DF,HiFi-GAN,Clean,pcm_16k,16000,3.7,train
data/tts/wavefake_00093.wav,TTS,WaveFake,SPK_Wav_093,en,SPOOF_DF,HiFi-GAN,Clean,pcm_16k,16000,2.94,train
data/tts/wavefake_00094.wav,TTS,WaveFake,SPK_Wav_094,en,SPOOF_DF,HiFi-GAN,Clean,pcm_16k,16000,3.36,train
data/tts/wavefake_00095.wav,TTS,WaveFake,SPK_Wav_095,en,SPOOF_DF,HiFi-GAN,Clean,pcm_16k,16000,3.8,train
data/tts/wavefake_00096.wav,TTS,WaveFake,SPK_Wav_096,en,SPOOF_DF,HiFi-GAN,Clean,pcm_16k,16000,4.08,train
data/tts/wavefake_00097.wav,TTS,WaveFake,SPK_Wav_097,en,SPOOF_DF,HiFi-GAN,Clean,pcm_16k,16000,2.84,train
data/tts/wavefake_00098.wav,TTS,WaveFake,SPK_Wav_098,en,SPOOF_DF,HiFi-GAN,Clean,pcm_16k,16000,2.86,test
data/tts/wavefake_00099.wav,TTS,WaveFake,SPK_Wav_099,en,SPOOF_DF,HiFi-GAN,Clean,pcm_16k,16000,3.9,validation
data/tts/wavefake_00100.wav,TTS,WaveFake,SPK_Wav_100,en,SPOOF_DF,HiFi-GAN,Clean,pcm_16k,16000,3.64,train
data/tts/wavefake_00101.wav,TTS,WaveFake,SPK_Wav_101,en,SPOOF_DF,HiFi-GAN,Clean,pcm_16k,16000,3.31,validation
data/tts/wavefake_00102.wav,TTS,WaveFake,SPK_Wav_102,en,SPOOF_DF,HiFi-GAN,Clean,pcm_16k,16000,4.24,test
data/tts/wavefake_00103.wav,TTS,WaveFake,SPK_Wav_103,en,SPOOF_DF,HiFi-GAN,Clean,pcm_16k,16000,3.2,train
data/tts/wavefake_00104.wav,TTS,WaveFake,SPK_Wav_104,en,SPOOF_DF,HiFi-GAN,Clean,pcm_16k,16000,2.92,validation
data/tts/wavefake_00105.wav,TTS,WaveFake,SPK_Wav_105,en,SPOOF_DF,HiFi-GAN,Clean,pcm_16k,16000,3.14,train
data/tts/wavefake_00106.wav,TTS,WaveFake,SPK_Wav_106,en,SPOOF_DF,HiFi-GAN,Clean,pcm_16k,16000,2.83,validation
data/tts/wavefake_00107.wav,TTS,WaveFake,SPK_Wav_107,en,SPOOF_DF,HiFi-GAN,Clean,pcm_16k,16000,3.59,train
data/tts/wavefake_00108.wav,TTS,WaveFake,SPK_Wav_108,en,SPOOF_DF,HiFi-GAN,Clean,pcm_16k,16000,3.66,validation
data/tts/wavefake_00109.wav,TTS,WaveFake,SPK_Wav_109,en,SPOOF_DF,HiFi-GAN,Clean,pcm_16k,16000,3.67,validation
data/tts/wavefake_00110.wav,TTS,WaveFake,SPK_Wav_110,en,SPOOF_DF,HiFi-GAN,Clean,pcm_16k,16000,3.95,train
data/tts/wavefake_00111.wav,TTS,WaveFake,SPK_Wav_111,en,SPOOF_DF,HiFi-GAN,Clean,pcm_16k,16000,3.8,test
data/tts/wavefake_00112.wav,TTS,WaveFake,SPK_Wav_112,en,SPOOF_DF,HiFi-GAN,Clean,pcm_16k,16000,4.06,train
data/tts/wavefake_00113.wav,TTS,WaveFake,SPK_Wav_113,en,SPOOF_DF,HiFi-GAN,Clean,pcm_16k,16000,3.75,train
data/tts/wavefake_00114.wav,TTS,WaveFake,SPK_Wav_114,en,SPOOF_DF,HiFi-GAN,Clean,pcm_16k,16000,3.18,validation
data/tts/wavefake_00115.wav,TTS,WaveFake,SPK_Wav_115,en,SPOOF_DF,HiFi-GAN,Clean,pcm_16k,16000,3.53,train
data/tts/wavefake_00116.wav,TTS,WaveFake,SPK_Wav_116,en,SPOOF_DF,HiFi-GAN,Clean,pcm_16k,16000,3.52,train
data/tts/wavefake_00117.wav,TTS,WaveFake,SPK_Wav_117,en,SPOOF_DF,HiFi-GAN,Clean,pcm_16k,16000,3.9,train
data/tts/wavefake_00118.wav,TTS,WaveFake,SPK_Wav_118,en,SPOOF_DF,HiFi-GAN,Clean,pcm_16k,16000,3.17,train
data/tts/wavefake_00119.wav,TTS,WaveFake,SPK_Wav_119,en,SPOOF_DF,HiFi-GAN,Clean,pcm_16k,16000,2.79,test
data/tts/wavefake_00120.wav,TTS,WaveFake,SPK_Wav_000,en,SPOOF_DF,HiFi-GAN,Clean,pcm_16k,16000,4.14,train
data/tts/wavefake_00121.wav,TTS,WaveFake,SPK_Wav_001,en,SPOOF_DF,HiFi-GAN,Clean,pcm_16k,16000,4.23,validation
data/tts/wavefake_00122.wav,TTS,WaveFake,SPK_Wav_002,en,SPOOF_DF,HiFi-GAN,Clean,pcm_16k,16000,3.49,validation
data/tts/wavefake_00123.wav,TTS,WaveFake,SPK_Wav_003,en,SPOOF_DF,HiFi-GAN,Clean,pcm_16k,16000,2.88,train
data/tts/wavefake_00124.wav,TTS,WaveFake,SPK_Wav_004,en,SPOOF_DF,HiFi-GAN,Clean,pcm_16k,16000,3.5,validation
data/tts/wavefake_00125.wav,TTS,WaveFake,SPK_Wav_005,en,SPOOF_DF,HiFi-GAN,Clean,pcm_16k,16000,3.65,train
data/tts/wavefake_00126.wav,TTS,WaveFake,SPK_Wav_006,en,SPOOF_DF,HiFi-GAN,Clean,pcm_16k,16000,3.55,test
data/tts/wavefake_00127.wav,TTS,WaveFake,SPK_Wav_007,en,SPOOF_DF,HiFi-GAN,Clean,pcm_16k,16000,4.26,train
data/tts/wavefake_00128.wav,TTS,WaveFake,SPK_Wav_008,en,SPOOF_DF,HiFi-GAN,Clean,pcm_16k,16000,4.28,train
data/tts/wavefake_00129.wav,TTS,WaveFake,SPK_Wav_009,en,SPOOF_DF,HiFi-GAN,Clean,pcm_16k,16000,4.19,train
data/tts/wavefake_00130.wav,TTS,WaveFake,SPK_Wav_010,en,SPOOF_DF,HiFi-GAN,Clean,pcm_16k,16000,2.91,train
data/tts/wavefake_00131.wav,TTS,WaveFake,SPK_Wav_011,en,SPOOF_DF,HiFi-GAN,Clean,pcm_16k,16000,4.08,train
data/tts/wavefake_00132.wav,TTS,WaveFake,SPK_Wav_012,en,SPOOF_DF,HiFi-GAN,Clean,pcm_16k,16000,3.61,train
data/tts/wavefake_00133.wav,TTS,WaveFake,SPK_Wav_013,en,SPOOF_DF,HiFi-GAN,Clean,pcm_16k,16000,3.28,train
data/tts/wavefake_00134.wav,TTS,WaveFake,SPK_Wav_014,en,SPOOF_DF,HiFi-GAN,Clean,pcm_16k,16000,3.79,train
data/tts/wavefake_00135.wav,TTS,WaveFake,SPK_Wav_015,en,SPOOF_DF,HiFi-GAN,Clean,pcm_16k,16000,3.92,train
data/tts/wavefake_00136.wav,TTS,WaveFake,SPK_Wav_016,en,SPOOF_DF,HiFi-GAN,Clean,pcm_16k,16000,4.23,test
data/tts/wavefake_00137.wav,TTS,WaveFake,SPK_Wav_017,en,SPOOF_DF,HiFi-GAN,Clean,pcm_16k,16000,3.93,train
data/tts/wavefake_00138.wav,TTS,WaveFake,SPK_Wav_018,en,SPOOF_DF,HiFi-GAN,Clean,pcm_16k,16000,2.73,train
data/tts/wavefake_00139.wav,TTS,WaveFake,SPK_Wav_019,en,SPOOF_DF,HiFi-GAN,Clean,pcm_16k,16000,2.81,train
data/tts/wavefake_00140.wav,TTS,WaveFake,SPK_Wav_020,en,SPOOF_DF,HiFi-GAN,Clean,pcm_16k,16000,3.12,test
data/tts/wavefake_00141.wav,TTS,WaveFake,SPK_Wav_021,en,SPOOF_DF,HiFi-GAN,Clean,pcm_16k,16000,2.76,train
data/tts/wavefake_00142.wav,TTS,WaveFake,SPK_Wav_022,en,SPOOF_DF,HiFi-GAN,Clean,pcm_16k,16000,2.8,train
data/tts/wavefake_00143.wav,TTS,WaveFake,SPK_Wav_023,en,SPOOF_DF,HiFi-GAN,Clean,pcm_16k,16000,3.96,test
data/tts/wavefake_00144.wav,TTS,WaveFake,SPK_Wav_024,en,SPOOF_DF,HiFi-GAN,Clean,pcm_16k,16000,3.51,test
data/tts/wavefake_00145.wav,TTS,WaveFake,SPK_Wav_025,en,SPOOF_DF,HiFi-GAN,Clean,pcm_16k,16000,3.71,test
data/tts/wavefake_00146.wav,TTS,WaveFake,SPK_Wav_026,en,SPOOF_DF,HiFi-GAN,Clean,pcm_16k,16000,3.5,train
data/tts/wavefake_00147.wav,TTS,WaveFake,SPK_Wav_027,en,SPOOF_DF,HiFi-GAN,Clean,pcm_16k,16000,3.36,validation
data/tts/wavefake_00148.wav,TTS,WaveFake,SPK_Wav_028,en,SPOOF_DF,HiFi-GAN,Clean,pcm_16k,16000,3.82,train
data/tts/wavefake_00149.wav,TTS,WaveFake,SPK_Wav_029,en,SPOOF_DF,HiFi-GAN,Clean,pcm_16k,16000,2.83,train
data/tts/wavefake_00150.wav,TTS,WaveFake,SPK_Wav_030,en,SPOOF_DF,HiFi-GAN,Clean,pcm_16k,16000,3.56,test
data/tts/wavefake_00151.wav,TTS,WaveFake,SPK_Wav_031,en,SPOOF_DF,HiFi-GAN,Clean,pcm_16k,16000,3.69,train
data/tts/wavefake_00152.wav,TTS,WaveFake,SPK_Wav_032,en,SPOOF_DF,HiFi-GAN,Clean,pcm_16k,16000,3.14,train
data/tts/wavefake_00153.wav,TTS,WaveFake,SPK_Wav_033,en,SPOOF_DF,HiFi-GAN,Clean,pcm_16k,16000,3.2,train
data/tts/wavefake_00154.wav,TTS,WaveFake,SPK_Wav_034,en,SPOOF_DF,HiFi-GAN,Clean,pcm_16k,16000,3.52,train
data/tts/wavefake_00155.wav,TTS,WaveFake,SPK_Wav_035,en,SPOOF_DF,HiFi-GAN,Clean,pcm_16k,16000,3.03,train
data/tts/wavefake_00156.wav,TTS,WaveFake,SPK_Wav_036,en,SPOOF_DF,HiFi-GAN,Clean,pcm_16k,16000,3.99,train
data/tts/wavefake_00157.wav,TTS,WaveFake,SPK_Wav_037,en,SPOOF_DF,HiFi-GAN,Clean,pcm_16k,16000,3.56,validation
data/tts/wavefake_00158.wav,TTS,WaveFake,SPK_Wav_038,en,SPOOF_DF,HiFi-GAN,Clean,pcm_16k,16000,3.33,train
data/tts/wavefake_00159.wav,TTS,WaveFake,SPK_Wav_039,en,SPOOF_DF,HiFi-GAN,Clean,pcm_16k,16000,3.71,train
data/tts/wavefake_00160.wav,TTS,WaveFake,SPK_Wav_040,en,SPOOF_DF,HiFi-GAN,Clean,pcm_16k,16000,4.04,train
data/tts/wavefake_00161.wav,TTS,WaveFake,SPK_Wav_041,en,SPOOF_DF,HiFi-GAN,Clean,pcm_16k,16000,3.79,train
data/tts/wavefake_00162.wav,TTS,WaveFake,SPK_Wav_042,en,SPOOF_DF,HiFi-GAN,Clean,pcm_16k,16000,2.81,train
data/tts/wavefake_00163.wav,TTS,WaveFake,SPK_Wav_043,en,SPOOF_DF,HiFi-GAN,Clean,pcm_16k,16000,3.82,train
data/tts/wavefake_00164.wav,TTS,WaveFake,SPK_Wav_044,en,SPOOF_DF,HiFi-GAN,Clean,pcm_16k,16000,3.87,validation
data/tts/wavefake_00165.wav,TTS,WaveFake,SPK_Wav_045,en,SPOOF_DF,HiFi-GAN,Clean,pcm_16k,16000,4.05,train
data/tts/wavefake_00166.wav,TTS,WaveFake,SPK_Wav_046,en,SPOOF_DF,HiFi-GAN,Clean,pcm_16k,16000,2.79,train
data/tts/wavefake_00167.wav,TTS,WaveFake,SPK_Wav_047,en,SPOOF_DF,HiFi-GAN,Clean,pcm_16k,16000,2.84,test
data/tts/wavefake_00168.wav,TTS,WaveFake,SPK_Wav_048,en,SPOOF_DF,HiFi-GAN,Clean,pcm_16k,16000,3.4,train
data/tts/wavefake_00169.wav,TTS,WaveFake,SPK_Wav_049,en,SPOOF_DF,HiFi-GAN,Clean,pcm_16k,16000,3.43,test
data/tts/wavefake_00170.wav,TTS,WaveFake,SPK_Wav_050,en,SPOOF_DF,HiFi-GAN,Clean,pcm_16k,16000,3.67,train
data/tts/wavefake_00171.wav,TTS,WaveFake,SPK_Wav_051,en,SPOOF_DF,HiFi-GAN,Clean,pcm_16k,16000,3.19,train
data/tts/wavefake_00172.wav,TTS,WaveFake,SPK_Wav_052,en,SPOOF_DF,HiFi-GAN,Clean,pcm_16k,16000,3.89,train
data/tts/wavefake_00173.wav,TTS,WaveFake,SPK_Wav_053,en,SPOOF_DF,HiFi-GAN,Clean,pcm_16k,16000,3.89,train
data/tts/wavefake_00174.wav,TTS,WaveFake,SPK_Wav_054,en,SPOOF_DF,HiFi-GAN,Clean,pcm_16k,16000,2.89,train
data/tts/wavefake_00175.wav,TTS,WaveFake,SPK_Wav_055,en,SPOOF_DF,HiFi-GAN,Clean,pcm_16k,16000,3.83,train
data/tts/wavefake_00176.wav,TTS,WaveFake,SPK_Wav_056,en,SPOOF_DF,HiFi-GAN,Clean,pcm_16k,16000,3.82,test
data/tts/wavefake_00177.wav,TTS,WaveFake,SPK_Wav_057,en,SPOOF_DF,HiFi-GAN,Clean,pcm_16k,16000,2.96,train
data/tts/wavefake_00178.wav,TTS,WaveFake,SPK_Wav_058,en,SPOOF_DF,HiFi-GAN,Clean,pcm_16k,16000,4.22,train
data/tts/wavefake_00179.wav,TTS,WaveFake,SPK_Wav_059,en,SPOOF_DF,HiFi-GAN,Clean,pcm_16k,16000,3.54,test
data/tts/wavefake_00180.wav,TTS,WaveFake,SPK_Wav_060,en,SPOOF_DF,HiFi-GAN,Clean,pcm_16k,16000,3.95,train
data/tts/wavefake_00181.wav,TTS,WaveFake,SPK_Wav_061,en,SPOOF_DF,HiFi-GAN,Clean,pcm_16k,16000,3.85,train
data/tts/wavefake_00182.wav,TTS,WaveFake,SPK_Wav_062,en,SPOOF_DF,HiFi-GAN,Clean,pcm_16k,16000,2.97,train
data/tts/wavefake_00183.wav,TTS,WaveFake,SPK_Wav_063,en,SPOOF_DF,HiFi-GAN,Clean,pcm_16k,16000,2.9,train
data/tts/wavefake_00184.wav,TTS,WaveFake,SPK_Wav_064,en,SPOOF_DF,HiFi-GAN,Clean,pcm_16k,16000,3.95,train
data/tts/wavefake_00185.wav,TTS,WaveFake,SPK_Wav_065,en,SPOOF_DF,HiFi-GAN,Clean,pcm_16k,16000,3.13,validation
data/tts/wavefake_00186.wav,TTS,WaveFake,SPK_Wav_066,en,SPOOF_DF,HiFi-GAN,Clean,pcm_16k,16000,4.12,test
data/tts/wavefake_00187.wav,TTS,WaveFake,SPK_Wav_067,en,SPOOF_DF,HiFi-GAN,Clean,pcm_16k,16000,3.93,validation
data/tts/wavefake_00188.wav,TTS,WaveFake,SPK_Wav_068,en,SPOOF_DF,HiFi-GAN,Clean,pcm_16k,16000,2.75,train
data/tts/wavefake_00189.wav,TTS,WaveFake,SPK_Wav_069,en,SPOOF_DF,HiFi-GAN,Clean,pcm_16k,16000,3.99,train
data/tts/wavefake_00190.wav,TTS,WaveFake,SPK_Wav_070,en,SPOOF_DF,HiFi-GAN,Clean,pcm_16k,16000,3.14,train
data/tts/wavefake_00191.wav,TTS,WaveFake,SPK_Wav_071,en,SPOOF_DF,HiFi-GAN,Clean,pcm_16k,16000,2.8,train
data/tts/wavefake_00192.wav,TTS,WaveFake,SPK_Wav_072,en,SPOOF_DF,HiFi-GAN,Clean,pcm_16k,16000,3.84,validation
data/tts/wavefake_00193.wav,TTS,WaveFake,SPK_Wav_073,en,SPOOF_DF,HiFi-GAN,Clean,pcm_16k,16000,3.62,train
data/tts/wavefake_00194.wav,TTS,WaveFake,SPK_Wav_074,en,SPOOF_DF,HiFi-GAN,Clean,pcm_16k,16000,2.82,test
data/tts/wavefake_00195.wav,TTS,WaveFake,SPK_Wav_075,en,SPOOF_DF,HiFi-GAN,Clean,pcm_16k,16000,3.43,train
data/tts/wavefake_00196.wav,TTS,WaveFake,SPK_Wav_076,en,SPOOF_DF,HiFi-GAN,Clean,pcm_16k,16000,3.28,test
data/tts/wavefake_00197.wav,TTS,WaveFake,SPK_Wav_077,en,SPOOF_DF,HiFi-GAN,Clean,pcm_16k,16000,3.5,test
data/tts/wavefake_00198.wav,TTS,WaveFake,SPK_Wav_078,en,SPOOF_DF,HiFi-GAN,Clean,pcm_16k,16000,3.61,train
data/tts/wavefake_00199.wav,TTS,WaveFake,SPK_Wav_079,en,SPOOF_DF,HiFi-GAN,Clean,pcm_16k,16000,3.29,train
data/tts/wavefake_00200.wav,TTS,WaveFake,SPK_Wav_080,en,SPOOF_DF,HiFi-GAN,Clean,pcm_16k,16000,3.11,train
data/tts/wavefake_00201.wav,TTS,WaveFake,SPK_Wav_081,en,SPOOF_DF,HiFi-GAN,Clean,pcm_16k,16000,2.86,train
data/tts/wavefake_00202.wav,TTS,WaveFake,SPK_Wav_082,en,SPOOF_DF,HiFi-GAN,Clean,pcm_16k,16000,3.62,validation
data/tts/wavefake_00203.wav,TTS,WaveFake,SPK_Wav_083,en,SPOOF_DF,HiFi-GAN,Clean,pcm_16k,16000,3.86,train
data/tts/wavefake_00204.wav,TTS,WaveFake,SPK_Wav_084,en,SPOOF_DF,HiFi-GAN,Clean,pcm_16k,16000,3.07,train
data/tts/wavefake_00205.wav,TTS,WaveFake,SPK_Wav_085,en,SPOOF_DF,HiFi-GAN,Clean,pcm_16k,16000,3.51,validation
data/tts/wavefake_00206.wav,TTS,WaveFake,SPK_Wav_086,en,SPOOF_DF,HiFi-GAN,Clean,pcm_16k,16000,2.77,train
data/tts/wavefake_00207.wav,TTS,WaveFake,SPK_Wav_087,en,SPOOF_DF,HiFi-GAN,Clean,pcm_16k,16000,4.08,train
data/tts/wavefake_00208.wav,TTS,WaveFake,SPK_Wav_088,en,SPOOF_DF,HiFi-GAN,Clean,pcm_16k,16000,3.09,train
data/tts/wavefake_00209.wav,TTS,WaveFake,SPK_Wav_089,en,SPOOF_DF,HiFi-GAN,Clean,pcm_16k,16000,3.45,train
data/tts/wavefake_00210.wav,TTS,WaveFake,SPK_Wav_090,en,SPOOF_DF,HiFi-GAN,Clean,pcm_16k,16000,3.31,train
data/tts/wavefake_00211.wav,TTS,WaveFake,SPK_Wav_091,en,SPOOF_DF,HiFi-GAN,Clean,pcm_16k,16000,2.94,train
data/tts/wavefake_00212.wav,TTS,WaveFake,SPK_Wav_092,en,SPOOF_DF,HiFi-GAN,Clean,pcm_16k,16000,4.19,train
data/tts/wavefake_00213.wav,TTS,WaveFake,SPK_Wav_093,en,SPOOF_DF,HiFi-GAN,Clean,pcm_16k,16000,4.07,train
data/tts/wavefake_00214.wav,TTS,WaveFake,SPK_Wav_094,en,SPOOF_DF,HiFi-GAN,Clean,pcm_16k,16000,3.58,train
data/tts/wavefake_00215.wav,TTS,WaveFake,SPK_Wav_095,en,SPOOF_DF,HiFi-GAN,Clean,pcm_16k,16000,4.16,train
data/tts/wavefake_00216.wav,TTS,WaveFake,SPK_Wav_096,en,SPOOF_DF,HiFi-GAN,Clean,pcm_16k,16000,3.89,train
data/tts/wavefake_00217.wav,TTS,WaveFake,SPK_Wav_097,en,SPOOF_DF,HiFi-GAN,Clean,pcm_16k,16000,3.37,train
data/tts/wavefake_00218.wav,TTS,WaveFake,SPK_Wav_098,en,SPOOF_DF,HiFi-GAN,Clean,pcm_16k,16000,3.21,test
data/tts/wavefake_00219.wav,TTS,WaveFake,SPK_Wav_099,en,SPOOF_DF,HiFi-GAN,Clean,pcm_16k,16000,3.37,validation
data/tts/wavefake_00220.wav,TTS,WaveFake,SPK_Wav_100,en,SPOOF_DF,HiFi-GAN,Clean,pcm_16k,16000,3.85,train
data/tts/wavefake_00221.wav,TTS,WaveFake,SPK_Wav_101,en,SPOOF_DF,HiFi-GAN,Clean,pcm_16k,16000,3.13,validation
data/tts/wavefake_00222.wav,TTS,WaveFake,SPK_Wav_102,en,SPOOF_DF,HiFi-GAN,Clean,pcm_16k,16000,2.82,test
data/tts/wavefake_00223.wav,TTS,WaveFake,SPK_Wav_103,en,SPOOF_DF,HiFi-GAN,Clean,pcm_16k,16000,3.3,train
data/tts/wavefake_00224.wav,TTS,WaveFake,SPK_Wav_104,en,SPOOF_DF,HiFi-GAN,Clean,pcm_16k,16000,3.5,validation
data/tts/wavefake_00225.wav,TTS,WaveFake,SPK_Wav_105,en,SPOOF_DF,HiFi-GAN,Clean,pcm_16k,16000,4.14,train
data/tts/wavefake_00226.wav,TTS,WaveFake,SPK_Wav_106,en,SPOOF_DF,HiFi-GAN,Clean,pcm_16k,16000,2.99,validation
data/tts/wavefake_00227.wav,TTS,WaveFake,SPK_Wav_107,en,SPOOF_DF,HiFi-GAN,Clean,pcm_16k,16000,3.99,train
data/tts/wavefake_00228.wav,TTS,WaveFake,SPK_Wav_108,en,SPOOF_DF,HiFi-GAN,Clean,pcm_16k,16000,4.27,validation
data/tts/wavefake_00229.wav,TTS,WaveFake,SPK_Wav_109,en,SPOOF_DF,HiFi-GAN,Clean,pcm_16k,16000,4.23,validation
data/tts/wavefake_00230.wav,TTS,WaveFake,SPK_Wav_110,en,SPOOF_DF,HiFi-GAN,Clean,pcm_16k,16000,2.81,train
data/tts/wavefake_00231.wav,TTS,WaveFake,SPK_Wav_111,en,SPOOF_DF,HiFi-GAN,Clean,pcm_16k,16000,3.44,test
data/tts/wavefake_00232.wav,TTS,WaveFake,SPK_Wav_112,en,SPOOF_DF,HiFi-GAN,Clean,pcm_16k,16000,3.15,train
data/tts/wavefake_00233.wav,TTS,WaveFake,SPK_Wav_113,en,SPOOF_DF,HiFi-GAN,Clean,pcm_16k,16000,4.05,train
data/tts/wavefake_00234.wav,TTS,WaveFake,SPK_Wav_114,en,SPOOF_DF,HiFi-GAN,Clean,pcm_16k,16000,3.22,validation
data/tts/wavefake_00235.wav,TTS,WaveFake,SPK_Wav_115,en,SPOOF_DF,HiFi-GAN,Clean,pcm_16k,16000,3.58,train
data/tts/wavefake_00236.wav,TTS,WaveFake,SPK_Wav_116,en,SPOOF_DF,HiFi-GAN,Clean,pcm_16k,16000,2.71,train
data/tts/wavefake_00237.wav,TTS,WaveFake,SPK_Wav_117,en,SPOOF_DF,HiFi-GAN,Clean,pcm_16k,16000,3.02,train
data/tts/wavefake_00238.wav,TTS,WaveFake,SPK_Wav_118,en,SPOOF_DF,HiFi-GAN,Clean,pcm_16k,16000,3.6,train
data/tts/wavefake_00239.wav,TTS,WaveFake,SPK_Wav_119,en,SPOOF_DF,HiFi-GAN,Clean,pcm_16k,16000,3.19,test
data/tts/wavefake_00240.wav,TTS,WaveFake,SPK_Wav_000,en,SPOOF_DF,HiFi-GAN,Clean,pcm_16k,16000,3.7,train
data/tts/wavefake_00241.wav,TTS,WaveFake,SPK_Wav_001,en,SPOOF_DF,HiFi-GAN,Clean,pcm_16k,16000,3.44,validation
data/tts/wavefake_00242.wav,TTS,WaveFake,SPK_Wav_002,en,SPOOF_DF,HiFi-GAN,Clean,pcm_16k,16000,3.65,validation
data/tts/wavefake_00243.wav,TTS,WaveFake,SPK_Wav_003,en,SPOOF_DF,HiFi-GAN,Clean,pcm_16k,16000,3.49,train
data/tts/wavefake_00244.wav,TTS,WaveFake,SPK_Wav_004,en,SPOOF_DF,HiFi-GAN,Clean,pcm_16k,16000,3.94,validation
data/tts/wavefake_00245.wav,TTS,WaveFake,SPK_Wav_005,en,SPOOF_DF,HiFi-GAN,Clean,pcm_16k,16000,3.01,train
data/tts/wavefake_00246.wav,TTS,WaveFake,SPK_Wav_006,en,SPOOF_DF,HiFi-GAN,Clean,pcm_16k,16000,4.14,test
data/tts/wavefake_00247.wav,TTS,WaveFake,SPK_Wav_007,en,SPOOF_DF,HiFi-GAN,Clean,pcm_16k,16000,3.92,train
data/tts/wavefake_00248.wav,TTS,WaveFake,SPK_Wav_008,en,SPOOF_DF,HiFi-GAN,Clean,pcm_16k,16000,3.09,train
data/tts/wavefake_00249.wav,TTS,WaveFake,SPK_Wav_009,en,SPOOF_DF,HiFi-GAN,Clean,pcm_16k,16000,2.71,train
data/tts/wavefake_00250.wav,TTS,WaveFake,SPK_Wav_010,en,SPOOF_DF,HiFi-GAN,Clean,pcm_16k,16000,3.36,train
data/tts/wavefake_00251.wav,TTS,WaveFake,SPK_Wav_011,en,SPOOF_DF,HiFi-GAN,Clean,pcm_16k,16000,3.07,train
data/tts/wavefake_00252.wav,TTS,WaveFake,SPK_Wav_012,en,SPOOF_DF,HiFi-GAN,Clean,pcm_16k,16000,3.25,train
data/tts/wavefake_00253.wav,TTS,WaveFake,SPK_Wav_013,en,SPOOF_DF,HiFi-GAN,Clean,pcm_16k,16000,4.04,train
data/tts/wavefake_00254.wav,TTS,WaveFake,SPK_Wav_014,en,SPOOF_DF,HiFi-GAN,Clean,pcm_16k,16000,4.1,train
data/tts/wavefake_00255.wav,TTS,WaveFake,SPK_Wav_015,en,SPOOF_DF,HiFi-GAN,Clean,pcm_16k,16000,4.22,train
data/tts/wavefake_00256.wav,TTS,WaveFake,SPK_Wav_016,en,SPOOF_DF,HiFi-GAN,Clean,pcm_16k,16000,2.7,test
data/tts/wavefake_00257.wav,TTS,WaveFake,SPK_Wav_017,en,SPOOF_DF,HiFi-GAN,Clean,pcm_16k,16000,3.75,train
data/tts/wavefake_00258.wav,TTS,WaveFake,SPK_Wav_018,en,SPOOF_DF,HiFi-GAN,Clean,pcm_16k,16000,4.06,train
data/tts/wavefake_00259.wav,TTS,WaveFake,SPK_Wav_019,en,SPOOF_DF,HiFi-GAN,Clean,pcm_16k,16000,3.86,train
data/tts/wavefake_00260.wav,TTS,WaveFake,SPK_Wav_020,en,SPOOF_DF,HiFi-GAN,Clean,pcm_16k,16000,2.87,test
data/tts/wavefake_00261.wav,TTS,WaveFake,SPK_Wav_021,en,SPOOF_DF,HiFi-GAN,Clean,pcm_16k,16000,3.55,train
data/tts/wavefake_00262.wav,TTS,WaveFake,SPK_Wav_022,en,SPOOF_DF,HiFi-GAN,Clean,pcm_16k,16000,3.08,train
data/tts/wavefake_00263.wav,TTS,WaveFake,SPK_Wav_023,en,SPOOF_DF,HiFi-GAN,Clean,pcm_16k,16000,3.49,test
data/tts/wavefake_00264.wav,TTS,WaveFake,SPK_Wav_024,en,SPOOF_DF,HiFi-GAN,Clean,pcm_16k,16000,2.8,test
data/tts/wavefake_00265.wav,TTS,WaveFake,SPK_Wav_025,en,SPOOF_DF,HiFi-GAN,Clean,pcm_16k,16000,4.3,test
data/tts/wavefake_00266.wav,TTS,WaveFake,SPK_Wav_026,en,SPOOF_DF,HiFi-GAN,Clean,pcm_16k,16000,3.84,train
data/tts/wavefake_00267.wav,TTS,WaveFake,SPK_Wav_027,en,SPOOF_DF,HiFi-GAN,Clean,pcm_16k,16000,2.85,validation
data/tts/wavefake_00268.wav,TTS,WaveFake,SPK_Wav_028,en,SPOOF_DF,HiFi-GAN,Clean,pcm_16k,16000,4.17,train
data/tts/wavefake_00269.wav,TTS,WaveFake,SPK_Wav_029,en,SPOOF_DF,HiFi-GAN,Clean,pcm_16k,16000,4.14,train
data/tts/wavefake_00270.wav,TTS,WaveFake,SPK_Wav_030,en,SPOOF_DF,HiFi-GAN,Clean,pcm_16k,16000,3.53,test
data/tts/wavefake_00271.wav,TTS,WaveFake,SPK_Wav_031,en,SPOOF_DF,HiFi-GAN,Clean,pcm_16k,16000,3.82,train
data/tts/wavefake_00272.wav,TTS,WaveFake,SPK_Wav_032,en,SPOOF_DF,HiFi-GAN,Clean,pcm_16k,16000,3.3,train
data/tts/wavefake_00273.wav,TTS,WaveFake,SPK_Wav_033,en,SPOOF_DF,HiFi-GAN,Clean,pcm_16k,16000,4.26,train
data/tts/wavefake_00274.wav,TTS,WaveFake,SPK_Wav_034,en,SPOOF_DF,HiFi-GAN,Clean,pcm_16k,16000,2.84,train
data/tts/wavefake_00275.wav,TTS,WaveFake,SPK_Wav_035,en,SPOOF_DF,HiFi-GAN,Clean,pcm_16k,16000,2.85,train
data/tts/wavefake_00276.wav,TTS,WaveFake,SPK_Wav_036,en,SPOOF_DF,HiFi-GAN,Clean,pcm_16k,16000,2.91,train
data/tts/wavefake_00277.wav,TTS,WaveFake,SPK_Wav_037,en,SPOOF_DF,HiFi-GAN,Clean,pcm_16k,16000,4.01,validation
data/tts/wavefake_00278.wav,TTS,WaveFake,SPK_Wav_038,en,SPOOF_DF,HiFi-GAN,Clean,pcm_16k,16000,2.82,train
data/tts/wavefake_00279.wav,TTS,WaveFake,SPK_Wav_039,en,SPOOF_DF,HiFi-GAN,Clean,pcm_16k,16000,3.61,train
data/tts/wavefake_00280.wav,TTS,WaveFake,SPK_Wav_040,en,SPOOF_DF,HiFi-GAN,Clean,pcm_16k,16000,3.4,train
data/tts/wavefake_00281.wav,TTS,WaveFake,SPK_Wav_041,en,SPOOF_DF,HiFi-GAN,Clean,pcm_16k,16000,4.24,train
data/tts/wavefake_00282.wav,TTS,WaveFake,SPK_Wav_042,en,SPOOF_DF,HiFi-GAN,Clean,pcm_16k,16000,3.08,train
data/tts/wavefake_00283.wav,TTS,WaveFake,SPK_Wav_043,en,SPOOF_DF,HiFi-GAN,Clean,pcm_16k,16000,3.12,train
data/tts/wavefake_00284.wav,TTS,WaveFake,SPK_Wav_044,en,SPOOF_DF,HiFi-GAN,Clean,pcm_16k,16000,3.2,validation
data/tts/wavefake_00285.wav,TTS,WaveFake,SPK_Wav_045,en,SPOOF_DF,HiFi-GAN,Clean,pcm_16k,16000,3.98,train
data/tts/wavefake_00286.wav,TTS,WaveFake,SPK_Wav_046,en,SPOOF_DF,HiFi-GAN,Clean,pcm_16k,16000,3.82,train
data/tts/wavefake_00287.wav,TTS,WaveFake,SPK_Wav_047,en,SPOOF_DF,HiFi-GAN,Clean,pcm_16k,16000,3.88,test
data/tts/wavefake_00288.wav,TTS,WaveFake,SPK_Wav_048,en,SPOOF_DF,HiFi-GAN,Clean,pcm_16k,16000,3.21,train
data/tts/wavefake_00289.wav,TTS,WaveFake,SPK_Wav_049,en,SPOOF_DF,HiFi-GAN,Clean,pcm_16k,16000,3.14,test
data/tts/wavefake_00290.wav,TTS,WaveFake,SPK_Wav_050,en,SPOOF_DF,HiFi-GAN,Clean,pcm_16k,16000,2.82,train
data/tts/wavefake_00291.wav,TTS,WaveFake,SPK_Wav_051,en,SPOOF_DF,HiFi-GAN,Clean,pcm_16k,16000,3.02,train
data/tts/wavefake_00292.wav,TTS,WaveFake,SPK_Wav_052,en,SPOOF_DF,HiFi-GAN,Clean,pcm_16k,16000,3.95,train
data/tts/wavefake_00293.wav,TTS,WaveFake,SPK_Wav_053,en,SPOOF_DF,HiFi-GAN,Clean,pcm_16k,16000,3.64,train
data/tts/wavefake_00294.wav,TTS,WaveFake,SPK_Wav_054,en,SPOOF_DF,HiFi-GAN,Clean,pcm_16k,16000,2.95,train
data/tts/wavefake_00295.wav,TTS,WaveFake,SPK_Wav_055,en,SPOOF_DF,HiFi-GAN,Clean,pcm_16k,16000,2.96,train
data/tts/wavefake_00296.wav,TTS,WaveFake,SPK_Wav_056,en,SPOOF_DF,HiFi-GAN,Clean,pcm_16k,16000,3.45,test
data/tts/wavefake_00297.wav,TTS,WaveFake,SPK_Wav_057,en,SPOOF_DF,HiFi-GAN,Clean,pcm_16k,16000,3.35,train
data/tts/wavefake_00298.wav,TTS,WaveFake,SPK_Wav_058,en,SPOOF_DF,HiFi-GAN,Clean,pcm_16k,16000,3.56,train
data/tts/wavefake_00299.wav,TTS,WaveFake,SPK_Wav_059,en,SPOOF_DF,HiFi-GAN,Clean,pcm_16k,16000,4.24,test
data/tts/wavefake_00300.wav,TTS,WaveFake,SPK_Wav_060,en,SPOOF_DF,HiFi-GAN,Clean,pcm_16k,16000,3.03,train
data/tts/wavefake_00301.wav,TTS,WaveFake,SPK_Wav_061,en,SPOOF_DF,HiFi-GAN,Clean,pcm_16k,16000,3.19,train
data/tts/wavefake_00302.wav,TTS,WaveFake,SPK_Wav_062,en,SPOOF_DF,HiFi-GAN,Clean,pcm_16k,16000,3.12,train
data/tts/wavefake_00303.wav,TTS,WaveFake,SPK_Wav_063,en,SPOOF_DF,HiFi-GAN,Clean,pcm_16k,16000,2.89,train
data/tts/wavefake_00304.wav,TTS,WaveFake,SPK_Wav_064,en,SPOOF_DF,HiFi-GAN,Clean,pcm_16k,16000,2.95,train
data/tts/wavefake_00305.wav,TTS,WaveFake,SPK_Wav_065,en,SPOOF_DF,HiFi-GAN,Clean,pcm_16k,16000,3.8,validation
data/tts/wavefake_00306.wav,TTS,WaveFake,SPK_Wav_066,en,SPOOF_DF,HiFi-GAN,Clean,pcm_16k,16000,4.02,test
data/tts/wavefake_00307.wav,TTS,WaveFake,SPK_Wav_067,en,SPOOF_DF,HiFi-GAN,Clean,pcm_16k,16000,3.82,validation
data/tts/wavefake_00308.wav,TTS,WaveFake,SPK_Wav_068,en,SPOOF_DF,HiFi-GAN,Clean,pcm_16k,16000,2.76,train
data/tts/wavefake_00309.wav,TTS,WaveFake,SPK_Wav_069,en,SPOOF_DF,HiFi-GAN,Clean,pcm_16k,16000,4.04,train
data/tts/wavefake_00310.wav,TTS,WaveFake,SPK_Wav_070,en,SPOOF_DF,HiFi-GAN,Clean,pcm_16k,16000,3.22,train
data/tts/wavefake_00311.wav,TTS,WaveFake,SPK_Wav_071,en,SPOOF_DF,HiFi-GAN,Clean,pcm_16k,16000,2.85,train
data/tts/wavefake_00312.wav,TTS,WaveFake,SPK_Wav_072,en,SPOOF_DF,HiFi-GAN,Clean,pcm_16k,16000,3.1,validation
data/tts/wavefake_00313.wav,TTS,WaveFake,SPK_Wav_073,en,SPOOF_DF,HiFi-GAN,Clean,pcm_16k,16000,3.27,train
data/tts/wavefake_00314.wav,TTS,WaveFake,SPK_Wav_074,en,SPOOF_DF,HiFi-GAN,Clean,pcm_16k,16000,3.52,test
data/tts/wavefake_00315.wav,TTS,WaveFake,SPK_Wav_075,en,SPOOF_DF,HiFi-GAN,Clean,pcm_16k,16000,3.78,train
data/tts/wavefake_00316.wav,TTS,WaveFake,SPK_Wav_076,en,SPOOF_DF,HiFi-GAN,Clean,pcm_16k,16000,3.12,test
data/tts/wavefake_00317.wav,TTS,WaveFake,SPK_Wav_077,en,SPOOF_DF,HiFi-GAN,Clean,pcm_16k,16000,4.29,test
data/tts/wavefake_00318.wav,TTS,WaveFake,SPK_Wav_078,en,SPOOF_DF,HiFi-GAN,Clean,pcm_16k,16000,2.75,train
data/tts/wavefake_00319.wav,TTS,WaveFake,SPK_Wav_079,en,SPOOF_DF,HiFi-GAN,Clean,pcm_16k,16000,3.35,train
data/tts/wavefake_00320.wav,TTS,WaveFake,SPK_Wav_080,en,SPOOF_DF,HiFi-GAN,Clean,pcm_16k,16000,3.42,train
data/tts/wavefake_00321.wav,TTS,WaveFake,SPK_Wav_081,en,SPOOF_DF,HiFi-GAN,Clean,pcm_16k,16000,3.9,train
data/tts/wavefake_00322.wav,TTS,WaveFake,SPK_Wav_082,en,SPOOF_DF,HiFi-GAN,Clean,pcm_16k,16000,3.1,validation
data/tts/wavefake_00323.wav,TTS,WaveFake,SPK_Wav_083,en,SPOOF_DF,HiFi-GAN,Clean,pcm_16k,16000,3.44,train
data/tts/wavefake_00324.wav,TTS,WaveFake,SPK_Wav_084,en,SPOOF_DF,HiFi-GAN,Clean,pcm_16k,16000,3.99,train
data/tts/wavefake_00325.wav,TTS,WaveFake,SPK_Wav_085,en,SPOOF_DF,HiFi-GAN,Clean,pcm_16k,16000,2.92,validation
data/tts/wavefake_00326.wav,TTS,WaveFake,SPK_Wav_086,en,SPOOF_DF,HiFi-GAN,Clean,pcm_16k,16000,2.72,train
data/tts/wavefake_00327.wav,TTS,WaveFake,SPK_Wav_087,en,SPOOF_DF,HiFi-GAN,Clean,pcm_16k,16000,4.03,train
data/tts/wavefake_00328.wav,TTS,WaveFake,SPK_Wav_088,en,SPOOF_DF,HiFi-GAN,Clean,pcm_16k,16000,4.27,train
data/tts/wavefake_00329.wav,TTS,WaveFake,SPK_Wav_089,en,SPOOF_DF,HiFi-GAN,Clean,pcm_16k,16000,2.91,train
data/tts/wavefake_00330.wav,TTS,WaveFake,SPK_Wav_090,en,SPOOF_DF,HiFi-GAN,Clean,pcm_16k,16000,4.02,train
data/tts/wavefake_00331.wav,TTS,WaveFake,SPK_Wav_091,en,SPOOF_DF,HiFi-GAN,Clean,pcm_16k,16000,3.3,train
data/tts/wavefake_00332.wav,TTS,WaveFake,SPK_Wav_092,en,SPOOF_DF,HiFi-GAN,Clean,pcm_16k,16000,3.71,train
data/tts/wavefake_00333.wav,TTS,WaveFake,SPK_Wav_093,en,SPOOF_DF,HiFi-GAN,Clean,pcm_16k,16000,3.73,train
data/tts/wavefake_00334.wav,TTS,WaveFake,SPK_Wav_094,en,SPOOF_DF,HiFi-GAN,Clean,pcm_16k,16000,3.63,train
data/tts/wavefake_00335.wav,TTS,WaveFake,SPK_Wav_095,en,SPOOF_DF,HiFi-GAN,Clean,pcm_16k,16000,3.11,train
data/tts/wavefake_00336.wav,TTS,WaveFake,SPK_Wav_096,en,SPOOF_DF,HiFi-GAN,Clean,pcm_16k,16000,4.0,train
data/tts/wavefake_00337.wav,TTS,WaveFake,SPK_Wav_097,en,SPOOF_DF,HiFi-GAN,Clean,pcm_16k,16000,2.73,train
data/tts/wavefake_00338.wav,TTS,WaveFake,SPK_Wav_098,en,SPOOF_DF,HiFi-GAN,Clean,pcm_16k,16000,2.8,test
data/tts/wavefake_00339.wav,TTS,WaveFake,SPK_Wav_099,en,SPOOF_DF,HiFi-GAN,Clean,pcm_16k,16000,4.14,validation
data/tts/wavefake_00340.wav,TTS,WaveFake,SPK_Wav_100,en,SPOOF_DF,HiFi-GAN,Clean,pcm_16k,16000,3.41,train
data/tts/wavefake_00341.wav,TTS,WaveFake,SPK_Wav_101,en,SPOOF_DF,HiFi-GAN,Clean,pcm_16k,16000,2.91,validation
data/tts/wavefake_00342.wav,TTS,WaveFake,SPK_Wav_102,en,SPOOF_DF,HiFi-GAN,Clean,pcm_16k,16000,4.15,test
data/tts/wavefake_00343.wav,TTS,WaveFake,SPK_Wav_103,en,SPOOF_DF,HiFi-GAN,Clean,pcm_16k,16000,4.03,train
data/tts/wavefake_00344.wav,TTS,WaveFake,SPK_Wav_104,en,SPOOF_DF,HiFi-GAN,Clean,pcm_16k,16000,3.23,validation
data/tts/wavefake_00345.wav,TTS,WaveFake,SPK_Wav_105,en,SPOOF_DF,HiFi-GAN,Clean,pcm_16k,16000,2.77,train
data/tts/wavefake_00346.wav,TTS,WaveFake,SPK_Wav_106,en,SPOOF_DF,HiFi-GAN,Clean,pcm_16k,16000,3.44,validation
data/tts/wavefake_00347.wav,TTS,WaveFake,SPK_Wav_107,en,SPOOF_DF,HiFi-GAN,Clean,pcm_16k,16000,2.97,train
data/tts/wavefake_00348.wav,TTS,WaveFake,SPK_Wav_108,en,SPOOF_DF,HiFi-GAN,Clean,pcm_16k,16000,3.62,validation
data/tts/wavefake_00349.wav,TTS,WaveFake,SPK_Wav_109,en,SPOOF_DF,HiFi-GAN,Clean,pcm_16k,16000,4.01,validation
data/tts/wavefake_00350.wav,TTS,WaveFake,SPK_Wav_110,en,SPOOF_DF,HiFi-GAN,Clean,pcm_16k,16000,3.33,train
data/tts/wavefake_00351.wav,TTS,WaveFake,SPK_Wav_111,en,SPOOF_DF,HiFi-GAN,Clean,pcm_16k,16000,2.75,test
data/tts/wavefake_00352.wav,TTS,WaveFake,SPK_Wav_112,en,SPOOF_DF,HiFi-GAN,Clean,pcm_16k,16000,3.79,train
data/tts/wavefake_00353.wav,TTS,WaveFake,SPK_Wav_113,en,SPOOF_DF,HiFi-GAN,Clean,pcm_16k,16000,2.98,train
data/tts/wavefake_00354.wav,TTS,WaveFake,SPK_Wav_114,en,SPOOF_DF,HiFi-GAN,Clean,pcm_16k,16000,3.04,validation
data/tts/wavefake_00355.wav,TTS,WaveFake,SPK_Wav_115,en,SPOOF_DF,HiFi-GAN,Clean,pcm_16k,16000,3.0,train
data/tts/wavefake_00356.wav,TTS,WaveFake,SPK_Wav_116,en,SPOOF_DF,HiFi-GAN,Clean,pcm_16k,16000,3.15,train
data/tts/wavefake_00357.wav,TTS,WaveFake,SPK_Wav_117,en,SPOOF_DF,HiFi-GAN,Clean,pcm_16k,16000,4.11,train
data/tts/wavefake_00358.wav,TTS,WaveFake,SPK_Wav_118,en,SPOOF_DF,HiFi-GAN,Clean,pcm_16k,16000,2.76,train
data/tts/wavefake_00359.wav,TTS,WaveFake,SPK_Wav_119,en,SPOOF_DF,HiFi-GAN,Clean,pcm_16k,16000,3.69,test
data/tts/wavefake_00360.wav,TTS,WaveFake,SPK_Wav_000,en,SPOOF_DF,HiFi-GAN,Clean,pcm_16k,16000,3.09,train
data/tts/wavefake_00361.wav,TTS,WaveFake,SPK_Wav_001,en,SPOOF_DF,HiFi-GAN,Clean,pcm_16k,16000,3.17,validation
data/tts/wavefake_00362.wav,TTS,WaveFake,SPK_Wav_002,en,SPOOF_DF,HiFi-GAN,Clean,pcm_16k,16000,3.36,validation
data/tts/wavefake_00363.wav,TTS,WaveFake,SPK_Wav_003,en,SPOOF_DF,HiFi-GAN,Clean,pcm_16k,16000,3.58,train
data/tts/wavefake_00364.wav,TTS,WaveFake,SPK_Wav_004,en,SPOOF_DF,HiFi-GAN,Clean,pcm_16k,16000,2.8,validation
data/tts/wavefake_00365.wav,TTS,WaveFake,SPK_Wav_005,en,SPOOF_DF,HiFi-GAN,Clean,pcm_16k,16000,3.15,train
data/tts/wavefake_00366.wav,TTS,WaveFake,SPK_Wav_006,en,SPOOF_DF,HiFi-GAN,Clean,pcm_16k,16000,2.92,test
data/tts/wavefake_00367.wav,TTS,WaveFake,SPK_Wav_007,en,SPOOF_DF,HiFi-GAN,Clean,pcm_16k,16000,3.02,train
data/tts/wavefake_00368.wav,TTS,WaveFake,SPK_Wav_008,en,SPOOF_DF,HiFi-GAN,Clean,pcm_16k,16000,4.12,train
data/tts/wavefake_00369.wav,TTS,WaveFake,SPK_Wav_009,en,SPOOF_DF,HiFi-GAN,Clean,pcm_16k,16000,3.54,train
data/tts/wavefake_00370.wav,TTS,WaveFake,SPK_Wav_010,en,SPOOF_DF,HiFi-GAN,Clean,pcm_16k,16000,3.71,train
data/tts/wavefake_00371.wav,TTS,WaveFake,SPK_Wav_011,en,SPOOF_DF,HiFi-GAN,Clean,pcm_16k,16000,3.98,train
data/tts/wavefake_00372.wav,TTS,WaveFake,SPK_Wav_012,en,SPOOF_DF,HiFi-GAN,Clean,pcm_16k,16000,3.97,train
data/tts/wavefake_00373.wav,TTS,WaveFake,SPK_Wav_013,en,SPOOF_DF,HiFi-GAN,Clean,pcm_16k,16000,4.28,train
data/tts/wavefake_00374.wav,TTS,WaveFake,SPK_Wav_014,en,SPOOF_DF,HiFi-GAN,Clean,pcm_16k,16000,3.95,train
data/tts/wavefake_00375.wav,TTS,WaveFake,SPK_Wav_015,en,SPOOF_DF,HiFi-GAN,Clean,pcm_16k,16000,3.27,train
data/tts/wavefake_00376.wav,TTS,WaveFake,SPK_Wav_016,en,SPOOF_DF,HiFi-GAN,Clean,pcm_16k,16000,3.57,test
data/tts/wavefake_00377.wav,TTS,WaveFake,SPK_Wav_017,en,SPOOF_DF,HiFi-GAN,Clean,pcm_16k,16000,3.48,train
data/tts/wavefake_00378.wav,TTS,WaveFake,SPK_Wav_018,en,SPOOF_DF,HiFi-GAN,Clean,pcm_16k,16000,4.16,train
data/tts/wavefake_00379.wav,TTS,WaveFake,SPK_Wav_019,en,SPOOF_DF,HiFi-GAN,Clean,pcm_16k,16000,3.5,train
data/tts/wavefake_00380.wav,TTS,WaveFake,SPK_Wav_020,en,SPOOF_DF,HiFi-GAN,Clean,pcm_16k,16000,3.32,test
data/tts/wavefake_00381.wav,TTS,WaveFake,SPK_Wav_021,en,SPOOF_DF,HiFi-GAN,Clean,pcm_16k,16000,2.99,train
data/tts/wavefake_00382.wav,TTS,WaveFake,SPK_Wav_022,en,SPOOF_DF,HiFi-GAN,Clean,pcm_16k,16000,3.21,train
data/tts/wavefake_00383.wav,TTS,WaveFake,SPK_Wav_023,en,SPOOF_DF,HiFi-GAN,Clean,pcm_16k,16000,3.05,test
data/tts/wavefake_00384.wav,TTS,WaveFake,SPK_Wav_024,en,SPOOF_DF,HiFi-GAN,Clean,pcm_16k,16000,4.13,test
data/tts/wavefake_00385.wav,TTS,WaveFake,SPK_Wav_025,en,SPOOF_DF,HiFi-GAN,Clean,pcm_16k,16000,3.95,test
data/tts/wavefake_00386.wav,TTS,WaveFake,SPK_Wav_026,en,SPOOF_DF,HiFi-GAN,Clean,pcm_16k,16000,2.79,train
data/tts/wavefake_00387.wav,TTS,WaveFake,SPK_Wav_027,en,SPOOF_DF,HiFi-GAN,Clean,pcm_16k,16000,4.29,validation
data/tts/wavefake_00388.wav,TTS,WaveFake,SPK_Wav_028,en,SPOOF_DF,HiFi-GAN,Clean,pcm_16k,16000,3.55,train
data/tts/wavefake_00389.wav,TTS,WaveFake,SPK_Wav_029,en,SPOOF_DF,HiFi-GAN,Clean,pcm_16k,16000,3.93,train
data/tts/wavefake_00390.wav,TTS,WaveFake,SPK_Wav_030,en,SPOOF_DF,HiFi-GAN,Clean,pcm_16k,16000,4.3,test
data/tts/wavefake_00391.wav,TTS,WaveFake,SPK_Wav_031,en,SPOOF_DF,HiFi-GAN,Clean,pcm_16k,16000,4.26,train
data/tts/wavefake_00392.wav,TTS,WaveFake,SPK_Wav_032,en,SPOOF_DF,HiFi-GAN,Clean,pcm_16k,16000,2.86,train
data/tts/wavefake_00393.wav,TTS,WaveFake,SPK_Wav_033,en,SPOOF_DF,HiFi-GAN,Clean,pcm_16k,16000,3.75,train
data/tts/wavefake_00394.wav,TTS,WaveFake,SPK_Wav_034,en,SPOOF_DF,HiFi-GAN,Clean,pcm_16k,16000,3.13,train
data/tts/wavefake_00395.wav,TTS,WaveFake,SPK_Wav_035,en,SPOOF_DF,HiFi-GAN,Clean,pcm_16k,16000,4.01,train
data/tts/wavefake_00396.wav,TTS,WaveFake,SPK_Wav_036,en,SPOOF_DF,HiFi-GAN,Clean,pcm_16k,16000,4.17,train
data/tts/wavefake_00397.wav,TTS,WaveFake,SPK_Wav_037,en,SPOOF_DF,HiFi-GAN,Clean,pcm_16k,16000,2.79,validation
data/tts/wavefake_00398.wav,TTS,WaveFake,SPK_Wav_038,en,SPOOF_DF,HiFi-GAN,Clean,pcm_16k,16000,4.29,train
data/tts/wavefake_00399.wav,TTS,WaveFake,SPK_Wav_039,en,SPOOF_DF,HiFi-GAN,Clean,pcm_16k,16000,3.05,train
data/tts/wavefake_00400.wav,TTS,WaveFake,SPK_Wav_040,en,SPOOF_DF,HiFi-GAN,Clean,pcm_16k,16000,4.05,train
data/tts/wavefake_00401.wav,TTS,WaveFake,SPK_Wav_041,en,SPOOF_DF,HiFi-GAN,Clean,pcm_16k,16000,3.98,train
data/tts/wavefake_00402.wav,TTS,WaveFake,SPK_Wav_042,en,SPOOF_DF,HiFi-GAN,Clean,pcm_16k,16000,3.27,train
data/tts/wavefake_00403.wav,TTS,WaveFake,SPK_Wav_043,en,SPOOF_DF,HiFi-GAN,Clean,pcm_16k,16000,4.04,train
data/tts/wavefake_00404.wav,TTS,WaveFake,SPK_Wav_044,en,SPOOF_DF,HiFi-GAN,Clean,pcm_16k,16000,4.05,validation
data/tts/wavefake_00405.wav,TTS,WaveFake,SPK_Wav_045,en,SPOOF_DF,HiFi-GAN,Clean,pcm_16k,16000,2.98,train
data/tts/wavefake_00406.wav,TTS,WaveFake,SPK_Wav_046,en,SPOOF_DF,HiFi-GAN,Clean,pcm_16k,16000,3.65,train
data/tts/wavefake_00407.wav,TTS,WaveFake,SPK_Wav_047,en,SPOOF_DF,HiFi-GAN,Clean,pcm_16k,16000,3.99,test
data/tts/wavefake_00408.wav,TTS,WaveFake,SPK_Wav_048,en,SPOOF_DF,HiFi-GAN,Clean,pcm_16k,16000,3.82,train
data/tts/wavefake_00409.wav,TTS,WaveFake,SPK_Wav_049,en,SPOOF_DF,HiFi-GAN,Clean,pcm_16k,16000,4.16,test
data/tts/wavefake_00410.wav,TTS,WaveFake,SPK_Wav_050,en,SPOOF_DF,HiFi-GAN,Clean,pcm_16k,16000,2.75,train
data/tts/wavefake_00411.wav,TTS,WaveFake,SPK_Wav_051,en,SPOOF_DF,HiFi-GAN,Clean,pcm_16k,16000,3.82,train
data/tts/wavefake_00412.wav,TTS,WaveFake,SPK_Wav_052,en,SPOOF_DF,HiFi-GAN,Clean,pcm_16k,16000,4.22,train
data/tts/wavefake_00413.wav,TTS,WaveFake,SPK_Wav_053,en,SPOOF_DF,HiFi-GAN,Clean,pcm_16k,16000,3.6,train
data/tts/wavefake_00414.wav,TTS,WaveFake,SPK_Wav_054,en,SPOOF_DF,HiFi-GAN,Clean,pcm_16k,16000,3.6,train
data/tts/wavefake_00415.wav,TTS,WaveFake,SPK_Wav_055,en,SPOOF_DF,HiFi-GAN,Clean,pcm_16k,16000,3.0,train
data/tts/wavefake_00416.wav,TTS,WaveFake,SPK_Wav_056,en,SPOOF_DF,HiFi-GAN,Clean,pcm_16k,16000,4.28,test
data/tts/wavefake_00417.wav,TTS,WaveFake,SPK_Wav_057,en,SPOOF_DF,HiFi-GAN,Clean,pcm_16k,16000,4.11,train
data/tts/wavefake_00418.wav,TTS,WaveFake,SPK_Wav_058,en,SPOOF_DF,HiFi-GAN,Clean,pcm_16k,16000,3.49,train
data/tts/wavefake_00419.wav,TTS,WaveFake,SPK_Wav_059,en,SPOOF_DF,HiFi-GAN,Clean,pcm_16k,16000,3.19,test
data/tts/wavefake_00420.wav,TTS,WaveFake,SPK_Wav_060,en,SPOOF_DF,HiFi-GAN,Clean,pcm_16k,16000,3.48,train
data/tts/wavefake_00421.wav,TTS,WaveFake,SPK_Wav_061,en,SPOOF_DF,HiFi-GAN,Clean,pcm_16k,16000,2.84,train
data/tts/wavefake_00422.wav,TTS,WaveFake,SPK_Wav_062,en,SPOOF_DF,HiFi-GAN,Clean,pcm_16k,16000,3.07,train
data/tts/wavefake_00423.wav,TTS,WaveFake,SPK_Wav_063,en,SPOOF_DF,HiFi-GAN,Clean,pcm_16k,16000,3.05,train
data/tts/wavefake_00424.wav,TTS,WaveFake,SPK_Wav_064,en,SPOOF_DF,HiFi-GAN,Clean,pcm_16k,16000,3.54,train
data/tts/wavefake_00425.wav,TTS,WaveFake,SPK_Wav_065,en,SPOOF_DF,HiFi-GAN,Clean,pcm_16k,16000,2.7,validation
data/tts/wavefake_00426.wav,TTS,WaveFake,SPK_Wav_066,en,SPOOF_DF,HiFi-GAN,Clean,pcm_16k,16000,4.17,test
data/tts/wavefake_00427.wav,TTS,WaveFake,SPK_Wav_067,en,SPOOF_DF,HiFi-GAN,Clean,pcm_16k,16000,3.02,validation
data/tts/wavefake_00428.wav,TTS,WaveFake,SPK_Wav_068,en,SPOOF_DF,HiFi-GAN,Clean,pcm_16k,16000,2.91,train
data/tts/wavefake_00429.wav,TTS,WaveFake,SPK_Wav_069,en,SPOOF_DF,HiFi-GAN,Clean,pcm_16k,16000,3.85,train
data/tts/wavefake_00430.wav,TTS,WaveFake,SPK_Wav_070,en,SPOOF_DF,HiFi-GAN,Clean,pcm_16k,16000,4.17,train
data/tts/wavefake_00431.wav,TTS,WaveFake,SPK_Wav_071,en,SPOOF_DF,HiFi-GAN,Clean,pcm_16k,16000,4.05,train
data/tts/wavefake_00432.wav,TTS,WaveFake,SPK_Wav_072,en,SPOOF_DF,HiFi-GAN,Clean,pcm_16k,16000,3.22,validation
data/tts/wavefake_00433.wav,TTS,WaveFake,SPK_Wav_073,en,SPOOF_DF,HiFi-GAN,Clean,pcm_16k,16000,2.74,train
data/tts/wavefake_00434.wav,TTS,WaveFake,SPK_Wav_074,en,SPOOF_DF,HiFi-GAN,Clean,pcm_16k,16000,3.64,test
data/tts/wavefake_00435.wav,TTS,WaveFake,SPK_Wav_075,en,SPOOF_DF,HiFi-GAN,Clean,pcm_16k,16000,4.17,train
data/tts/wavefake_00436.wav,TTS,WaveFake,SPK_Wav_076,en,SPOOF_DF,HiFi-GAN,Clean,pcm_16k,16000,3.94,test
data/tts/wavefake_00437.wav,TTS,WaveFake,SPK_Wav_077,en,SPOOF_DF,HiFi-GAN,Clean,pcm_16k,16000,4.05,test
data/tts/wavefake_00438.wav,TTS,WaveFake,SPK_Wav_078,en,SPOOF_DF,HiFi-GAN,Clean,pcm_16k,16000,4.08,train
data/tts/wavefake_00439.wav,TTS,WaveFake,SPK_Wav_079,en,SPOOF_DF,HiFi-GAN,Clean,pcm_16k,16000,4.24,train
data/tts/wavefake_00440.wav,TTS,WaveFake,SPK_Wav_080,en,SPOOF_DF,HiFi-GAN,Clean,pcm_16k,16000,3.3,train
data/tts/wavefake_00441.wav,TTS,WaveFake,SPK_Wav_081,en,SPOOF_DF,HiFi-GAN,Clean,pcm_16k,16000,4.21,train
data/tts/wavefake_00442.wav,TTS,WaveFake,SPK_Wav_082,en,SPOOF_DF,HiFi-GAN,Clean,pcm_16k,16000,3.33,validation
data/tts/wavefake_00443.wav,TTS,WaveFake,SPK_Wav_083,en,SPOOF_DF,HiFi-GAN,Clean,pcm_16k,16000,2.86,train
data/tts/wavefake_00444.wav,TTS,WaveFake,SPK_Wav_084,en,SPOOF_DF,HiFi-GAN,Clean,pcm_16k,16000,3.18,train
data/tts/wavefake_00445.wav,TTS,WaveFake,SPK_Wav_085,en,SPOOF_DF,HiFi-GAN,Clean,pcm_16k,16000,2.92,validation
data/tts/wavefake_00446.wav,TTS,WaveFake,SPK_Wav_086,en,SPOOF_DF,HiFi-GAN,Clean,pcm_16k,16000,2.95,train
data/tts/wavefake_00447.wav,TTS,WaveFake,SPK_Wav_087,en,SPOOF_DF,HiFi-GAN,Clean,pcm_16k,16000,4.22,train
data/tts/wavefake_00448.wav,TTS,WaveFake,SPK_Wav_088,en,SPOOF_DF,HiFi-GAN,Clean,pcm_16k,16000,3.97,train
data/tts/wavefake_00449.wav,TTS,WaveFake,SPK_Wav_089,en,SPOOF_DF,HiFi-GAN,Clean,pcm_16k,16000,4.24,train
data/tts/wavefake_00450.wav,TTS,WaveFake,SPK_Wav_090,en,SPOOF_DF,HiFi-GAN,Clean,pcm_16k,16000,3.74,train
data/tts/wavefake_00451.wav,TTS,WaveFake,SPK_Wav_091,en,SPOOF_DF,HiFi-GAN,Clean,pcm_16k,16000,2.98,train
data/tts/wavefake_00452.wav,TTS,WaveFake,SPK_Wav_092,en,SPOOF_DF,HiFi-GAN,Clean,pcm_16k,16000,4.25,train
data/tts/wavefake_00453.wav,TTS,WaveFake,SPK_Wav_093,en,SPOOF_DF,HiFi-GAN,Clean,pcm_16k,16000,3.81,train
data/tts/wavefake_00454.wav,TTS,WaveFake,SPK_Wav_094,en,SPOOF_DF,HiFi-GAN,Clean,pcm_16k,16000,4.19,train
data/tts/wavefake_00455.wav,TTS,WaveFake,SPK_Wav_095,en,SPOOF_DF,HiFi-GAN,Clean,pcm_16k,16000,3.96,train
data/tts/wavefake_00456.wav,TTS,WaveFake,SPK_Wav_096,en,SPOOF_DF,HiFi-GAN,Clean,pcm_16k,16000,3.06,train
data/tts/wavefake_00457.wav,TTS,WaveFake,SPK_Wav_097,en,SPOOF_DF,HiFi-GAN,Clean,pcm_16k,16000,3.64,train
data/tts/wavefake_00458.wav,TTS,WaveFake,SPK_Wav_098,en,SPOOF_DF,HiFi-GAN,Clean,pcm_16k,16000,2.98,test
data/tts/wavefake_00459.wav,TTS,WaveFake,SPK_Wav_099,en,SPOOF_DF,HiFi-GAN,Clean,pcm_16k,16000,3.19,validation
data/tts/wavefake_00460.wav,TTS,WaveFake,SPK_Wav_100,en,SPOOF_DF,HiFi-GAN,Clean,pcm_16k,16000,3.8,train
data/tts/wavefake_00461.wav,TTS,WaveFake,SPK_Wav_101,en,SPOOF_DF,HiFi-GAN,Clean,pcm_16k,16000,2.9,validation
data/tts/wavefake_00462.wav,TTS,WaveFake,SPK_Wav_102,en,SPOOF_DF,HiFi-GAN,Clean,pcm_16k,16000,3.87,test
data/tts/wavefake_00463.wav,TTS,WaveFake,SPK_Wav_103,en,SPOOF_DF,HiFi-GAN,Clean,pcm_16k,16000,4.22,train
data/tts/wavefake_00464.wav,TTS,WaveFake,SPK_Wav_104,en,SPOOF_DF,HiFi-GAN,Clean,pcm_16k,16000,4.22,validation
data/tts/wavefake_00465.wav,TTS,WaveFake,SPK_Wav_105,en,SPOOF_DF,HiFi-GAN,Clean,pcm_16k,16000,3.33,train
data/tts/wavefake_00466.wav,TTS,WaveFake,SPK_Wav_106,en,SPOOF_DF,HiFi-GAN,Clean,pcm_16k,16000,4.29,validation
data/tts/wavefake_00467.wav,TTS,WaveFake,SPK_Wav_107,en,SPOOF_DF,HiFi-GAN,Clean,pcm_16k,16000,4.24,train
data/tts/wavefake_00468.wav,TTS,WaveFake,SPK_Wav_108,en,SPOOF_DF,HiFi-GAN,Clean,pcm_16k,16000,2.75,validation
data/tts/wavefake_00469.wav,TTS,WaveFake,SPK_Wav_109,en,SPOOF_DF,HiFi-GAN,Clean,pcm_16k,16000,3.66,validation
data/tts/wavefake_00470.wav,TTS,WaveFake,SPK_Wav_110,en,SPOOF_DF,HiFi-GAN,Clean,pcm_16k,16000,4.17,train
data/tts/wavefake_00471.wav,TTS,WaveFake,SPK_Wav_111,en,SPOOF_DF,HiFi-GAN,Clean,pcm_16k,16000,4.25,test
data/tts/wavefake_00472.wav,TTS,WaveFake,SPK_Wav_112,en,SPOOF_DF,HiFi-GAN,Clean,pcm_16k,16000,3.05,train
data/tts/wavefake_00473.wav,TTS,WaveFake,SPK_Wav_113,en,SPOOF_DF,HiFi-GAN,Clean,pcm_16k,16000,3.6,train
data/tts/wavefake_00474.wav,TTS,WaveFake,SPK_Wav_114,en,SPOOF_DF,HiFi-GAN,Clean,pcm_16k,16000,4.2,validation
data/tts/wavefake_00475.wav,TTS,WaveFake,SPK_Wav_115,en,SPOOF_DF,HiFi-GAN,Clean,pcm_16k,16000,2.93,train
data/tts/wavefake_00476.wav,TTS,WaveFake,SPK_Wav_116,en,SPOOF_DF,HiFi-GAN,Clean,pcm_16k,16000,3.89,train
data/tts/wavefake_00477.wav,TTS,WaveFake,SPK_Wav_117,en,SPOOF_DF,HiFi-GAN,Clean,pcm_16k,16000,3.08,train
data/tts/wavefake_00478.wav,TTS,WaveFake,SPK_Wav_118,en,SPOOF_DF,HiFi-GAN,Clean,pcm_16k,16000,4.27,train
data/tts/wavefake_00479.wav,TTS,WaveFake,SPK_Wav_119,en,SPOOF_DF,HiFi-GAN,Clean,pcm_16k,16000,2.97,test
data/tts/wavefake_00480.wav,TTS,WaveFake,SPK_Wav_000,en,SPOOF_DF,HiFi-GAN,Clean,pcm_16k,16000,4.12,train
data/tts/wavefake_00481.wav,TTS,WaveFake,SPK_Wav_001,en,SPOOF_DF,HiFi-GAN,Clean,pcm_16k,16000,2.84,validation
data/tts/wavefake_00482.wav,TTS,WaveFake,SPK_Wav_002,en,SPOOF_DF,HiFi-GAN,Clean,pcm_16k,16000,3.83,validation
data/tts/wavefake_00483.wav,TTS,WaveFake,SPK_Wav_003,en,SPOOF_DF,HiFi-GAN,Clean,pcm_16k,16000,3.72,train
data/tts/wavefake_00484.wav,TTS,WaveFake,SPK_Wav_004,en,SPOOF_DF,HiFi-GAN,Clean,pcm_16k,16000,4.12,validation
data/tts/wavefake_00485.wav,TTS,WaveFake,SPK_Wav_005,en,SPOOF_DF,HiFi-GAN,Clean,pcm_16k,16000,3.41,train
data/tts/wavefake_00486.wav,TTS,WaveFake,SPK_Wav_006,en,SPOOF_DF,HiFi-GAN,Clean,pcm_16k,16000,3.12,test
data/tts/wavefake_00487.wav,TTS,WaveFake,SPK_Wav_007,en,SPOOF_DF,HiFi-GAN,Clean,pcm_16k,16000,3.1,train
data/tts/wavefake_00488.wav,TTS,WaveFake,SPK_Wav_008,en,SPOOF_DF,HiFi-GAN,Clean,pcm_16k,16000,2.81,train
data/tts/wavefake_00489.wav,TTS,WaveFake,SPK_Wav_009,en,SPOOF_DF,HiFi-GAN,Clean,pcm_16k,16000,3.11,train
data/tts/wavefake_00490.wav,TTS,WaveFake,SPK_Wav_010,en,SPOOF_DF,HiFi-GAN,Clean,pcm_16k,16000,2.87,train
data/tts/wavefake_00491.wav,TTS,WaveFake,SPK_Wav_011,en,SPOOF_DF,HiFi-GAN,Clean,pcm_16k,16000,2.7,train
data/tts/wavefake_00492.wav,TTS,WaveFake,SPK_Wav_012,en,SPOOF_DF,HiFi-GAN,Clean,pcm_16k,16000,3.32,train
data/tts/wavefake_00493.wav,TTS,WaveFake,SPK_Wav_013,en,SPOOF_DF,HiFi-GAN,Clean,pcm_16k,16000,3.87,train
data/tts/wavefake_00494.wav,TTS,WaveFake,SPK_Wav_014,en,SPOOF_DF,HiFi-GAN,Clean,pcm_16k,16000,4.25,train
data/tts/wavefake_00495.wav,TTS,WaveFake,SPK_Wav_015,en,SPOOF_DF,HiFi-GAN,Clean,pcm_16k,16000,4.12,train
data/tts/wavefake_00496.wav,TTS,WaveFake,SPK_Wav_016,en,SPOOF_DF,HiFi-GAN,Clean,pcm_16k,16000,3.49,test
data/tts/wavefake_00497.wav,TTS,WaveFake,SPK_Wav_017,en,SPOOF_DF,HiFi-GAN,Clean,pcm_16k,16000,3.31,train
data/tts/wavefake_00498.wav,TTS,WaveFake,SPK_Wav_018,en,SPOOF_DF,HiFi-GAN,Clean,pcm_16k,16000,3.57,train
data/tts/wavefake_00499.wav,TTS,WaveFake,SPK_Wav_019,en,SPOOF_DF,HiFi-GAN,Clean,pcm_16k,16000,2.86,train
data/tts/wavefake_00500.wav,TTS,WaveFake,SPK_Wav_020,en,SPOOF_DF,HiFi-GAN,Clean,pcm_16k,16000,3.47,test
data/tts/wavefake_00501.wav,TTS,WaveFake,SPK_Wav_021,en,SPOOF_DF,HiFi-GAN,Clean,pcm_16k,16000,4.08,train
data/tts/wavefake_00502.wav,TTS,WaveFake,SPK_Wav_022,en,SPOOF_DF,HiFi-GAN,Clean,pcm_16k,16000,3.74,train
data/tts/wavefake_00503.wav,TTS,WaveFake,SPK_Wav_023,en,SPOOF_DF,HiFi-GAN,Clean,pcm_16k,16000,3.8,test
data/tts/wavefake_00504.wav,TTS,WaveFake,SPK_Wav_024,en,SPOOF_DF,HiFi-GAN,Clean,pcm_16k,16000,2.96,test
data/tts/wavefake_00505.wav,TTS,WaveFake,SPK_Wav_025,en,SPOOF_DF,HiFi-GAN,Clean,pcm_16k,16000,2.82,test
data/tts/wavefake_00506.wav,TTS,WaveFake,SPK_Wav_026,en,SPOOF_DF,HiFi-GAN,Clean,pcm_16k,16000,4.05,train
data/tts/wavefake_00507.wav,TTS,WaveFake,SPK_Wav_027,en,SPOOF_DF,HiFi-GAN,Clean,pcm_16k,16000,3.17,validation
data/tts/wavefake_00508.wav,TTS,WaveFake,SPK_Wav_028,en,SPOOF_DF,HiFi-GAN,Clean,pcm_16k,16000,3.21,train
data/tts/wavefake_00509.wav,TTS,WaveFake,SPK_Wav_029,en,SPOOF_DF,HiFi-GAN,Clean,pcm_16k,16000,4.22,train
data/tts/wavefake_00510.wav,TTS,WaveFake,SPK_Wav_030,en,SPOOF_DF,HiFi-GAN,Clean,pcm_16k,16000,2.82,test
data/tts/wavefake_00511.wav,TTS,WaveFake,SPK_Wav_031,en,SPOOF_DF,HiFi-GAN,Clean,pcm_16k,16000,2.97,train
data/tts/wavefake_00512.wav,TTS,WaveFake,SPK_Wav_032,en,SPOOF_DF,HiFi-GAN,Clean,pcm_16k,16000,3.3,train
data/tts/wavefake_00513.wav,TTS,WaveFake,SPK_Wav_033,en,SPOOF_DF,HiFi-GAN,Clean,pcm_16k,16000,3.87,train
data/tts/wavefake_00514.wav,TTS,WaveFake,SPK_Wav_034,en,SPOOF_DF,HiFi-GAN,Clean,pcm_16k,16000,3.58,train
data/tts/wavefake_00515.wav,TTS,WaveFake,SPK_Wav_035,en,SPOOF_DF,HiFi-GAN,Clean,pcm_16k,16000,4.14,train
data/tts/wavefake_00516.wav,TTS,WaveFake,SPK_Wav_036,en,SPOOF_DF,HiFi-GAN,Clean,pcm_16k,16000,2.85,train
data/tts/wavefake_00517.wav,TTS,WaveFake,SPK_Wav_037,en,SPOOF_DF,HiFi-GAN,Clean,pcm_16k,16000,3.65,validation
data/tts/wavefake_00518.wav,TTS,WaveFake,SPK_Wav_038,en,SPOOF_DF,HiFi-GAN,Clean,pcm_16k,16000,3.68,train
data/tts/wavefake_00519.wav,TTS,WaveFake,SPK_Wav_039,en,SPOOF_DF,HiFi-GAN,Clean,pcm_16k,16000,3.47,train
data/tts/wavefake_00520.wav,TTS,WaveFake,SPK_Wav_040,en,SPOOF_DF,HiFi-GAN,Clean,pcm_16k,16000,2.75,train
data/tts/wavefake_00521.wav,TTS,WaveFake,SPK_Wav_041,en,SPOOF_DF,HiFi-GAN,Clean,pcm_16k,16000,4.21,train
data/tts/wavefake_00522.wav,TTS,WaveFake,SPK_Wav_042,en,SPOOF_DF,HiFi-GAN,Clean,pcm_16k,16000,2.96,train
data/tts/wavefake_00523.wav,TTS,WaveFake,SPK_Wav_043,en,SPOOF_DF,HiFi-GAN,Clean,pcm_16k,16000,4.12,train
data/tts/wavefake_00524.wav,TTS,WaveFake,SPK_Wav_044,en,SPOOF_DF,HiFi-GAN,Clean,pcm_16k,16000,2.95,validation
data/tts/wavefake_00525.wav,TTS,WaveFake,SPK_Wav_045,en,SPOOF_DF,HiFi-GAN,Clean,pcm_16k,16000,2.86,train
data/tts/wavefake_00526.wav,TTS,WaveFake,SPK_Wav_046,en,SPOOF_DF,HiFi-GAN,Clean,pcm_16k,16000,3.03,train
data/tts/wavefake_00527.wav,TTS,WaveFake,SPK_Wav_047,en,SPOOF_DF,HiFi-GAN,Clean,pcm_16k,16000,3.0,test
data/tts/wavefake_00528.wav,TTS,WaveFake,SPK_Wav_048,en,SPOOF_DF,HiFi-GAN,Clean,pcm_16k,16000,3.82,train
data/tts/wavefake_00529.wav,TTS,WaveFake,SPK_Wav_049,en,SPOOF_DF,HiFi-GAN,Clean,pcm_16k,16000,3.86,test
data/tts/wavefake_00530.wav,TTS,WaveFake,SPK_Wav_050,en,SPOOF_DF,HiFi-GAN,Clean,pcm_16k,16000,3.87,train
data/tts/wavefake_00531.wav,TTS,WaveFake,SPK_Wav_051,en,SPOOF_DF,HiFi-GAN,Clean,pcm_16k,16000,3.12,train
data/tts/wavefake_00532.wav,TTS,WaveFake,SPK_Wav_052,en,SPOOF_DF,HiFi-GAN,Clean,pcm_16k,16000,3.15,train
data/tts/wavefake_00533.wav,TTS,WaveFake,SPK_Wav_053,en,SPOOF_DF,HiFi-GAN,Clean,pcm_16k,16000,3.08,train
data/tts/wavefake_00534.wav,TTS,WaveFake,SPK_Wav_054,en,SPOOF_DF,HiFi-GAN,Clean,pcm_16k,16000,2.78,train
data/tts/wavefake_00535.wav,TTS,WaveFake,SPK_Wav_055,en,SPOOF_DF,HiFi-GAN,Clean,pcm_16k,16000,3.61,train
data/tts/wavefake_00536.wav,TTS,WaveFake,SPK_Wav_056,en,SPOOF_DF,HiFi-GAN,Clean,pcm_16k,16000,4.04,test
data/tts/wavefake_00537.wav,TTS,WaveFake,SPK_Wav_057,en,SPOOF_DF,HiFi-GAN,Clean,pcm_16k,16000,2.95,train
data/tts/wavefake_00538.wav,TTS,WaveFake,SPK_Wav_058,en,SPOOF_DF,HiFi-GAN,Clean,pcm_16k,16000,3.28,train
data/tts/wavefake_00539.wav,TTS,WaveFake,SPK_Wav_059,en,SPOOF_DF,HiFi-GAN,Clean,pcm_16k,16000,3.38,test
data/tts/wavefake_00540.wav,TTS,WaveFake,SPK_Wav_060,en,SPOOF_DF,HiFi-GAN,Clean,pcm_16k,16000,3.17,train
data/tts/wavefake_00541.wav,TTS,WaveFake,SPK_Wav_061,en,SPOOF_DF,HiFi-GAN,Clean,pcm_16k,16000,3.76,train
data/tts/wavefake_00542.wav,TTS,WaveFake,SPK_Wav_062,en,SPOOF_DF,HiFi-GAN,Clean,pcm_16k,16000,3.66,train
data/tts/wavefake_00543.wav,TTS,WaveFake,SPK_Wav_063,en,SPOOF_DF,HiFi-GAN,Clean,pcm_16k,16000,3.02,train
data/tts/wavefake_00544.wav,TTS,WaveFake,SPK_Wav_064,en,SPOOF_DF,HiFi-GAN,Clean,pcm_16k,16000,2.74,train
data/tts/wavefake_00545.wav,TTS,WaveFake,SPK_Wav_065,en,SPOOF_DF,HiFi-GAN,Clean,pcm_16k,16000,2.97,validation
data/tts/wavefake_00546.wav,TTS,WaveFake,SPK_Wav_066,en,SPOOF_DF,HiFi-GAN,Clean,pcm_16k,16000,3.17,test
data/tts/wavefake_00547.wav,TTS,WaveFake,SPK_Wav_067,en,SPOOF_DF,HiFi-GAN,Clean,pcm_16k,16000,2.83,validation
data/tts/wavefake_00548.wav,TTS,WaveFake,SPK_Wav_068,en,SPOOF_DF,HiFi-GAN,Clean,pcm_16k,16000,4.05,train
data/tts/wavefake_00549.wav,TTS,WaveFake,SPK_Wav_069,en,SPOOF_DF,HiFi-GAN,Clean,pcm_16k,16000,3.19,train
data/tts/wavefake_00550.wav,TTS,WaveFake,SPK_Wav_070,en,SPOOF_DF,HiFi-GAN,Clean,pcm_16k,16000,3.34,train
data/tts/wavefake_00551.wav,TTS,WaveFake,SPK_Wav_071,en,SPOOF_DF,HiFi-GAN,Clean,pcm_16k,16000,3.48,train
data/tts/wavefake_00552.wav,TTS,WaveFake,SPK_Wav_072,en,SPOOF_DF,HiFi-GAN,Clean,pcm_16k,16000,3.76,validation
data/tts/wavefake_00553.wav,TTS,WaveFake,SPK_Wav_073,en,SPOOF_DF,HiFi-GAN,Clean,pcm_16k,16000,2.85,train
data/tts/wavefake_00554.wav,TTS,WaveFake,SPK_Wav_074,en,SPOOF_DF,HiFi-GAN,Clean,pcm_16k,16000,3.57,test
data/tts/wavefake_00555.wav,TTS,WaveFake,SPK_Wav_075,en,SPOOF_DF,HiFi-GAN,Clean,pcm_16k,16000,3.0,train
data/tts/wavefake_00556.wav,TTS,WaveFake,SPK_Wav_076,en,SPOOF_DF,HiFi-GAN,Clean,pcm_16k,16000,4.12,test
data/tts/wavefake_00557.wav,TTS,WaveFake,SPK_Wav_077,en,SPOOF_DF,HiFi-GAN,Clean,pcm_16k,16000,3.29,test
data/tts/wavefake_00558.wav,TTS,WaveFake,SPK_Wav_078,en,SPOOF_DF,HiFi-GAN,Clean,pcm_16k,16000,3.41,train
data/tts/wavefake_00559.wav,TTS,WaveFake,SPK_Wav_079,en,SPOOF_DF,HiFi-GAN,Clean,pcm_16k,16000,3.12,train
data/tts/wavefake_00560.wav,TTS,WaveFake,SPK_Wav_080,en,SPOOF_DF,HiFi-GAN,Clean,pcm_16k,16000,3.44,train
data/tts/wavefake_00561.wav,TTS,WaveFake,SPK_Wav_081,en,SPOOF_DF,HiFi-GAN,Clean,pcm_16k,16000,3.06,train
data/tts/wavefake_00562.wav,TTS,WaveFake,SPK_Wav_082,en,SPOOF_DF,HiFi-GAN,Clean,pcm_16k,16000,3.13,validation
data/tts/wavefake_00563.wav,TTS,WaveFake,SPK_Wav_083,en,SPOOF_DF,HiFi-GAN,Clean,pcm_16k,16000,2.8,train
data/tts/wavefake_00564.wav,TTS,WaveFake,SPK_Wav_084,en,SPOOF_DF,HiFi-GAN,Clean,pcm_16k,16000,3.9,train
data/tts/wavefake_00565.wav,TTS,WaveFake,SPK_Wav_085,en,SPOOF_DF,HiFi-GAN,Clean,pcm_16k,16000,3.77,validation
data/tts/wavefake_00566.wav,TTS,WaveFake,SPK_Wav_086,en,SPOOF_DF,HiFi-GAN,Clean,pcm_16k,16000,2.84,train
data/tts/wavefake_00567.wav,TTS,WaveFake,SPK_Wav_087,en,SPOOF_DF,HiFi-GAN,Clean,pcm_16k,16000,3.25,train
data/tts/wavefake_00568.wav,TTS,WaveFake,SPK_Wav_088,en,SPOOF_DF,HiFi-GAN,Clean,pcm_16k,16000,3.57,train
data/tts/wavefake_00569.wav,TTS,WaveFake,SPK_Wav_089,en,SPOOF_DF,HiFi-GAN,Clean,pcm_16k,16000,4.25,train
data/tts/wavefake_00570.wav,TTS,WaveFake,SPK_Wav_090,en,SPOOF_DF,HiFi-GAN,Clean,pcm_16k,16000,3.64,train
data/tts/wavefake_00571.wav,TTS,WaveFake,SPK_Wav_091,en,SPOOF_DF,HiFi-GAN,Clean,pcm_16k,16000,3.59,train
data/tts/wavefake_00572.wav,TTS,WaveFake,SPK_Wav_092,en,SPOOF_DF,HiFi-GAN,Clean,pcm_16k,16000,4.05,train
data/tts/wavefake_00573.wav,TTS,WaveFake,SPK_Wav_093,en,SPOOF_DF,HiFi-GAN,Clean,pcm_16k,16000,4.01,train
data/tts/wavefake_00574.wav,TTS,WaveFake,SPK_Wav_094,en,SPOOF_DF,HiFi-GAN,Clean,pcm_16k,16000,3.37,train
data/tts/wavefake_00575.wav,TTS,WaveFake,SPK_Wav_095,en,SPOOF_DF,HiFi-GAN,Clean,pcm_16k,16000,3.56,train
data/tts/wavefake_00576.wav,TTS,WaveFake,SPK_Wav_096,en,SPOOF_DF,HiFi-GAN,Clean,pcm_16k,16000,4.09,train
data/tts/wavefake_00577.wav,TTS,WaveFake,SPK_Wav_097,en,SPOOF_DF,HiFi-GAN,Clean,pcm_16k,16000,3.46,train
data/tts/wavefake_00578.wav,TTS,WaveFake,SPK_Wav_098,en,SPOOF_DF,HiFi-GAN,Clean,pcm_16k,16000,4.11,test
data/tts/wavefake_00579.wav,TTS,WaveFake,SPK_Wav_099,en,SPOOF_DF,HiFi-GAN,Clean,pcm_16k,16000,3.46,validation
data/tts/wavefake_00580.wav,TTS,WaveFake,SPK_Wav_100,en,SPOOF_DF,HiFi-GAN,Clean,pcm_16k,16000,2.83,train
data/tts/wavefake_00581.wav,TTS,WaveFake,SPK_Wav_101,en,SPOOF_DF,HiFi-GAN,Clean,pcm_16k,16000,4.14,validation
data/tts/wavefake_00582.wav,TTS,WaveFake,SPK_Wav_102,en,SPOOF_DF,HiFi-GAN,Clean,pcm_16k,16000,3.84,test
data/tts/wavefake_00583.wav,TTS,WaveFake,SPK_Wav_103,en,SPOOF_DF,HiFi-GAN,Clean,pcm_16k,16000,3.5,train
data/tts/wavefake_00584.wav,TTS,WaveFake,SPK_Wav_104,en,SPOOF_DF,HiFi-GAN,Clean,pcm_16k,16000,4.14,validation
data/tts/wavefake_00585.wav,TTS,WaveFake,SPK_Wav_105,en,SPOOF_DF,HiFi-GAN,Clean,pcm_16k,16000,3.98,train
data/tts/wavefake_00586.wav,TTS,WaveFake,SPK_Wav_106,en,SPOOF_DF,HiFi-GAN,Clean,pcm_16k,16000,3.78,validation
data/tts/wavefake_00587.wav,TTS,WaveFake,SPK_Wav_107,en,SPOOF_DF,HiFi-GAN,Clean,pcm_16k,16000,3.69,train
data/tts/wavefake_00588.wav,TTS,WaveFake,SPK_Wav_108,en,SPOOF_DF,HiFi-GAN,Clean,pcm_16k,16000,2.89,validation
data/tts/wavefake_00589.wav,TTS,WaveFake,SPK_Wav_109,en,SPOOF_DF,HiFi-GAN,Clean,pcm_16k,16000,3.91,validation
data/tts/wavefake_00590.wav,TTS,WaveFake,SPK_Wav_110,en,SPOOF_DF,HiFi-GAN,Clean,pcm_16k,16000,2.98,train
data/tts/wavefake_00591.wav,TTS,WaveFake,SPK_Wav_111,en,SPOOF_DF,HiFi-GAN,Clean,pcm_16k,16000,4.27,test
data/tts/wavefake_00592.wav,TTS,WaveFake,SPK_Wav_112,en,SPOOF_DF,HiFi-GAN,Clean,pcm_16k,16000,4.26,train
data/tts/wavefake_00593.wav,TTS,WaveFake,SPK_Wav_113,en,SPOOF_DF,HiFi-GAN,Clean,pcm_16k,16000,3.99,train
data/tts/wavefake_00594.wav,TTS,WaveFake,SPK_Wav_114,en,SPOOF_DF,HiFi-GAN,Clean,pcm_16k,16000,2.9,validation
data/tts/wavefake_00595.wav,TTS,WaveFake,SPK_Wav_115,en,SPOOF_DF,HiFi-GAN,Clean,pcm_16k,16000,3.38,train
data/tts/wavefake_00596.wav,TTS,WaveFake,SPK_Wav_116,en,SPOOF_DF,HiFi-GAN,Clean,pcm_16k,16000,4.28,train
data/tts/wavefake_00597.wav,TTS,WaveFake,SPK_Wav_117,en,SPOOF_DF,HiFi-GAN,Clean,pcm_16k,16000,3.4,train
data/tts/wavefake_00598.wav,TTS,WaveFake,SPK_Wav_118,en,SPOOF_DF,HiFi-GAN,Clean,pcm_16k,16000,4.3,train
data/tts/wavefake_00599.wav,TTS,WaveFake,SPK_Wav_119,en,SPOOF_DF,HiFi-GAN,Clean,pcm_16k,16000,3.7,test
data/tts/wavefake_00600.wav,TTS,WaveFake,SPK_Wav_000,en,SPOOF_DF,HiFi-GAN,Clean,pcm_16k,16000,4.03,train
data/tts/wavefake_00601.wav,TTS,WaveFake,SPK_Wav_001,en,SPOOF_DF,HiFi-GAN,Clean,pcm_16k,16000,3.11,validation
data/tts/wavefake_00602.wav,TTS,WaveFake,SPK_Wav_002,en,SPOOF_DF,HiFi-GAN,Clean,pcm_16k,16000,4.16,validation
data/tts/wavefake_00603.wav,TTS,WaveFake,SPK_Wav_003,en,SPOOF_DF,HiFi-GAN,Clean,pcm_16k,16000,4.16,train
data/tts/wavefake_00604.wav,TTS,WaveFake,SPK_Wav_004,en,SPOOF_DF,HiFi-GAN,Clean,pcm_16k,16000,2.81,validation
data/tts/wavefake_00605.wav,TTS,WaveFake,SPK_Wav_005,en,SPOOF_DF,HiFi-GAN,Clean,pcm_16k,16000,3.32,train
data/tts/wavefake_00606.wav,TTS,WaveFake,SPK_Wav_006,en,SPOOF_DF,HiFi-GAN,Clean,pcm_16k,16000,3.34,test
data/tts/wavefake_00607.wav,TTS,WaveFake,SPK_Wav_007,en,SPOOF_DF,HiFi-GAN,Clean,pcm_16k,16000,3.22,train
data/tts/wavefake_00608.wav,TTS,WaveFake,SPK_Wav_008,en,SPOOF_DF,HiFi-GAN,Clean,pcm_16k,16000,3.14,train
data/tts/wavefake_00609.wav,TTS,WaveFake,SPK_Wav_009,en,SPOOF_DF,HiFi-GAN,Clean,pcm_16k,16000,3.43,train
data/tts/wavefake_00610.wav,TTS,WaveFake,SPK_Wav_010,en,SPOOF_DF,HiFi-GAN,Clean,pcm_16k,16000,4.1,train
data/tts/wavefake_00611.wav,TTS,WaveFake,SPK_Wav_011,en,SPOOF_DF,HiFi-GAN,Clean,pcm_16k,16000,3.96,train
data/tts/wavefake_00612.wav,TTS,WaveFake,SPK_Wav_012,en,SPOOF_DF,HiFi-GAN,Clean,pcm_16k,16000,3.7,train
data/tts/wavefake_00613.wav,TTS,WaveFake,SPK_Wav_013,en,SPOOF_DF,HiFi-GAN,Clean,pcm_16k,16000,3.54,train
data/tts/wavefake_00614.wav,TTS,WaveFake,SPK_Wav_014,en,SPOOF_DF,HiFi-GAN,Clean,pcm_16k,16000,3.37,train
data/tts/wavefake_00615.wav,TTS,WaveFake,SPK_Wav_015,en,SPOOF_DF,HiFi-GAN,Clean,pcm_16k,16000,3.36,train
data/tts/wavefake_00616.wav,TTS,WaveFake,SPK_Wav_016,en,SPOOF_DF,HiFi-GAN,Clean,pcm_16k,16000,2.94,test
data/tts/wavefake_00617.wav,TTS,WaveFake,SPK_Wav_017,en,SPOOF_DF,HiFi-GAN,Clean,pcm_16k,16000,3.64,train
data/tts/wavefake_00618.wav,TTS,WaveFake,SPK_Wav_018,en,SPOOF_DF,HiFi-GAN,Clean,pcm_16k,16000,3.91,train
data/tts/wavefake_00619.wav,TTS,WaveFake,SPK_Wav_019,en,SPOOF_DF,HiFi-GAN,Clean,pcm_16k,16000,4.2,train
data/tts/wavefake_00620.wav,TTS,WaveFake,SPK_Wav_020,en,SPOOF_DF,HiFi-GAN,Clean,pcm_16k,16000,4.18,test
data/tts/wavefake_00621.wav,TTS,WaveFake,SPK_Wav_021,en,SPOOF_DF,HiFi-GAN,Clean,pcm_16k,16000,3.6,train
data/tts/wavefake_00622.wav,TTS,WaveFake,SPK_Wav_022,en,SPOOF_DF,HiFi-GAN,Clean,pcm_16k,16000,2.86,train
data/tts/wavefake_00623.wav,TTS,WaveFake,SPK_Wav_023,en,SPOOF_DF,HiFi-GAN,Clean,pcm_16k,16000,3.16,test
data/tts/wavefake_00624.wav,TTS,WaveFake,SPK_Wav_024,en,SPOOF_DF,HiFi-GAN,Clean,pcm_16k,16000,3.56,test
data/tts/wavefake_00625.wav,TTS,WaveFake,SPK_Wav_025,en,SPOOF_DF,HiFi-GAN,Clean,pcm_16k,16000,3.25,test
data/tts/wavefake_00626.wav,TTS,WaveFake,SPK_Wav_026,en,SPOOF_DF,HiFi-GAN,Clean,pcm_16k,16000,3.36,train
data/tts/wavefake_00627.wav,TTS,WaveFake,SPK_Wav_027,en,SPOOF_DF,HiFi-GAN,Clean,pcm_16k,16000,3.31,validation
data/tts/wavefake_00628.wav,TTS,WaveFake,SPK_Wav_028,en,SPOOF_DF,HiFi-GAN,Clean,pcm_16k,16000,3.48,train
data/tts/wavefake_00629.wav,TTS,WaveFake,SPK_Wav_029,en,SPOOF_DF,HiFi-GAN,Clean,pcm_16k,16000,3.67,train
data/tts/wavefake_00630.wav,TTS,WaveFake,SPK_Wav_030,en,SPOOF_DF,HiFi-GAN,Clean,pcm_16k,16000,2.76,test
data/tts/wavefake_00631.wav,TTS,WaveFake,SPK_Wav_031,en,SPOOF_DF,HiFi-GAN,Clean,pcm_16k,16000,3.14,train
data/tts/wavefake_00632.wav,TTS,WaveFake,SPK_Wav_032,en,SPOOF_DF,HiFi-GAN,Clean,pcm_16k,16000,2.93,train
data/tts/wavefake_00633.wav,TTS,WaveFake,SPK_Wav_033,en,SPOOF_DF,HiFi-GAN,Clean,pcm_16k,16000,3.67,train
data/tts/wavefake_00634.wav,TTS,WaveFake,SPK_Wav_034,en,SPOOF_DF,HiFi-GAN,Clean,pcm_16k,16000,3.81,train
data/tts/wavefake_00635.wav,TTS,WaveFake,SPK_Wav_035,en,SPOOF_DF,HiFi-GAN,Clean,pcm_16k,16000,2.76,train
data/tts/wavefake_00636.wav,TTS,WaveFake,SPK_Wav_036,en,SPOOF_DF,HiFi-GAN,Clean,pcm_16k,16000,4.12,train
data/tts/wavefake_00637.wav,TTS,WaveFake,SPK_Wav_037,en,SPOOF_DF,HiFi-GAN,Clean,pcm_16k,16000,3.23,validation
data/tts/wavefake_00638.wav,TTS,WaveFake,SPK_Wav_038,en,SPOOF_DF,HiFi-GAN,Clean,pcm_16k,16000,3.08,train
data/tts/wavefake_00639.wav,TTS,WaveFake,SPK_Wav_039,en,SPOOF_DF,HiFi-GAN,Clean,pcm_16k,16000,3.89,train
data/tts/wavefake_00640.wav,TTS,WaveFake,SPK_Wav_040,en,SPOOF_DF,HiFi-GAN,Clean,pcm_16k,16000,4.17,train
data/tts/wavefake_00641.wav,TTS,WaveFake,SPK_Wav_041,en,SPOOF_DF,HiFi-GAN,Clean,pcm_16k,16000,4.14,train
data/tts/wavefake_00642.wav,TTS,WaveFake,SPK_Wav_042,en,SPOOF_DF,HiFi-GAN,Clean,pcm_16k,16000,2.73,train
data/tts/wavefake_00643.wav,TTS,WaveFake,SPK_Wav_043,en,SPOOF_DF,HiFi-GAN,Clean,pcm_16k,16000,4.01,train
data/tts/wavefake_00644.wav,TTS,WaveFake,SPK_Wav_044,en,SPOOF_DF,HiFi-GAN,Clean,pcm_16k,16000,3.18,validation
data/tts/wavefake_00645.wav,TTS,WaveFake,SPK_Wav_045,en,SPOOF_DF,HiFi-GAN,Clean,pcm_16k,16000,3.15,train
data/tts/wavefake_00646.wav,TTS,WaveFake,SPK_Wav_046,en,SPOOF_DF,HiFi-GAN,Clean,pcm_16k,16000,3.49,train
data/tts/wavefake_00647.wav,TTS,WaveFake,SPK_Wav_047,en,SPOOF_DF,HiFi-GAN,Clean,pcm_16k,16000,3.81,test
data/tts/wavefake_00648.wav,TTS,WaveFake,SPK_Wav_048,en,SPOOF_DF,HiFi-GAN,Clean,pcm_16k,16000,2.86,train
data/tts/wavefake_00649.wav,TTS,WaveFake,SPK_Wav_049,en,SPOOF_DF,HiFi-GAN,Clean,pcm_16k,16000,4.09,test
data/tts/wavefake_00650.wav,TTS,WaveFake,SPK_Wav_050,en,SPOOF_DF,HiFi-GAN,Clean,pcm_16k,16000,2.92,train
data/tts/wavefake_00651.wav,TTS,WaveFake,SPK_Wav_051,en,SPOOF_DF,HiFi-GAN,Clean,pcm_16k,16000,4.26,train
data/tts/wavefake_00652.wav,TTS,WaveFake,SPK_Wav_052,en,SPOOF_DF,HiFi-GAN,Clean,pcm_16k,16000,3.41,train
data/tts/wavefake_00653.wav,TTS,WaveFake,SPK_Wav_053,en,SPOOF_DF,HiFi-GAN,Clean,pcm_16k,16000,4.02,train
data/tts/wavefake_00654.wav,TTS,WaveFake,SPK_Wav_054,en,SPOOF_DF,HiFi-GAN,Clean,pcm_16k,16000,3.13,train
data/tts/wavefake_00655.wav,TTS,WaveFake,SPK_Wav_055,en,SPOOF_DF,HiFi-GAN,Clean,pcm_16k,16000,3.37,train
data/tts/wavefake_00656.wav,TTS,WaveFake,SPK_Wav_056,en,SPOOF_DF,HiFi-GAN,Clean,pcm_16k,16000,3.73,test
data/tts/wavefake_00657.wav,TTS,WaveFake,SPK_Wav_057,en,SPOOF_DF,HiFi-GAN,Clean,pcm_16k,16000,3.0,train
data/tts/wavefake_00658.wav,TTS,WaveFake,SPK_Wav_058,en,SPOOF_DF,HiFi-GAN,Clean,pcm_16k,16000,3.04,train
data/tts/wavefake_00659.wav,TTS,WaveFake,SPK_Wav_059,en,SPOOF_DF,HiFi-GAN,Clean,pcm_16k,16000,4.02,test
data/tts/wavefake_00660.wav,TTS,WaveFake,SPK_Wav_060,en,SPOOF_DF,HiFi-GAN,Clean,pcm_16k,16000,3.89,train
data/tts/wavefake_00661.wav,TTS,WaveFake,SPK_Wav_061,en,SPOOF_DF,HiFi-GAN,Clean,pcm_16k,16000,3.92,train
data/tts/wavefake_00662.wav,TTS,WaveFake,SPK_Wav_062,en,SPOOF_DF,HiFi-GAN,Clean,pcm_16k,16000,4.09,train
data/tts/wavefake_00663.wav,TTS,WaveFake,SPK_Wav_063,en,SPOOF_DF,HiFi-GAN,Clean,pcm_16k,16000,4.01,train
data/tts/wavefake_00664.wav,TTS,WaveFake,SPK_Wav_064,en,SPOOF_DF,HiFi-GAN,Clean,pcm_16k,16000,3.52,train
data/tts/wavefake_00665.wav,TTS,WaveFake,SPK_Wav_065,en,SPOOF_DF,HiFi-GAN,Clean,pcm_16k,16000,2.95,validation
data/tts/wavefake_00666.wav,TTS,WaveFake,SPK_Wav_066,en,SPOOF_DF,HiFi-GAN,Clean,pcm_16k,16000,3.2,test
data/tts/wavefake_00667.wav,TTS,WaveFake,SPK_Wav_067,en,SPOOF_DF,HiFi-GAN,Clean,pcm_16k,16000,3.51,validation
data/tts/wavefake_00668.wav,TTS,WaveFake,SPK_Wav_068,en,SPOOF_DF,HiFi-GAN,Clean,pcm_16k,16000,2.92,train
data/tts/wavefake_00669.wav,TTS,WaveFake,SPK_Wav_069,en,SPOOF_DF,HiFi-GAN,Clean,pcm_16k,16000,4.06,train
data/tts/wavefake_00670.wav,TTS,WaveFake,SPK_Wav_070,en,SPOOF_DF,HiFi-GAN,Clean,pcm_16k,16000,4.11,train
data/tts/wavefake_00671.wav,TTS,WaveFake,SPK_Wav_071,en,SPOOF_DF,HiFi-GAN,Clean,pcm_16k,16000,2.75,train
data/tts/wavefake_00672.wav,TTS,WaveFake,SPK_Wav_072,en,SPOOF_DF,HiFi-GAN,Clean,pcm_16k,16000,3.01,validation
data/tts/wavefake_00673.wav,TTS,WaveFake,SPK_Wav_073,en,SPOOF_DF,HiFi-GAN,Clean,pcm_16k,16000,4.03,train
data/tts/wavefake_00674.wav,TTS,WaveFake,SPK_Wav_074,en,SPOOF_DF,HiFi-GAN,Clean,pcm_16k,16000,4.04,test
data/tts/wavefake_00675.wav,TTS,WaveFake,SPK_Wav_075,en,SPOOF_DF,HiFi-GAN,Clean,pcm_16k,16000,3.1,train
data/tts/wavefake_00676.wav,TTS,WaveFake,SPK_Wav_076,en,SPOOF_DF,HiFi-GAN,Clean,pcm_16k,16000,3.43,test
data/tts/wavefake_00677.wav,TTS,WaveFake,SPK_Wav_077,en,SPOOF_DF,HiFi-GAN,Clean,pcm_16k,16000,4.17,test
data/tts/wavefake_00678.wav,TTS,WaveFake,SPK_Wav_078,en,SPOOF_DF,HiFi-GAN,Clean,pcm_16k,16000,3.83,train
data/tts/wavefake_00679.wav,TTS,WaveFake,SPK_Wav_079,en,SPOOF_DF,HiFi-GAN,Clean,pcm_16k,16000,3.14,train
data/tts/wavefake_00680.wav,TTS,WaveFake,SPK_Wav_080,en,SPOOF_DF,HiFi-GAN,Clean,pcm_16k,16000,4.02,train
data/tts/wavefake_00681.wav,TTS,WaveFake,SPK_Wav_081,en,SPOOF_DF,HiFi-GAN,Clean,pcm_16k,16000,3.51,train
data/tts/wavefake_00682.wav,TTS,WaveFake,SPK_Wav_082,en,SPOOF_DF,HiFi-GAN,Clean,pcm_16k,16000,3.72,validation
data/tts/wavefake_00683.wav,TTS,WaveFake,SPK_Wav_083,en,SPOOF_DF,HiFi-GAN,Clean,pcm_16k,16000,2.9,train
data/tts/wavefake_00684.wav,TTS,WaveFake,SPK_Wav_084,en,SPOOF_DF,HiFi-GAN,Clean,pcm_16k,16000,2.75,train
data/tts/wavefake_00685.wav,TTS,WaveFake,SPK_Wav_085,en,SPOOF_DF,HiFi-GAN,Clean,pcm_16k,16000,3.3,validation
data/tts/wavefake_00686.wav,TTS,WaveFake,SPK_Wav_086,en,SPOOF_DF,HiFi-GAN,Clean,pcm_16k,16000,3.65,train
data/tts/wavefake_00687.wav,TTS,WaveFake,SPK_Wav_087,en,SPOOF_DF,HiFi-GAN,Clean,pcm_16k,16000,2.98,train
data/tts/wavefake_00688.wav,TTS,WaveFake,SPK_Wav_088,en,SPOOF_DF,HiFi-GAN,Clean,pcm_16k,16000,4.09,train
data/tts/wavefake_00689.wav,TTS,WaveFake,SPK_Wav_089,en,SPOOF_DF,HiFi-GAN,Clean,pcm_16k,16000,3.64,train
data/tts/wavefake_00690.wav,TTS,WaveFake,SPK_Wav_090,en,SPOOF_DF,HiFi-GAN,Clean,pcm_16k,16000,3.26,train
data/tts/wavefake_00691.wav,TTS,WaveFake,SPK_Wav_091,en,SPOOF_DF,HiFi-GAN,Clean,pcm_16k,16000,2.96,train
data/tts/wavefake_00692.wav,TTS,WaveFake,SPK_Wav_092,en,SPOOF_DF,HiFi-GAN,Clean,pcm_16k,16000,4.13,train
data/tts/wavefake_00693.wav,TTS,WaveFake,SPK_Wav_093,en,SPOOF_DF,HiFi-GAN,Clean,pcm_16k,16000,3.9,train
data/tts/wavefake_00694.wav,TTS,WaveFake,SPK_Wav_094,en,SPOOF_DF,HiFi-GAN,Clean,pcm_16k,16000,3.8,train
data/tts/wavefake_00695.wav,TTS,WaveFake,SPK_Wav_095,en,SPOOF_DF,HiFi-GAN,Clean,pcm_16k,16000,3.16,train
data/tts/wavefake_00696.wav,TTS,WaveFake,SPK_Wav_096,en,SPOOF_DF,HiFi-GAN,Clean,pcm_16k,16000,3.32,train
data/tts/wavefake_00697.wav,TTS,WaveFake,SPK_Wav_097,en,SPOOF_DF,HiFi-GAN,Clean,pcm_16k,16000,2.96,train
data/tts/wavefake_00698.wav,TTS,WaveFake,SPK_Wav_098,en,SPOOF_DF,HiFi-GAN,Clean,pcm_16k,16000,3.62,test
data/tts/wavefake_00699.wav,TTS,WaveFake,SPK_Wav_099,en,SPOOF_DF,HiFi-GAN,Clean,pcm_16k,16000,4.24,validation
data/tts/wavefake_00700.wav,TTS,WaveFake,SPK_Wav_100,en,SPOOF_DF,HiFi-GAN,Clean,pcm_16k,16000,4.07,train
data/tts/wavefake_00701.wav,TTS,WaveFake,SPK_Wav_101,en,SPOOF_DF,HiFi-GAN,Clean,pcm_16k,16000,3.74,validation
data/tts/wavefake_00702.wav,TTS,WaveFake,SPK_Wav_102,en,SPOOF_DF,HiFi-GAN,Clean,pcm_16k,16000,3.78,test
data/tts/wavefake_00703.wav,TTS,WaveFake,SPK_Wav_103,en,SPOOF_DF,HiFi-GAN,Clean,pcm_16k,16000,3.13,train
data/tts/wavefake_00704.wav,TTS,WaveFake,SPK_Wav_104,en,SPOOF_DF,HiFi-GAN,Clean,pcm_16k,16000,3.36,validation
data/tts/wavefake_00705.wav,TTS,WaveFake,SPK_Wav_105,en,SPOOF_DF,HiFi-GAN,Clean,pcm_16k,16000,2.73,train
data/tts/wavefake_00706.wav,TTS,WaveFake,SPK_Wav_106,en,SPOOF_DF,HiFi-GAN,Clean,pcm_16k,16000,3.95,validation
data/tts/wavefake_00707.wav,TTS,WaveFake,SPK_Wav_107,en,SPOOF_DF,HiFi-GAN,Clean,pcm_16k,16000,3.93,train
data/tts/wavefake_00708.wav,TTS,WaveFake,SPK_Wav_108,en,SPOOF_DF,HiFi-GAN,Clean,pcm_16k,16000,2.71,validation
data/tts/wavefake_00709.wav,TTS,WaveFake,SPK_Wav_109,en,SPOOF_DF,HiFi-GAN,Clean,pcm_16k,16000,4.16,validation
data/tts/wavefake_00710.wav,TTS,WaveFake,SPK_Wav_110,en,SPOOF_DF,HiFi-GAN,Clean,pcm_16k,16000,3.74,train
data/tts/wavefake_00711.wav,TTS,WaveFake,SPK_Wav_111,en,SPOOF_DF,HiFi-GAN,Clean,pcm_16k,16000,3.66,test
data/tts/wavefake_00712.wav,TTS,WaveFake,SPK_Wav_112,en,SPOOF_DF,HiFi-GAN,Clean,pcm_16k,16000,2.71,train
data/tts/wavefake_00713.wav,TTS,WaveFake,SPK_Wav_113,en,SPOOF_DF,HiFi-GAN,Clean,pcm_16k,16000,3.1,train
data/tts/wavefake_00714.wav,TTS,WaveFake,SPK_Wav_114,en,SPOOF_DF,HiFi-GAN,Clean,pcm_16k,16000,3.99,validation
data/tts/wavefake_00715.wav,TTS,WaveFake,SPK_Wav_115,en,SPOOF_DF,HiFi-GAN,Clean,pcm_16k,16000,3.19,train
data/tts/wavefake_00716.wav,TTS,WaveFake,SPK_Wav_116,en,SPOOF_DF,HiFi-GAN,Clean,pcm_16k,16000,4.25,train
data/tts/wavefake_00717.wav,TTS,WaveFake,SPK_Wav_117,en,SPOOF_DF,HiFi-GAN,Clean,pcm_16k,16000,3.73,train
data/tts/wavefake_00718.wav,TTS,WaveFake,SPK_Wav_118,en,SPOOF_DF,HiFi-GAN,Clean,pcm_16k,16000,3.38,train
data/tts/wavefake_00719.wav,TTS,WaveFake,SPK_Wav_119,en,SPOOF_DF,HiFi-GAN,Clean,pcm_16k,16000,3.3,test
data/tts/wavefake_00720.wav,TTS,WaveFake,SPK_Wav_000,en,SPOOF_DF,HiFi-GAN,Clean,pcm_16k,16000,3.26,train
data/tts/wavefake_00721.wav,TTS,WaveFake,SPK_Wav_001,en,SPOOF_DF,HiFi-GAN,Clean,pcm_16k,16000,3.1,validation
data/tts/wavefake_00722.wav,TTS,WaveFake,SPK_Wav_002,en,SPOOF_DF,HiFi-GAN,Clean,pcm_16k,16000,3.45,validation
data/tts/wavefake_00723.wav,TTS,WaveFake,SPK_Wav_003,en,SPOOF_DF,HiFi-GAN,Clean,pcm_16k,16000,3.78,train
data/tts/wavefake_00724.wav,TTS,WaveFake,SPK_Wav_004,en,SPOOF_DF,HiFi-GAN,Clean,pcm_16k,16000,4.02,validation
data/tts/wavefake_00725.wav,TTS,WaveFake,SPK_Wav_005,en,SPOOF_DF,HiFi-GAN,Clean,pcm_16k,16000,3.34,train
data/tts/wavefake_00726.wav,TTS,WaveFake,SPK_Wav_006,en,SPOOF_DF,HiFi-GAN,Clean,pcm_16k,16000,2.86,test
data/tts/wavefake_00727.wav,TTS,WaveFake,SPK_Wav_007,en,SPOOF_DF,HiFi-GAN,Clean,pcm_16k,16000,3.52,train
data/tts/wavefake_00728.wav,TTS,WaveFake,SPK_Wav_008,en,SPOOF_DF,HiFi-GAN,Clean,pcm_16k,16000,3.76,train
data/tts/wavefake_00729.wav,TTS,WaveFake,SPK_Wav_009,en,SPOOF_DF,HiFi-GAN,Clean,pcm_16k,16000,4.05,train
data/tts/wavefake_00730.wav,TTS,WaveFake,SPK_Wav_010,en,SPOOF_DF,HiFi-GAN,Clean,pcm_16k,16000,3.3,train
data/tts/wavefake_00731.wav,TTS,WaveFake,SPK_Wav_011,en,SPOOF_DF,HiFi-GAN,Clean,pcm_16k,16000,3.74,train
data/tts/wavefake_00732.wav,TTS,WaveFake,SPK_Wav_012,en,SPOOF_DF,HiFi-GAN,Clean,pcm_16k,16000,3.67,train
data/tts/wavefake_00733.wav,TTS,WaveFake,SPK_Wav_013,en,SPOOF_DF,HiFi-GAN,Clean,pcm_16k,16000,3.18,train
data/tts/wavefake_00734.wav,TTS,WaveFake,SPK_Wav_014,en,SPOOF_DF,HiFi-GAN,Clean,pcm_16k,16000,2.87,train
data/tts/wavefake_00735.wav,TTS,WaveFake,SPK_Wav_015,en,SPOOF_DF,HiFi-GAN,Clean,pcm_16k,16000,2.8,train
data/tts/wavefake_00736.wav,TTS,WaveFake,SPK_Wav_016,en,SPOOF_DF,HiFi-GAN,Clean,pcm_16k,16000,4.28,test
data/tts/wavefake_00737.wav,TTS,WaveFake,SPK_Wav_017,en,SPOOF_DF,HiFi-GAN,Clean,pcm_16k,16000,3.72,train
data/tts/wavefake_00738.wav,TTS,WaveFake,SPK_Wav_018,en,SPOOF_DF,HiFi-GAN,Clean,pcm_16k,16000,4.08,train
data/tts/wavefake_00739.wav,TTS,WaveFake,SPK_Wav_019,en,SPOOF_DF,HiFi-GAN,Clean,pcm_16k,16000,3.12,train
data/tts/wavefake_00740.wav,TTS,WaveFake,SPK_Wav_020,en,SPOOF_DF,HiFi-GAN,Clean,pcm_16k,16000,3.84,test
data/tts/wavefake_00741.wav,TTS,WaveFake,SPK_Wav_021,en,SPOOF_DF,HiFi-GAN,Clean,pcm_16k,16000,4.13,train
data/tts/wavefake_00742.wav,TTS,WaveFake,SPK_Wav_022,en,SPOOF_DF,HiFi-GAN,Clean,pcm_16k,16000,3.18,train
data/tts/wavefake_00743.wav,TTS,WaveFake,SPK_Wav_023,en,SPOOF_DF,HiFi-GAN,Clean,pcm_16k,16000,2.94,test
data/tts/wavefake_00744.wav,TTS,WaveFake,SPK_Wav_024,en,SPOOF_DF,HiFi-GAN,Clean,pcm_16k,16000,3.92,test
data/tts/wavefake_00745.wav,TTS,WaveFake,SPK_Wav_025,en,SPOOF_DF,HiFi-GAN,Clean,pcm_16k,16000,4.14,test
data/tts/wavefake_00746.wav,TTS,WaveFake,SPK_Wav_026,en,SPOOF_DF,HiFi-GAN,Clean,pcm_16k,16000,3.99,train
data/tts/wavefake_00747.wav,TTS,WaveFake,SPK_Wav_027,en,SPOOF_DF,HiFi-GAN,Clean,pcm_16k,16000,3.98,validation
data/tts/wavefake_00748.wav,TTS,WaveFake,SPK_Wav_028,en,SPOOF_DF,HiFi-GAN,Clean,pcm_16k,16000,3.66,train
data/tts/wavefake_00749.wav,TTS,WaveFake,SPK_Wav_029,en,SPOOF_DF,HiFi-GAN,Clean,pcm_16k,16000,3.76,train
data/tts/wavefake_00750.wav,TTS,WaveFake,SPK_Wav_030,en,SPOOF_DF,HiFi-GAN,Clean,pcm_16k,16000,3.79,test
data/tts/wavefake_00751.wav,TTS,WaveFake,SPK_Wav_031,en,SPOOF_DF,HiFi-GAN,Clean,pcm_16k,16000,3.85,train
data/tts/wavefake_00752.wav,TTS,WaveFake,SPK_Wav_032,en,SPOOF_DF,HiFi-GAN,Clean,pcm_16k,16000,3.75,train
data/tts/wavefake_00753.wav,TTS,WaveFake,SPK_Wav_033,en,SPOOF_DF,HiFi-GAN,Clean,pcm_16k,16000,4.3,train
data/tts/wavefake_00754.wav,TTS,WaveFake,SPK_Wav_034,en,SPOOF_DF,HiFi-GAN,Clean,pcm_16k,16000,3.12,train
data/tts/wavefake_00755.wav,TTS,WaveFake,SPK_Wav_035,en,SPOOF_DF,HiFi-GAN,Clean,pcm_16k,16000,3.37,train
data/tts/wavefake_00756.wav,TTS,WaveFake,SPK_Wav_036,en,SPOOF_DF,HiFi-GAN,Clean,pcm_16k,16000,3.32,train
data/tts/wavefake_00757.wav,TTS,WaveFake,SPK_Wav_037,en,SPOOF_DF,HiFi-GAN,Clean,pcm_16k,16000,2.76,validation
data/tts/wavefake_00758.wav,TTS,WaveFake,SPK_Wav_038,en,SPOOF_DF,HiFi-GAN,Clean,pcm_16k,16000,3.83,train
data/tts/wavefake_00759.wav,TTS,WaveFake,SPK_Wav_039,en,SPOOF_DF,HiFi-GAN,Clean,pcm_16k,16000,3.62,train
data/tts/wavefake_00760.wav,TTS,WaveFake,SPK_Wav_040,en,SPOOF_DF,HiFi-GAN,Clean,pcm_16k,16000,3.0,train
data/tts/wavefake_00761.wav,TTS,WaveFake,SPK_Wav_041,en,SPOOF_DF,HiFi-GAN,Clean,pcm_16k,16000,3.86,train
data/tts/wavefake_00762.wav,TTS,WaveFake,SPK_Wav_042,en,SPOOF_DF,HiFi-GAN,Clean,pcm_16k,16000,3.06,train
data/tts/wavefake_00763.wav,TTS,WaveFake,SPK_Wav_043,en,SPOOF_DF,HiFi-GAN,Clean,pcm_16k,16000,3.56,train
data/tts/wavefake_00764.wav,TTS,WaveFake,SPK_Wav_044,en,SPOOF_DF,HiFi-GAN,Clean,pcm_16k,16000,3.96,validation
data/tts/wavefake_00765.wav,TTS,WaveFake,SPK_Wav_045,en,SPOOF_DF,HiFi-GAN,Clean,pcm_16k,16000,4.15,train
data/tts/wavefake_00766.wav,TTS,WaveFake,SPK_Wav_046,en,SPOOF_DF,HiFi-GAN,Clean,pcm_16k,16000,3.77,train
data/tts/wavefake_00767.wav,TTS,WaveFake,SPK_Wav_047,en,SPOOF_DF,HiFi-GAN,Clean,pcm_16k,16000,3.51,test
data/tts/wavefake_00768.wav,TTS,WaveFake,SPK_Wav_048,en,SPOOF_DF,HiFi-GAN,Clean,pcm_16k,16000,4.05,train
data/tts/wavefake_00769.wav,TTS,WaveFake,SPK_Wav_049,en,SPOOF_DF,HiFi-GAN,Clean,pcm_16k,16000,4.05,test
data/tts/wavefake_00770.wav,TTS,WaveFake,SPK_Wav_050,en,SPOOF_DF,HiFi-GAN,Clean,pcm_16k,16000,4.1,train
data/tts/wavefake_00771.wav,TTS,WaveFake,SPK_Wav_051,en,SPOOF_DF,HiFi-GAN,Clean,pcm_16k,16000,2.99,train
data/tts/wavefake_00772.wav,TTS,WaveFake,SPK_Wav_052,en,SPOOF_DF,HiFi-GAN,Clean,pcm_16k,16000,2.86,train
data/tts/wavefake_00773.wav,TTS,WaveFake,SPK_Wav_053,en,SPOOF_DF,HiFi-GAN,Clean,pcm_16k,16000,2.9,train
data/tts/wavefake_00774.wav,TTS,WaveFake,SPK_Wav_054,en,SPOOF_DF,HiFi-GAN,Clean,pcm_16k,16000,3.11,train
data/tts/wavefake_00775.wav,TTS,WaveFake,SPK_Wav_055,en,SPOOF_DF,HiFi-GAN,Clean,pcm_16k,16000,3.99,train
data/tts/wavefake_00776.wav,TTS,WaveFake,SPK_Wav_056,en,SPOOF_DF,HiFi-GAN,Clean,pcm_16k,16000,3.92,test
data/tts/wavefake_00777.wav,TTS,WaveFake,SPK_Wav_057,en,SPOOF_DF,HiFi-GAN,Clean,pcm_16k,16000,2.99,train
data/tts/wavefake_00778.wav,TTS,WaveFake,SPK_Wav_058,en,SPOOF_DF,HiFi-GAN,Clean,pcm_16k,16000,3.79,train
data/tts/wavefake_00779.wav,TTS,WaveFake,SPK_Wav_059,en,SPOOF_DF,HiFi-GAN,Clean,pcm_16k,16000,3.24,test
data/tts/wavefake_00780.wav,TTS,WaveFake,SPK_Wav_060,en,SPOOF_DF,HiFi-GAN,Clean,pcm_16k,16000,2.84,train
data/tts/wavefake_00781.wav,TTS,WaveFake,SPK_Wav_061,en,SPOOF_DF,HiFi-GAN,Clean,pcm_16k,16000,3.27,train
data/tts/wavefake_00782.wav,TTS,WaveFake,SPK_Wav_062,en,SPOOF_DF,HiFi-GAN,Clean,pcm_16k,16000,3.89,train
data/tts/wavefake_00783.wav,TTS,WaveFake,SPK_Wav_063,en,SPOOF_DF,HiFi-GAN,Clean,pcm_16k,16000,3.19,train
data/tts/wavefake_00784.wav,TTS,WaveFake,SPK_Wav_064,en,SPOOF_DF,HiFi-GAN,Clean,pcm_16k,16000,3.96,train
data/tts/wavefake_00785.wav,TTS,WaveFake,SPK_Wav_065,en,SPOOF_DF,HiFi-GAN,Clean,pcm_16k,16000,3.23,validation
data/tts/wavefake_00786.wav,TTS,WaveFake,SPK_Wav_066,en,SPOOF_DF,HiFi-GAN,Clean,pcm_16k,16000,3.12,test
data/tts/wavefake_00787.wav,TTS,WaveFake,SPK_Wav_067,en,SPOOF_DF,HiFi-GAN,Clean,pcm_16k,16000,3.17,validation
data/tts/wavefake_00788.wav,TTS,WaveFake,SPK_Wav_068,en,SPOOF_DF,HiFi-GAN,Clean,pcm_16k,16000,4.06,train
data/tts/wavefake_00789.wav,TTS,WaveFake,SPK_Wav_069,en,SPOOF_DF,HiFi-GAN,Clean,pcm_16k,16000,3.45,train
data/tts/wavefake_00790.wav,TTS,WaveFake,SPK_Wav_070,en,SPOOF_DF,HiFi-GAN,Clean,pcm_16k,16000,4.09,train
data/tts/wavefake_00791.wav,TTS,WaveFake,SPK_Wav_071,en,SPOOF_DF,HiFi-GAN,Clean,pcm_16k,16000,3.63,train
data/tts/wavefake_00792.wav,TTS,WaveFake,SPK_Wav_072,en,SPOOF_DF,HiFi-GAN,Clean,pcm_16k,16000,4.21,validation
data/tts/wavefake_00793.wav,TTS,WaveFake,SPK_Wav_073,en,SPOOF_DF,HiFi-GAN,Clean,pcm_16k,16000,2.81,train
data/tts/wavefake_00794.wav,TTS,WaveFake,SPK_Wav_074,en,SPOOF_DF,HiFi-GAN,Clean,pcm_16k,16000,4.12,test
data/tts/wavefake_00795.wav,TTS,WaveFake,SPK_Wav_075,en,SPOOF_DF,HiFi-GAN,Clean,pcm_16k,16000,3.5,train
data/tts/wavefake_00796.wav,TTS,WaveFake,SPK_Wav_076,en,SPOOF_DF,HiFi-GAN,Clean,pcm_16k,16000,4.09,test
data/tts/wavefake_00797.wav,TTS,WaveFake,SPK_Wav_077,en,SPOOF_DF,HiFi-GAN,Clean,pcm_16k,16000,3.31,test
data/tts/wavefake_00798.wav,TTS,WaveFake,SPK_Wav_078,en,SPOOF_DF,HiFi-GAN,Clean,pcm_16k,16000,3.18,train
data/tts/wavefake_00799.wav,TTS,WaveFake,SPK_Wav_079,en,SPOOF_DF,HiFi-GAN,Clean,pcm_16k,16000,2.79,train
data/tts/wavefake_00800.wav,TTS,WaveFake,SPK_Wav_080,en,SPOOF_DF,HiFi-GAN,Clean,pcm_16k,16000,4.07,train
data/tts/wavefake_00801.wav,TTS,WaveFake,SPK_Wav_081,en,SPOOF_DF,HiFi-GAN,Clean,pcm_16k,16000,2.92,train
data/tts/wavefake_00802.wav,TTS,WaveFake,SPK_Wav_082,en,SPOOF_DF,HiFi-GAN,Clean,pcm_16k,16000,3.02,validation
data/tts/wavefake_00803.wav,TTS,WaveFake,SPK_Wav_083,en,SPOOF_DF,HiFi-GAN,Clean,pcm_16k,16000,3.35,train
data/tts/wavefake_00804.wav,TTS,WaveFake,SPK_Wav_084,en,SPOOF_DF,HiFi-GAN,Clean,pcm_16k,16000,3.61,train
data/tts/wavefake_00805.wav,TTS,WaveFake,SPK_Wav_085,en,SPOOF_DF,HiFi-GAN,Clean,pcm_16k,16000,4.15,validation
data/tts/wavefake_00806.wav,TTS,WaveFake,SPK_Wav_086,en,SPOOF_DF,HiFi-GAN,Clean,pcm_16k,16000,3.43,train
data/tts/wavefake_00807.wav,TTS,WaveFake,SPK_Wav_087,en,SPOOF_DF,HiFi-GAN,Clean,pcm_16k,16000,3.21,train
data/tts/wavefake_00808.wav,TTS,WaveFake,SPK_Wav_088,en,SPOOF_DF,HiFi-GAN,Clean,pcm_16k,16000,3.85,train
data/tts/wavefake_00809.wav,TTS,WaveFake,SPK_Wav_089,en,SPOOF_DF,HiFi-GAN,Clean,pcm_16k,16000,3.95,train
data/tts/wavefake_00810.wav,TTS,WaveFake,SPK_Wav_090,en,SPOOF_DF,HiFi-GAN,Clean,pcm_16k,16000,3.48,train
data/tts/wavefake_00811.wav,TTS,WaveFake,SPK_Wav_091,en,SPOOF_DF,HiFi-GAN,Clean,pcm_16k,16000,3.71,train
data/tts/wavefake_00812.wav,TTS,WaveFake,SPK_Wav_092,en,SPOOF_DF,HiFi-GAN,Clean,pcm_16k,16000,2.98,train
data/tts/wavefake_00813.wav,TTS,WaveFake,SPK_Wav_093,en,SPOOF_DF,HiFi-GAN,Clean,pcm_16k,16000,3.72,train
data/tts/wavefake_00814.wav,TTS,WaveFake,SPK_Wav_094,en,SPOOF_DF,HiFi-GAN,Clean,pcm_16k,16000,2.71,train
data/tts/wavefake_00815.wav,TTS,WaveFake,SPK_Wav_095,en,SPOOF_DF,HiFi-GAN,Clean,pcm_16k,16000,3.14,train
data/tts/wavefake_00816.wav,TTS,WaveFake,SPK_Wav_096,en,SPOOF_DF,HiFi-GAN,Clean,pcm_16k,16000,3.92,train
data/tts/wavefake_00817.wav,TTS,WaveFake,SPK_Wav_097,en,SPOOF_DF,HiFi-GAN,Clean,pcm_16k,16000,2.97,train
data/tts/wavefake_00818.wav,TTS,WaveFake,SPK_Wav_098,en,SPOOF_DF,HiFi-GAN,Clean,pcm_16k,16000,3.92,test
data/tts/wavefake_00819.wav,TTS,WaveFake,SPK_Wav_099,en,SPOOF_DF,HiFi-GAN,Clean,pcm_16k,16000,3.48,validation
data/tts/wavefake_00820.wav,TTS,WaveFake,SPK_Wav_100,en,SPOOF_DF,HiFi-GAN,Clean,pcm_16k,16000,3.92,train
data/tts/wavefake_00821.wav,TTS,WaveFake,SPK_Wav_101,en,SPOOF_DF,HiFi-GAN,Clean,pcm_16k,16000,2.84,validation
data/tts/wavefake_00822.wav,TTS,WaveFake,SPK_Wav_102,en,SPOOF_DF,HiFi-GAN,Clean,pcm_16k,16000,3.68,test
data/tts/wavefake_00823.wav,TTS,WaveFake,SPK_Wav_103,en,SPOOF_DF,HiFi-GAN,Clean,pcm_16k,16000,3.71,train
data/tts/wavefake_00824.wav,TTS,WaveFake,SPK_Wav_104,en,SPOOF_DF,HiFi-GAN,Clean,pcm_16k,16000,3.35,validation
data/tts/wavefake_00825.wav,TTS,WaveFake,SPK_Wav_105,en,SPOOF_DF,HiFi-GAN,Clean,pcm_16k,16000,4.24,train
data/tts/wavefake_00826.wav,TTS,WaveFake,SPK_Wav_106,en,SPOOF_DF,HiFi-GAN,Clean,pcm_16k,16000,3.31,validation
data/tts/wavefake_00827.wav,TTS,WaveFake,SPK_Wav_107,en,SPOOF_DF,HiFi-GAN,Clean,pcm_16k,16000,2.76,train
data/tts/wavefake_00828.wav,TTS,WaveFake,SPK_Wav_108,en,SPOOF_DF,HiFi-GAN,Clean,pcm_16k,16000,3.02,validation
data/tts/wavefake_00829.wav,TTS,WaveFake,SPK_Wav_109,en,SPOOF_DF,HiFi-GAN,Clean,pcm_16k,16000,3.3,validation
data/tts/wavefake_00830.wav,TTS,WaveFake,SPK_Wav_110,en,SPOOF_DF,HiFi-GAN,Clean,pcm_16k,16000,2.72,train
data/tts/wavefake_00831.wav,TTS,WaveFake,SPK_Wav_111,en,SPOOF_DF,HiFi-GAN,Clean,pcm_16k,16000,3.22,test
data/tts/wavefake_00832.wav,TTS,WaveFake,SPK_Wav_112,en,SPOOF_DF,HiFi-GAN,Clean,pcm_16k,16000,4.03,train
data/tts/wavefake_00833.wav,TTS,WaveFake,SPK_Wav_113,en,SPOOF_DF,HiFi-GAN,Clean,pcm_16k,16000,3.0,train
data/tts/wavefake_00834.wav,TTS,WaveFake,SPK_Wav_114,en,SPOOF_DF,HiFi-GAN,Clean,pcm_16k,16000,3.78,validation
data/tts/wavefake_00835.wav,TTS,WaveFake,SPK_Wav_115,en,SPOOF_DF,HiFi-GAN,Clean,pcm_16k,16000,3.7,train
data/tts/wavefake_00836.wav,TTS,WaveFake,SPK_Wav_116,en,SPOOF_DF,HiFi-GAN,Clean,pcm_16k,16000,3.1,train
data/tts/wavefake_00837.wav,TTS,WaveFake,SPK_Wav_117,en,SPOOF_DF,HiFi-GAN,Clean,pcm_16k,16000,3.81,train
data/tts/wavefake_00838.wav,TTS,WaveFake,SPK_Wav_118,en,SPOOF_DF,HiFi-GAN,Clean,pcm_16k,16000,3.25,train
data/tts/wavefake_00839.wav,TTS,WaveFake,SPK_Wav_119,en,SPOOF_DF,HiFi-GAN,Clean,pcm_16k,16000,2.91,test
data/tts/wavefake_00840.wav,TTS,WaveFake,SPK_Wav_000,en,SPOOF_DF,HiFi-GAN,Clean,pcm_16k,16000,3.31,train
data/tts/wavefake_00841.wav,TTS,WaveFake,SPK_Wav_001,en,SPOOF_DF,HiFi-GAN,Clean,pcm_16k,16000,3.64,validation
data/tts/wavefake_00842.wav,TTS,WaveFake,SPK_Wav_002,en,SPOOF_DF,HiFi-GAN,Clean,pcm_16k,16000,2.97,validation
data/tts/wavefake_00843.wav,TTS,WaveFake,SPK_Wav_003,en,SPOOF_DF,HiFi-GAN,Clean,pcm_16k,16000,4.02,train
data/tts/wavefake_00844.wav,TTS,WaveFake,SPK_Wav_004,en,SPOOF_DF,HiFi-GAN,Clean,pcm_16k,16000,3.18,validation
data/tts/wavefake_00845.wav,TTS,WaveFake,SPK_Wav_005,en,SPOOF_DF,HiFi-GAN,Clean,pcm_16k,16000,3.17,train
data/tts/wavefake_00846.wav,TTS,WaveFake,SPK_Wav_006,en,SPOOF_DF,HiFi-GAN,Clean,pcm_16k,16000,3.86,test
data/tts/wavefake_00847.wav,TTS,WaveFake,SPK_Wav_007,en,SPOOF_DF,HiFi-GAN,Clean,pcm_16k,16000,3.65,train
data/tts/wavefake_00848.wav,TTS,WaveFake,SPK_Wav_008,en,SPOOF_DF,HiFi-GAN,Clean,pcm_16k,16000,3.24,train
data/tts/wavefake_00849.wav,TTS,WaveFake,SPK_Wav_009,en,SPOOF_DF,HiFi-GAN,Clean,pcm_16k,16000,4.12,train
data/tts/wavefake_00850.wav,TTS,WaveFake,SPK_Wav_010,en,SPOOF_DF,HiFi-GAN,Clean,pcm_16k,16000,4.29,train
data/tts/wavefake_00851.wav,TTS,WaveFake,SPK_Wav_011,en,SPOOF_DF,HiFi-GAN,Clean,pcm_16k,16000,3.25,train
data/tts/wavefake_00852.wav,TTS,WaveFake,SPK_Wav_012,en,SPOOF_DF,HiFi-GAN,Clean,pcm_16k,16000,4.14,train
data/tts/wavefake_00853.wav,TTS,WaveFake,SPK_Wav_013,en,SPOOF_DF,HiFi-GAN,Clean,pcm_16k,16000,3.27,train
data/tts/wavefake_00854.wav,TTS,WaveFake,SPK_Wav_014,en,SPOOF_DF,HiFi-GAN,Clean,pcm_16k,16000,3.0,train
data/tts/wavefake_00855.wav,TTS,WaveFake,SPK_Wav_015,en,SPOOF_DF,HiFi-GAN,Clean,pcm_16k,16000,4.22,train
data/tts/wavefake_00856.wav,TTS,WaveFake,SPK_Wav_016,en,SPOOF_DF,HiFi-GAN,Clean,pcm_16k,16000,4.17,test
data/tts/wavefake_00857.wav,TTS,WaveFake,SPK_Wav_017,en,SPOOF_DF,HiFi-GAN,Clean,pcm_16k,16000,3.35,train
data/tts/wavefake_00858.wav,TTS,WaveFake,SPK_Wav_018,en,SPOOF_DF,HiFi-GAN,Clean,pcm_16k,16000,3.07,train
data/tts/wavefake_00859.wav,TTS,WaveFake,SPK_Wav_019,en,SPOOF_DF,HiFi-GAN,Clean,pcm_16k,16000,3.86,train
data/tts/wavefake_00860.wav,TTS,WaveFake,SPK_Wav_020,en,SPOOF_DF,HiFi-GAN,Clean,pcm_16k,16000,2.91,test
data/tts/wavefake_00861.wav,TTS,WaveFake,SPK_Wav_021,en,SPOOF_DF,HiFi-GAN,Clean,pcm_16k,16000,3.87,train
data/tts/wavefake_00862.wav,TTS,WaveFake,SPK_Wav_022,en,SPOOF_DF,HiFi-GAN,Clean,pcm_16k,16000,3.64,train
data/tts/wavefake_00863.wav,TTS,WaveFake,SPK_Wav_023,en,SPOOF_DF,HiFi-GAN,Clean,pcm_16k,16000,2.97,test
data/tts/wavefake_00864.wav,TTS,WaveFake,SPK_Wav_024,en,SPOOF_DF,HiFi-GAN,Clean,pcm_16k,16000,3.29,test
data/tts/wavefake_00865.wav,TTS,WaveFake,SPK_Wav_025,en,SPOOF_DF,HiFi-GAN,Clean,pcm_16k,16000,3.74,test
data/tts/wavefake_00866.wav,TTS,WaveFake,SPK_Wav_026,en,SPOOF_DF,HiFi-GAN,Clean,pcm_16k,16000,2.76,train
data/tts/wavefake_00867.wav,TTS,WaveFake,SPK_Wav_027,en,SPOOF_DF,HiFi-GAN,Clean,pcm_16k,16000,4.1,validation
data/tts/wavefake_00868.wav,TTS,WaveFake,SPK_Wav_028,en,SPOOF_DF,HiFi-GAN,Clean,pcm_16k,16000,3.11,train
data/tts/wavefake_00869.wav,TTS,WaveFake,SPK_Wav_029,en,SPOOF_DF,HiFi-GAN,Clean,pcm_16k,16000,3.56,train
data/tts/wavefake_00870.wav,TTS,WaveFake,SPK_Wav_030,en,SPOOF_DF,HiFi-GAN,Clean,pcm_16k,16000,2.78,test
data/tts/wavefake_00871.wav,TTS,WaveFake,SPK_Wav_031,en,SPOOF_DF,HiFi-GAN,Clean,pcm_16k,16000,4.29,train
data/tts/wavefake_00872.wav,TTS,WaveFake,SPK_Wav_032,en,SPOOF_DF,HiFi-GAN,Clean,pcm_16k,16000,3.76,train
data/tts/wavefake_00873.wav,TTS,WaveFake,SPK_Wav_033,en,SPOOF_DF,HiFi-GAN,Clean,pcm_16k,16000,3.75,train
data/tts/wavefake_00874.wav,TTS,WaveFake,SPK_Wav_034,en,SPOOF_DF,HiFi-GAN,Clean,pcm_16k,16000,2.73,train
data/tts/wavefake_00875.wav,TTS,WaveFake,SPK_Wav_035,en,SPOOF_DF,HiFi-GAN,Clean,pcm_16k,16000,3.8,train
data/tts/wavefake_00876.wav,TTS,WaveFake,SPK_Wav_036,en,SPOOF_DF,HiFi-GAN,Clean,pcm_16k,16000,3.37,train
data/tts/wavefake_00877.wav,TTS,WaveFake,SPK_Wav_037,en,SPOOF_DF,HiFi-GAN,Clean,pcm_16k,16000,3.31,validation
data/tts/wavefake_00878.wav,TTS,WaveFake,SPK_Wav_038,en,SPOOF_DF,HiFi-GAN,Clean,pcm_16k,16000,3.58,train
data/tts/wavefake_00879.wav,TTS,WaveFake,SPK_Wav_039,en,SPOOF_DF,HiFi-GAN,Clean,pcm_16k,16000,3.46,train
data/tts/wavefake_00880.wav,TTS,WaveFake,SPK_Wav_040,en,SPOOF_DF,HiFi-GAN,Clean,pcm_16k,16000,2.95,train
data/tts/wavefake_00881.wav,TTS,WaveFake,SPK_Wav_041,en,SPOOF_DF,HiFi-GAN,Clean,pcm_16k,16000,3.81,train
data/tts/wavefake_00882.wav,TTS,WaveFake,SPK_Wav_042,en,SPOOF_DF,HiFi-GAN,Clean,pcm_16k,16000,3.71,train
data/tts/wavefake_00883.wav,TTS,WaveFake,SPK_Wav_043,en,SPOOF_DF,HiFi-GAN,Clean,pcm_16k,16000,3.18,train
data/tts/wavefake_00884.wav,TTS,WaveFake,SPK_Wav_044,en,SPOOF_DF,HiFi-GAN,Clean,pcm_16k,16000,3.76,validation
data/tts/wavefake_00885.wav,TTS,WaveFake,SPK_Wav_045,en,SPOOF_DF,HiFi-GAN,Clean,pcm_16k,16000,3.76,train
data/tts/wavefake_00886.wav,TTS,WaveFake,SPK_Wav_046,en,SPOOF_DF,HiFi-GAN,Clean,pcm_16k,16000,3.13,train
data/tts/wavefake_00887.wav,TTS,WaveFake,SPK_Wav_047,en,SPOOF_DF,HiFi-GAN,Clean,pcm_16k,16000,3.67,test
data/tts/wavefake_00888.wav,TTS,WaveFake,SPK_Wav_048,en,SPOOF_DF,HiFi-GAN,Clean,pcm_16k,16000,2.92,train
data/tts/wavefake_00889.wav,TTS,WaveFake,SPK_Wav_049,en,SPOOF_DF,HiFi-GAN,Clean,pcm_16k,16000,4.03,test
data/tts/wavefake_00890.wav,TTS,WaveFake,SPK_Wav_050,en,SPOOF_DF,HiFi-GAN,Clean,pcm_16k,16000,2.87,train
data/tts/wavefake_00891.wav,TTS,WaveFake,SPK_Wav_051,en,SPOOF_DF,HiFi-GAN,Clean,pcm_16k,16000,3.85,train
data/tts/wavefake_00892.wav,TTS,WaveFake,SPK_Wav_052,en,SPOOF_DF,HiFi-GAN,Clean,pcm_16k,16000,2.89,train
data/tts/wavefake_00893.wav,TTS,WaveFake,SPK_Wav_053,en,SPOOF_DF,HiFi-GAN,Clean,pcm_16k,16000,2.88,train
data/tts/wavefake_00894.wav,TTS,WaveFake,SPK_Wav_054,en,SPOOF_DF,HiFi-GAN,Clean,pcm_16k,16000,2.87,train
data/tts/wavefake_00895.wav,TTS,WaveFake,SPK_Wav_055,en,SPOOF_DF,HiFi-GAN,Clean,pcm_16k,16000,3.02,train
data/tts/wavefake_00896.wav,TTS,WaveFake,SPK_Wav_056,en,SPOOF_DF,HiFi-GAN,Clean,pcm_16k,16000,3.02,test
data/tts/wavefake_00897.wav,TTS,WaveFake,SPK_Wav_057,en,SPOOF_DF,HiFi-GAN,Clean,pcm_16k,16000,3.12,train
data/tts/wavefake_00898.wav,TTS,WaveFake,SPK_Wav_058,en,SPOOF_DF,HiFi-GAN,Clean,pcm_16k,16000,3.54,train
data/tts/wavefake_00899.wav,TTS,WaveFake,SPK_Wav_059,en,SPOOF_DF,HiFi-GAN,Clean,pcm_16k,16000,3.02,test
data/tts/wavefake_00900.wav,TTS,WaveFake,SPK_Wav_060,en,SPOOF_DF,HiFi-GAN,Clean,pcm_16k,16000,3.83,train
data/tts/wavefake_00901.wav,TTS,WaveFake,SPK_Wav_061,en,SPOOF_DF,HiFi-GAN,Clean,pcm_16k,16000,3.17,train
data/tts/wavefake_00902.wav,TTS,WaveFake,SPK_Wav_062,en,SPOOF_DF,HiFi-GAN,Clean,pcm_16k,16000,2.76,train
data/tts/wavefake_00903.wav,TTS,WaveFake,SPK_Wav_063,en,SPOOF_DF,HiFi-GAN,Clean,pcm_16k,16000,3.49,train
data/tts/wavefake_00904.wav,TTS,WaveFake,SPK_Wav_064,en,SPOOF_DF,HiFi-GAN,Clean,pcm_16k,16000,3.03,train
data/tts/wavefake_00905.wav,TTS,WaveFake,SPK_Wav_065,en,SPOOF_DF,HiFi-GAN,Clean,pcm_16k,16000,4.19,validation
data/tts/wavefake_00906.wav,TTS,WaveFake,SPK_Wav_066,en,SPOOF_DF,HiFi-GAN,Clean,pcm_16k,16000,3.23,test
data/tts/wavefake_00907.wav,TTS,WaveFake,SPK_Wav_067,en,SPOOF_DF,HiFi-GAN,Clean,pcm_16k,16000,2.7,validation
data/tts/wavefake_00908.wav,TTS,WaveFake,SPK_Wav_068,en,SPOOF_DF,HiFi-GAN,Clean,pcm_16k,16000,3.77,train
data/tts/wavefake_00909.wav,TTS,WaveFake,SPK_Wav_069,en,SPOOF_DF,HiFi-GAN,Clean,pcm_16k,16000,4.15,train
data/tts/wavefake_00910.wav,TTS,WaveFake,SPK_Wav_070,en,SPOOF_DF,HiFi-GAN,Clean,pcm_16k,16000,4.04,train
data/tts/wavefake_00911.wav,TTS,WaveFake,SPK_Wav_071,en,SPOOF_DF,HiFi-GAN,Clean,pcm_16k,16000,3.77,train
data/tts/wavefake_00912.wav,TTS,WaveFake,SPK_Wav_072,en,SPOOF_DF,HiFi-GAN,Clean,pcm_16k,16000,2.94,validation
data/tts/wavefake_00913.wav,TTS,WaveFake,SPK_Wav_073,en,SPOOF_DF,HiFi-GAN,Clean,pcm_16k,16000,2.84,train
data/tts/wavefake_00914.wav,TTS,WaveFake,SPK_Wav_074,en,SPOOF_DF,HiFi-GAN,Clean,pcm_16k,16000,3.52,test
data/tts/wavefake_00915.wav,TTS,WaveFake,SPK_Wav_075,en,SPOOF_DF,HiFi-GAN,Clean,pcm_16k,16000,3.86,train
data/tts/wavefake_00916.wav,TTS,WaveFake,SPK_Wav_076,en,SPOOF_DF,HiFi-GAN,Clean,pcm_16k,16000,2.86,test
data/tts/wavefake_00917.wav,TTS,WaveFake,SPK_Wav_077,en,SPOOF_DF,HiFi-GAN,Clean,pcm_16k,16000,3.11,test
data/tts/wavefake_00918.wav,TTS,WaveFake,SPK_Wav_078,en,SPOOF_DF,HiFi-GAN,Clean,pcm_16k,16000,3.07,train
data/tts/wavefake_00919.wav,TTS,WaveFake,SPK_Wav_079,en,SPOOF_DF,HiFi-GAN,Clean,pcm_16k,16000,4.28,train
data/tts/wavefake_00920.wav,TTS,WaveFake,SPK_Wav_080,en,SPOOF_DF,HiFi-GAN,Clean,pcm_16k,16000,3.17,train
data/tts/wavefake_00921.wav,TTS,WaveFake,SPK_Wav_081,en,SPOOF_DF,HiFi-GAN,Clean,pcm_16k,16000,3.44,train
data/tts/wavefake_00922.wav,TTS,WaveFake,SPK_Wav_082,en,SPOOF_DF,HiFi-GAN,Clean,pcm_16k,16000,2.86,validation
data/tts/wavefake_00923.wav,TTS,WaveFake,SPK_Wav_083,en,SPOOF_DF,HiFi-GAN,Clean,pcm_16k,16000,2.98,train
data/tts/wavefake_00924.wav,TTS,WaveFake,SPK_Wav_084,en,SPOOF_DF,HiFi-GAN,Clean,pcm_16k,16000,2.76,train
data/tts/wavefake_00925.wav,TTS,WaveFake,SPK_Wav_085,en,SPOOF_DF,HiFi-GAN,Clean,pcm_16k,16000,3.16,validation
data/tts/wavefake_00926.wav,TTS,WaveFake,SPK_Wav_086,en,SPOOF_DF,HiFi-GAN,Clean,pcm_16k,16000,3.98,train
data/tts/wavefake_00927.wav,TTS,WaveFake,SPK_Wav_087,en,SPOOF_DF,HiFi-GAN,Clean,pcm_16k,16000,3.2,train
data/tts/wavefake_00928.wav,TTS,WaveFake,SPK_Wav_088,en,SPOOF_DF,HiFi-GAN,Clean,pcm_16k,16000,3.88,train
data/tts/wavefake_00929.wav,TTS,WaveFake,SPK_Wav_089,en,SPOOF_DF,HiFi-GAN,Clean,pcm_16k,16000,2.85,train
data/tts/wavefake_00930.wav,TTS,WaveFake,SPK_Wav_090,en,SPOOF_DF,HiFi-GAN,Clean,pcm_16k,16000,3.91,train
data/tts/wavefake_00931.wav,TTS,WaveFake,SPK_Wav_091,en,SPOOF_DF,HiFi-GAN,Clean,pcm_16k,16000,2.77,train
data/tts/wavefake_00932.wav,TTS,WaveFake,SPK_Wav_092,en,SPOOF_DF,HiFi-GAN,Clean,pcm_16k,16000,4.06,train
data/tts/wavefake_00933.wav,TTS,WaveFake,SPK_Wav_093,en,SPOOF_DF,HiFi-GAN,Clean,pcm_16k,16000,3.76,train
data/tts/wavefake_00934.wav,TTS,WaveFake,SPK_Wav_094,en,SPOOF_DF,HiFi-GAN,Clean,pcm_16k,16000,2.97,train
data/tts/wavefake_00935.wav,TTS,WaveFake,SPK_Wav_095,en,SPOOF_DF,HiFi-GAN,Clean,pcm_16k,16000,3.27,train
data/tts/wavefake_00936.wav,TTS,WaveFake,SPK_Wav_096,en,SPOOF_DF,HiFi-GAN,Clean,pcm_16k,16000,3.4,train
data/tts/wavefake_00937.wav,TTS,WaveFake,SPK_Wav_097,en,SPOOF_DF,HiFi-GAN,Clean,pcm_16k,16000,3.69,train
data/tts/wavefake_00938.wav,TTS,WaveFake,SPK_Wav_098,en,SPOOF_DF,HiFi-GAN,Clean,pcm_16k,16000,4.11,test
data/tts/wavefake_00939.wav,TTS,WaveFake,SPK_Wav_099,en,SPOOF_DF,HiFi-GAN,Clean,pcm_16k,16000,2.85,validation
data/tts/wavefake_00940.wav,TTS,WaveFake,SPK_Wav_100,en,SPOOF_DF,HiFi-GAN,Clean,pcm_16k,16000,4.0,train
data/tts/wavefake_00941.wav,TTS,WaveFake,SPK_Wav_101,en,SPOOF_DF,HiFi-GAN,Clean,pcm_16k,16000,2.99,validation
data/tts/wavefake_00942.wav,TTS,WaveFake,SPK_Wav_102,en,SPOOF_DF,HiFi-GAN,Clean,pcm_16k,16000,3.34,test
data/tts/wavefake_00943.wav,TTS,WaveFake,SPK_Wav_103,en,SPOOF_DF,HiFi-GAN,Clean,pcm_16k,16000,4.24,train
data/tts/wavefake_00944.wav,TTS,WaveFake,SPK_Wav_104,en,SPOOF_DF,HiFi-GAN,Clean,pcm_16k,16000,3.13,validation
data/tts/wavefake_00945.wav,TTS,WaveFake,SPK_Wav_105,en,SPOOF_DF,HiFi-GAN,Clean,pcm_16k,16000,3.32,train
data/tts/wavefake_00946.wav,TTS,WaveFake,SPK_Wav_106,en,SPOOF_DF,HiFi-GAN,Clean,pcm_16k,16000,4.06,validation
data/tts/wavefake_00947.wav,TTS,WaveFake,SPK_Wav_107,en,SPOOF_DF,HiFi-GAN,Clean,pcm_16k,16000,3.98,train
data/tts/wavefake_00948.wav,TTS,WaveFake,SPK_Wav_108,en,SPOOF_DF,HiFi-GAN,Clean,pcm_16k,16000,3.74,validation
data/tts/wavefake_00949.wav,TTS,WaveFake,SPK_Wav_109,en,SPOOF_DF,HiFi-GAN,Clean,pcm_16k,16000,3.98,validation
data/tts/wavefake_00950.wav,TTS,WaveFake,SPK_Wav_110,en,SPOOF_DF,HiFi-GAN,Clean,pcm_16k,16000,2.88,train
data/tts/wavefake_00951.wav,TTS,WaveFake,SPK_Wav_111,en,SPOOF_DF,HiFi-GAN,Clean,pcm_16k,16000,3.81,test
data/tts/wavefake_00952.wav,TTS,WaveFake,SPK_Wav_112,en,SPOOF_DF,HiFi-GAN,Clean,pcm_16k,16000,2.79,train
data/tts/wavefake_00953.wav,TTS,WaveFake,SPK_Wav_113,en,SPOOF_DF,HiFi-GAN,Clean,pcm_16k,16000,4.21,train
data/tts/wavefake_00954.wav,TTS,WaveFake,SPK_Wav_114,en,SPOOF_DF,HiFi-GAN,Clean,pcm_16k,16000,2.96,validation
data/tts/wavefake_00955.wav,TTS,WaveFake,SPK_Wav_115,en,SPOOF_DF,HiFi-GAN,Clean,pcm_16k,16000,3.37,train
data/tts/wavefake_00956.wav,TTS,WaveFake,SPK_Wav_116,en,SPOOF_DF,HiFi-GAN,Clean,pcm_16k,16000,3.65,train
data/tts/wavefake_00957.wav,TTS,WaveFake,SPK_Wav_117,en,SPOOF_DF,HiFi-GAN,Clean,pcm_16k,16000,3.98,train
data/tts/wavefake_00958.wav,TTS,WaveFake,SPK_Wav_118,en,SPOOF_DF,HiFi-GAN,Clean,pcm_16k,16000,3.79,train
data/tts/wavefake_00959.wav,TTS,WaveFake,SPK_Wav_119,en,SPOOF_DF,HiFi-GAN,Clean,pcm_16k,16000,2.99,test
data/tts/wavefake_00960.wav,TTS,WaveFake,SPK_Wav_000,en,SPOOF_DF,HiFi-GAN,Clean,pcm_16k,16000,3.31,train
data/tts/wavefake_00961.wav,TTS,WaveFake,SPK_Wav_001,en,SPOOF_DF,HiFi-GAN,Clean,pcm_16k,16000,3.27,validation
data/tts/wavefake_00962.wav,TTS,WaveFake,SPK_Wav_002,en,SPOOF_DF,HiFi-GAN,Clean,pcm_16k,16000,2.75,validation
data/tts/wavefake_00963.wav,TTS,WaveFake,SPK_Wav_003,en,SPOOF_DF,HiFi-GAN,Clean,pcm_16k,16000,3.8,train
data/tts/wavefake_00964.wav,TTS,WaveFake,SPK_Wav_004,en,SPOOF_DF,HiFi-GAN,Clean,pcm_16k,16000,4.04,validation
data/tts/wavefake_00965.wav,TTS,WaveFake,SPK_Wav_005,en,SPOOF_DF,HiFi-GAN,Clean,pcm_16k,16000,4.26,train
data/tts/wavefake_00966.wav,TTS,WaveFake,SPK_Wav_006,en,SPOOF_DF,HiFi-GAN,Clean,pcm_16k,16000,2.91,test
data/tts/wavefake_00967.wav,TTS,WaveFake,SPK_Wav_007,en,SPOOF_DF,HiFi-GAN,Clean,pcm_16k,16000,4.17,train
data/tts/wavefake_00968.wav,TTS,WaveFake,SPK_Wav_008,en,SPOOF_DF,HiFi-GAN,Clean,pcm_16k,16000,2.88,train
data/tts/wavefake_00969.wav,TTS,WaveFake,SPK_Wav_009,en,SPOOF_DF,HiFi-GAN,Clean,pcm_16k,16000,3.36,train
data/tts/wavefake_00970.wav,TTS,WaveFake,SPK_Wav_010,en,SPOOF_DF,HiFi-GAN,Clean,pcm_16k,16000,2.77,train
data/tts/wavefake_00971.wav,TTS,WaveFake,SPK_Wav_011,en,SPOOF_DF,HiFi-GAN,Clean,pcm_16k,16000,3.12,train
data/tts/wavefake_00972.wav,TTS,WaveFake,SPK_Wav_012,en,SPOOF_DF,HiFi-GAN,Clean,pcm_16k,16000,3.2,train
data/tts/wavefake_00973.wav,TTS,WaveFake,SPK_Wav_013,en,SPOOF_DF,HiFi-GAN,Clean,pcm_16k,16000,3.83,train
data/tts/wavefake_00974.wav,TTS,WaveFake,SPK_Wav_014,en,SPOOF_DF,HiFi-GAN,Clean,pcm_16k,16000,3.78,train
data/tts/wavefake_00975.wav,TTS,WaveFake,SPK_Wav_015,en,SPOOF_DF,HiFi-GAN,Clean,pcm_16k,16000,3.93,train
data/tts/wavefake_00976.wav,TTS,WaveFake,SPK_Wav_016,en,SPOOF_DF,HiFi-GAN,Clean,pcm_16k,16000,3.62,test
data/tts/wavefake_00977.wav,TTS,WaveFake,SPK_Wav_017,en,SPOOF_DF,HiFi-GAN,Clean,pcm_16k,16000,3.6,train
data/tts/wavefake_00978.wav,TTS,WaveFake,SPK_Wav_018,en,SPOOF_DF,HiFi-GAN,Clean,pcm_16k,16000,4.26,train
data/tts/wavefake_00979.wav,TTS,WaveFake,SPK_Wav_019,en,SPOOF_DF,HiFi-GAN,Clean,pcm_16k,16000,3.77,train
data/tts/wavefake_00980.wav,TTS,WaveFake,SPK_Wav_020,en,SPOOF_DF,HiFi-GAN,Clean,pcm_16k,16000,3.24,test
data/tts/wavefake_00981.wav,TTS,WaveFake,SPK_Wav_021,en,SPOOF_DF,HiFi-GAN,Clean,pcm_16k,16000,3.54,train
data/tts/wavefake_00982.wav,TTS,WaveFake,SPK_Wav_022,en,SPOOF_DF,HiFi-GAN,Clean,pcm_16k,16000,3.82,train
data/tts/wavefake_00983.wav,TTS,WaveFake,SPK_Wav_023,en,SPOOF_DF,HiFi-GAN,Clean,pcm_16k,16000,2.85,test
data/tts/wavefake_00984.wav,TTS,WaveFake,SPK_Wav_024,en,SPOOF_DF,HiFi-GAN,Clean,pcm_16k,16000,3.76,test
data/tts/wavefake_00985.wav,TTS,WaveFake,SPK_Wav_025,en,SPOOF_DF,HiFi-GAN,Clean,pcm_16k,16000,3.1,test
data/tts/wavefake_00986.wav,TTS,WaveFake,SPK_Wav_026,en,SPOOF_DF,HiFi-GAN,Clean,pcm_16k,16000,3.25,train
data/tts/wavefake_00987.wav,TTS,WaveFake,SPK_Wav_027,en,SPOOF_DF,HiFi-GAN,Clean,pcm_16k,16000,3.78,validation
data/tts/wavefake_00988.wav,TTS,WaveFake,SPK_Wav_028,en,SPOOF_DF,HiFi-GAN,Clean,pcm_16k,16000,3.32,train
data/tts/wavefake_00989.wav,TTS,WaveFake,SPK_Wav_029,en,SPOOF_DF,HiFi-GAN,Clean,pcm_16k,16000,4.04,train
data/tts/wavefake_00990.wav,TTS,WaveFake,SPK_Wav_030,en,SPOOF_DF,HiFi-GAN,Clean,pcm_16k,16000,3.59,test
data/tts/wavefake_00991.wav,TTS,WaveFake,SPK_Wav_031,en,SPOOF_DF,HiFi-GAN,Clean,pcm_16k,16000,4.28,train
data/tts/wavefake_00992.wav,TTS,WaveFake,SPK_Wav_032,en,SPOOF_DF,HiFi-GAN,Clean,pcm_16k,16000,2.79,train
data/tts/wavefake_00993.wav,TTS,WaveFake,SPK_Wav_033,en,SPOOF_DF,HiFi-GAN,Clean,pcm_16k,16000,3.73,train
data/tts/wavefake_00994.wav,TTS,WaveFake,SPK_Wav_034,en,SPOOF_DF,HiFi-GAN,Clean,pcm_16k,16000,2.95,train
data/tts/wavefake_00995.wav,TTS,WaveFake,SPK_Wav_035,en,SPOOF_DF,HiFi-GAN,Clean,pcm_16k,16000,4.06,train
data/tts/wavefake_00996.wav,TTS,WaveFake,SPK_Wav_036,en,SPOOF_DF,HiFi-GAN,Clean,pcm_16k,16000,4.06,train
data/tts/wavefake_00997.wav,TTS,WaveFake,SPK_Wav_037,en,SPOOF_DF,HiFi-GAN,Clean,pcm_16k,16000,4.09,validation
data/tts/wavefake_00998.wav,TTS,WaveFake,SPK_Wav_038,en,SPOOF_DF,HiFi-GAN,Clean,pcm_16k,16000,2.82,train
data/tts/wavefake_00999.wav,TTS,WaveFake,SPK_Wav_039,en,SPOOF_DF,HiFi-GAN,Clean,pcm_16k,16000,3.49,train
data/tts/wavefake_01000.wav,TTS,WaveFake,SPK_Wav_040,en,SPOOF_DF,HiFi-GAN,Clean,pcm_16k,16000,3.09,train
data/tts/wavefake_01001.wav,TTS,WaveFake,SPK_Wav_041,en,SPOOF_DF,HiFi-GAN,Clean,pcm_16k,16000,4.25,train
data/tts/wavefake_01002.wav,TTS,WaveFake,SPK_Wav_042,en,SPOOF_DF,HiFi-GAN,Clean,pcm_16k,16000,2.78,train
data/tts/wavefake_01003.wav,TTS,WaveFake,SPK_Wav_043,en,SPOOF_DF,HiFi-GAN,Clean,pcm_16k,16000,3.06,train
data/tts/wavefake_01004.wav,TTS,WaveFake,SPK_Wav_044,en,SPOOF_DF,HiFi-GAN,Clean,pcm_16k,16000,3.73,validation
data/tts/wavefake_01005.wav,TTS,WaveFake,SPK_Wav_045,en,SPOOF_DF,HiFi-GAN,Clean,pcm_16k,16000,3.35,train
data/tts/wavefake_01006.wav,TTS,WaveFake,SPK_Wav_046,en,SPOOF_DF,HiFi-GAN,Clean,pcm_16k,16000,3.08,train
data/tts/wavefake_01007.wav,TTS,WaveFake,SPK_Wav_047,en,SPOOF_DF,HiFi-GAN,Clean,pcm_16k,16000,3.43,test
data/tts/wavefake_01008.wav,TTS,WaveFake,SPK_Wav_048,en,SPOOF_DF,HiFi-GAN,Clean,pcm_16k,16000,3.98,train
data/tts/wavefake_01009.wav,TTS,WaveFake,SPK_Wav_049,en,SPOOF_DF,HiFi-GAN,Clean,pcm_16k,16000,3.42,test
data/tts/wavefake_01010.wav,TTS,WaveFake,SPK_Wav_050,en,SPOOF_DF,HiFi-GAN,Clean,pcm_16k,16000,4.07,train
data/tts/wavefake_01011.wav,TTS,WaveFake,SPK_Wav_051,en,SPOOF_DF,HiFi-GAN,Clean,pcm_16k,16000,3.42,train
data/tts/wavefake_01012.wav,TTS,WaveFake,SPK_Wav_052,en,SPOOF_DF,HiFi-GAN,Clean,pcm_16k,16000,2.89,train
data/tts/wavefake_01013.wav,TTS,WaveFake,SPK_Wav_053,en,SPOOF_DF,HiFi-GAN,Clean,pcm_16k,16000,3.5,train
data/tts/wavefake_01014.wav,TTS,WaveFake,SPK_Wav_054,en,SPOOF_DF,HiFi-GAN,Clean,pcm_16k,16000,3.75,train
data/tts/wavefake_01015.wav,TTS,WaveFake,SPK_Wav_055,en,SPOOF_DF,HiFi-GAN,Clean,pcm_16k,16000,2.86,train
data/tts/wavefake_01016.wav,TTS,WaveFake,SPK_Wav_056,en,SPOOF_DF,HiFi-GAN,Clean,pcm_16k,16000,3.36,test
data/tts/wavefake_01017.wav,TTS,WaveFake,SPK_Wav_057,en,SPOOF_DF,HiFi-GAN,Clean,pcm_16k,16000,3.59,train
data/tts/wavefake_01018.wav,TTS,WaveFake,SPK_Wav_058,en,SPOOF_DF,HiFi-GAN,Clean,pcm_16k,16000,2.7,train
data/tts/wavefake_01019.wav,TTS,WaveFake,SPK_Wav_059,en,SPOOF_DF,HiFi-GAN,Clean,pcm_16k,16000,2.85,test
data/tts/wavefake_01020.wav,TTS,WaveFake,SPK_Wav_060,en,SPOOF_DF,HiFi-GAN,Clean,pcm_16k,16000,3.67,train
data/tts/wavefake_01021.wav,TTS,WaveFake,SPK_Wav_061,en,SPOOF_DF,HiFi-GAN,Clean,pcm_16k,16000,3.69,train
data/tts/wavefake_01022.wav,TTS,WaveFake,SPK_Wav_062,en,SPOOF_DF,HiFi-GAN,Clean,pcm_16k,16000,3.19,train
data/tts/wavefake_01023.wav,TTS,WaveFake,SPK_Wav_063,en,SPOOF_DF,HiFi-GAN,Clean,pcm_16k,16000,3.51,train
data/tts/wavefake_01024.wav,TTS,WaveFake,SPK_Wav_064,en,SPOOF_DF,HiFi-GAN,Clean,pcm_16k,16000,3.03,train
data/tts/wavefake_01025.wav,TTS,WaveFake,SPK_Wav_065,en,SPOOF_DF,HiFi-GAN,Clean,pcm_16k,16000,3.77,validation
data/tts/wavefake_01026.wav,TTS,WaveFake,SPK_Wav_066,en,SPOOF_DF,HiFi-GAN,Clean,pcm_16k,16000,4.22,test
data/tts/wavefake_01027.wav,TTS,WaveFake,SPK_Wav_067,en,SPOOF_DF,HiFi-GAN,Clean,pcm_16k,16000,3.28,validation
data/tts/wavefake_01028.wav,TTS,WaveFake,SPK_Wav_068,en,SPOOF_DF,HiFi-GAN,Clean,pcm_16k,16000,2.79,train
data/tts/wavefake_01029.wav,TTS,WaveFake,SPK_Wav_069,en,SPOOF_DF,HiFi-GAN,Clean,pcm_16k,16000,3.06,train
data/tts/wavefake_01030.wav,TTS,WaveFake,SPK_Wav_070,en,SPOOF_DF,HiFi-GAN,Clean,pcm_16k,16000,3.43,train
data/tts/wavefake_01031.wav,TTS,WaveFake,SPK_Wav_071,en,SPOOF_DF,HiFi-GAN,Clean,pcm_16k,16000,3.6,train
data/tts/wavefake_01032.wav,TTS,WaveFake,SPK_Wav_072,en,SPOOF_DF,HiFi-GAN,Clean,pcm_16k,16000,3.69,validation
data/tts/wavefake_01033.wav,TTS,WaveFake,SPK_Wav_073,en,SPOOF_DF,HiFi-GAN,Clean,pcm_16k,16000,3.46,train
data/tts/wavefake_01034.wav,TTS,WaveFake,SPK_Wav_074,en,SPOOF_DF,HiFi-GAN,Clean,pcm_16k,16000,3.75,test
data/tts/wavefake_01035.wav,TTS,WaveFake,SPK_Wav_075,en,SPOOF_DF,HiFi-GAN,Clean,pcm_16k,16000,3.85,train
data/tts/wavefake_01036.wav,TTS,WaveFake,SPK_Wav_076,en,SPOOF_DF,HiFi-GAN,Clean,pcm_16k,16000,2.88,test
data/tts/wavefake_01037.wav,TTS,WaveFake,SPK_Wav_077,en,SPOOF_DF,HiFi-GAN,Clean,pcm_16k,16000,3.91,test
data/tts/wavefake_01038.wav,TTS,WaveFake,SPK_Wav_078,en,SPOOF_DF,HiFi-GAN,Clean,pcm_16k,16000,3.05,train
data/tts/wavefake_01039.wav,TTS,WaveFake,SPK_Wav_079,en,SPOOF_DF,HiFi-GAN,Clean,pcm_16k,16000,3.25,train
data/tts/wavefake_01040.wav,TTS,WaveFake,SPK_Wav_080,en,SPOOF_DF,HiFi-GAN,Clean,pcm_16k,16000,4.03,train
data/tts/wavefake_01041.wav,TTS,WaveFake,SPK_Wav_081,en,SPOOF_DF,HiFi-GAN,Clean,pcm_16k,16000,4.24,train
data/tts/wavefake_01042.wav,TTS,WaveFake,SPK_Wav_082,en,SPOOF_DF,HiFi-GAN,Clean,pcm_16k,16000,3.17,validation
data/tts/wavefake_01043.wav,TTS,WaveFake,SPK_Wav_083,en,SPOOF_DF,HiFi-GAN,Clean,pcm_16k,16000,3.54,train
data/tts/wavefake_01044.wav,TTS,WaveFake,SPK_Wav_084,en,SPOOF_DF,HiFi-GAN,Clean,pcm_16k,16000,3.82,train
data/tts/wavefake_01045.wav,TTS,WaveFake,SPK_Wav_085,en,SPOOF_DF,HiFi-GAN,Clean,pcm_16k,16000,2.77,validation
data/tts/wavefake_01046.wav,TTS,WaveFake,SPK_Wav_086,en,SPOOF_DF,HiFi-GAN,Clean,pcm_16k,16000,2.96,train
data/tts/wavefake_01047.wav,TTS,WaveFake,SPK_Wav_087,en,SPOOF_DF,HiFi-GAN,Clean,pcm_16k,16000,2.92,train
data/tts/wavefake_01048.wav,TTS,WaveFake,SPK_Wav_088,en,SPOOF_DF,HiFi-GAN,Clean,pcm_16k,16000,3.85,train
data/tts/wavefake_01049.wav,TTS,WaveFake,SPK_Wav_089,en,SPOOF_DF,HiFi-GAN,Clean,pcm_16k,16000,3.85,train
data/tts/wavefake_01050.wav,TTS,WaveFake,SPK_Wav_090,en,SPOOF_DF,HiFi-GAN,Clean,pcm_16k,16000,2.87,train
data/tts/wavefake_01051.wav,TTS,WaveFake,SPK_Wav_091,en,SPOOF_DF,HiFi-GAN,Clean,pcm_16k,16000,3.68,train
data/tts/wavefake_01052.wav,TTS,WaveFake,SPK_Wav_092,en,SPOOF_DF,HiFi-GAN,Clean,pcm_16k,16000,3.0,train
data/tts/wavefake_01053.wav,TTS,WaveFake,SPK_Wav_093,en,SPOOF_DF,HiFi-GAN,Clean,pcm_16k,16000,4.19,train
data/tts/wavefake_01054.wav,TTS,WaveFake,SPK_Wav_094,en,SPOOF_DF,HiFi-GAN,Clean,pcm_16k,16000,3.33,train
data/tts/wavefake_01055.wav,TTS,WaveFake,SPK_Wav_095,en,SPOOF_DF,HiFi-GAN,Clean,pcm_16k,16000,3.43,train
data/tts/wavefake_01056.wav,TTS,WaveFake,SPK_Wav_096,en,SPOOF_DF,HiFi-GAN,Clean,pcm_16k,16000,3.95,train
data/tts/wavefake_01057.wav,TTS,WaveFake,SPK_Wav_097,en,SPOOF_DF,HiFi-GAN,Clean,pcm_16k,16000,3.85,train
data/tts/wavefake_01058.wav,TTS,WaveFake,SPK_Wav_098,en,SPOOF_DF,HiFi-GAN,Clean,pcm_16k,16000,2.87,test
data/tts/wavefake_01059.wav,TTS,WaveFake,SPK_Wav_099,en,SPOOF_DF,HiFi-GAN,Clean,pcm_16k,16000,3.36,validation
data/tts/wavefake_01060.wav,TTS,WaveFake,SPK_Wav_100,en,SPOOF_DF,HiFi-GAN,Clean,pcm_16k,16000,4.18,train
data/tts/wavefake_01061.wav,TTS,WaveFake,SPK_Wav_101,en,SPOOF_DF,HiFi-GAN,Clean,pcm_16k,16000,4.04,validation
data/tts/wavefake_01062.wav,TTS,WaveFake,SPK_Wav_102,en,SPOOF_DF,HiFi-GAN,Clean,pcm_16k,16000,3.64,test
data/tts/wavefake_01063.wav,TTS,WaveFake,SPK_Wav_103,en,SPOOF_DF,HiFi-GAN,Clean,pcm_16k,16000,3.94,train
data/tts/wavefake_01064.wav,TTS,WaveFake,SPK_Wav_104,en,SPOOF_DF,HiFi-GAN,Clean,pcm_16k,16000,3.42,validation
data/tts/wavefake_01065.wav,TTS,WaveFake,SPK_Wav_105,en,SPOOF_DF,HiFi-GAN,Clean,pcm_16k,16000,3.75,train
data/tts/wavefake_01066.wav,TTS,WaveFake,SPK_Wav_106,en,SPOOF_DF,HiFi-GAN,Clean,pcm_16k,16000,4.23,validation
data/tts/wavefake_01067.wav,TTS,WaveFake,SPK_Wav_107,en,SPOOF_DF,HiFi-GAN,Clean,pcm_16k,16000,2.92,train
data/tts/wavefake_01068.wav,TTS,WaveFake,SPK_Wav_108,en,SPOOF_DF,HiFi-GAN,Clean,pcm_16k,16000,3.5,validation
data/tts/wavefake_01069.wav,TTS,WaveFake,SPK_Wav_109,en,SPOOF_DF,HiFi-GAN,Clean,pcm_16k,16000,3.55,validation
data/tts/wavefake_01070.wav,TTS,WaveFake,SPK_Wav_110,en,SPOOF_DF,HiFi-GAN,Clean,pcm_16k,16000,2.78,train
data/tts/wavefake_01071.wav,TTS,WaveFake,SPK_Wav_111,en,SPOOF_DF,HiFi-GAN,Clean,pcm_16k,16000,4.2,test
data/tts/wavefake_01072.wav,TTS,WaveFake,SPK_Wav_112,en,SPOOF_DF,HiFi-GAN,Clean,pcm_16k,16000,4.04,train
data/tts/wavefake_01073.wav,TTS,WaveFake,SPK_Wav_113,en,SPOOF_DF,HiFi-GAN,Clean,pcm_16k,16000,3.47,train
data/tts/wavefake_01074.wav,TTS,WaveFake,SPK_Wav_114,en,SPOOF_DF,HiFi-GAN,Clean,pcm_16k,16000,3.51,validation
data/tts/wavefake_01075.wav,TTS,WaveFake,SPK_Wav_115,en,SPOOF_DF,HiFi-GAN,Clean,pcm_16k,16000,4.17,train
data/tts/wavefake_01076.wav,TTS,WaveFake,SPK_Wav_116,en,SPOOF_DF,HiFi-GAN,Clean,pcm_16k,16000,2.98,train
data/tts/wavefake_01077.wav,TTS,WaveFake,SPK_Wav_117,en,SPOOF_DF,HiFi-GAN,Clean,pcm_16k,16000,3.63,train
data/tts/wavefake_01078.wav,TTS,WaveFake,SPK_Wav_118,en,SPOOF_DF,HiFi-GAN,Clean,pcm_16k,16000,3.87,train
data/tts/wavefake_01079.wav,TTS,WaveFake,SPK_Wav_119,en,SPOOF_DF,HiFi-GAN,Clean,pcm_16k,16000,2.91,test
data/tts/wavefake_01080.wav,TTS,WaveFake,SPK_Wav_000,en,SPOOF_DF,HiFi-GAN,Clean,pcm_16k,16000,3.32,train
data/tts/wavefake_01081.wav,TTS,WaveFake,SPK_Wav_001,en,SPOOF_DF,HiFi-GAN,Clean,pcm_16k,16000,3.66,validation
data/tts/wavefake_01082.wav,TTS,WaveFake,SPK_Wav_002,en,SPOOF_DF,HiFi-GAN,Clean,pcm_16k,16000,4.11,validation
data/tts/wavefake_01083.wav,TTS,WaveFake,SPK_Wav_003,en,SPOOF_DF,HiFi-GAN,Clean,pcm_16k,16000,3.51,train
data/tts/wavefake_01084.wav,TTS,WaveFake,SPK_Wav_004,en,SPOOF_DF,HiFi-GAN,Clean,pcm_16k,16000,3.32,validation
data/tts/wavefake_01085.wav,TTS,WaveFake,SPK_Wav_005,en,SPOOF_DF,HiFi-GAN,Clean,pcm_16k,16000,4.27,train
data/tts/wavefake_01086.wav,TTS,WaveFake,SPK_Wav_006,en,SPOOF_DF,HiFi-GAN,Clean,pcm_16k,16000,4.17,test
data/tts/wavefake_01087.wav,TTS,WaveFake,SPK_Wav_007,en,SPOOF_DF,HiFi-GAN,Clean,pcm_16k,16000,3.92,train
data/tts/wavefake_01088.wav,TTS,WaveFake,SPK_Wav_008,en,SPOOF_DF,HiFi-GAN,Clean,pcm_16k,16000,3.14,train
data/tts/wavefake_01089.wav,TTS,WaveFake,SPK_Wav_009,en,SPOOF_DF,HiFi-GAN,Clean,pcm_16k,16000,4.24,train
data/tts/wavefake_01090.wav,TTS,WaveFake,SPK_Wav_010,en,SPOOF_DF,HiFi-GAN,Clean,pcm_16k,16000,4.25,train
data/tts/wavefake_01091.wav,TTS,WaveFake,SPK_Wav_011,en,SPOOF_DF,HiFi-GAN,Clean,pcm_16k,16000,3.42,train
data/tts/wavefake_01092.wav,TTS,WaveFake,SPK_Wav_012,en,SPOOF_DF,HiFi-GAN,Clean,pcm_16k,16000,2.91,train
data/tts/wavefake_01093.wav,TTS,WaveFake,SPK_Wav_013,en,SPOOF_DF,HiFi-GAN,Clean,pcm_16k,16000,3.36,train
data/tts/wavefake_01094.wav,TTS,WaveFake,SPK_Wav_014,en,SPOOF_DF,HiFi-GAN,Clean,pcm_16k,16000,3.82,train
data/tts/wavefake_01095.wav,TTS,WaveFake,SPK_Wav_015,en,SPOOF_DF,HiFi-GAN,Clean,pcm_16k,16000,3.9,train
data/tts/wavefake_01096.wav,TTS,WaveFake,SPK_Wav_016,en,SPOOF_DF,HiFi-GAN,Clean,pcm_16k,16000,3.18,test
data/tts/wavefake_01097.wav,TTS,WaveFake,SPK_Wav_017,en,SPOOF_DF,HiFi-GAN,Clean,pcm_16k,16000,3.82,train
data/tts/wavefake_01098.wav,TTS,WaveFake,SPK_Wav_018,en,SPOOF_DF,HiFi-GAN,Clean,pcm_16k,16000,4.08,train
data/tts/wavefake_01099.wav,TTS,WaveFake,SPK_Wav_019,en,SPOOF_DF,HiFi-GAN,Clean,pcm_16k,16000,3.84,train
data/tts/wavefake_01100.wav,TTS,WaveFake,SPK_Wav_020,en,SPOOF_DF,HiFi-GAN,Clean,pcm_16k,16000,4.2,test
data/tts/wavefake_01101.wav,TTS,WaveFake,SPK_Wav_021,en,SPOOF_DF,HiFi-GAN,Clean,pcm_16k,16000,3.71,train
data/tts/wavefake_01102.wav,TTS,WaveFake,SPK_Wav_022,en,SPOOF_DF,HiFi-GAN,Clean,pcm_16k,16000,3.02,train
data/tts/wavefake_01103.wav,TTS,WaveFake,SPK_Wav_023,en,SPOOF_DF,HiFi-GAN,Clean,pcm_16k,16000,3.7,test
data/tts/wavefake_01104.wav,TTS,WaveFake,SPK_Wav_024,en,SPOOF_DF,HiFi-GAN,Clean,pcm_16k,16000,3.16,test
data/tts/wavefake_01105.wav,TTS,WaveFake,SPK_Wav_025,en,SPOOF_DF,HiFi-GAN,Clean,pcm_16k,16000,3.25,test
data/tts/wavefake_01106.wav,TTS,WaveFake,SPK_Wav_026,en,SPOOF_DF,HiFi-GAN,Clean,pcm_16k,16000,3.78,train
data/tts/wavefake_01107.wav,TTS,WaveFake,SPK_Wav_027,en,SPOOF_DF,HiFi-GAN,Clean,pcm_16k,16000,4.27,validation
data/tts/wavefake_01108.wav,TTS,WaveFake,SPK_Wav_028,en,SPOOF_DF,HiFi-GAN,Clean,pcm_16k,16000,3.74,train
data/tts/wavefake_01109.wav,TTS,WaveFake,SPK_Wav_029,en,SPOOF_DF,HiFi-GAN,Clean,pcm_16k,16000,4.23,train
data/tts/wavefake_01110.wav,TTS,WaveFake,SPK_Wav_030,en,SPOOF_DF,HiFi-GAN,Clean,pcm_16k,16000,3.51,test
data/tts/wavefake_01111.wav,TTS,WaveFake,SPK_Wav_031,en,SPOOF_DF,HiFi-GAN,Clean,pcm_16k,16000,3.81,train
data/tts/wavefake_01112.wav,TTS,WaveFake,SPK_Wav_032,en,SPOOF_DF,HiFi-GAN,Clean,pcm_16k,16000,3.22,train
data/tts/wavefake_01113.wav,TTS,WaveFake,SPK_Wav_033,en,SPOOF_DF,HiFi-GAN,Clean,pcm_16k,16000,2.88,train
data/tts/wavefake_01114.wav,TTS,WaveFake,SPK_Wav_034,en,SPOOF_DF,HiFi-GAN,Clean,pcm_16k,16000,3.26,train
data/tts/wavefake_01115.wav,TTS,WaveFake,SPK_Wav_035,en,SPOOF_DF,HiFi-GAN,Clean,pcm_16k,16000,3.47,train
data/tts/wavefake_01116.wav,TTS,WaveFake,SPK_Wav_036,en,SPOOF_DF,HiFi-GAN,Clean,pcm_16k,16000,3.61,train
data/tts/wavefake_01117.wav,TTS,WaveFake,SPK_Wav_037,en,SPOOF_DF,HiFi-GAN,Clean,pcm_16k,16000,3.77,validation
data/tts/wavefake_01118.wav,TTS,WaveFake,SPK_Wav_038,en,SPOOF_DF,HiFi-GAN,Clean,pcm_16k,16000,3.37,train
data/tts/wavefake_01119.wav,TTS,WaveFake,SPK_Wav_039,en,SPOOF_DF,HiFi-GAN,Clean,pcm_16k,16000,3.9,train
data/tts/wavefake_01120.wav,TTS,WaveFake,SPK_Wav_040,en,SPOOF_DF,HiFi-GAN,Clean,pcm_16k,16000,4.05,train
data/tts/wavefake_01121.wav,TTS,WaveFake,SPK_Wav_041,en,SPOOF_DF,HiFi-GAN,Clean,pcm_16k,16000,3.16,train
data/tts/wavefake_01122.wav,TTS,WaveFake,SPK_Wav_042,en,SPOOF_DF,HiFi-GAN,Clean,pcm_16k,16000,4.06,train
data/tts/wavefake_01123.wav,TTS,WaveFake,SPK_Wav_043,en,SPOOF_DF,HiFi-GAN,Clean,pcm_16k,16000,3.99,train
data/tts/wavefake_01124.wav,TTS,WaveFake,SPK_Wav_044,en,SPOOF_DF,HiFi-GAN,Clean,pcm_16k,16000,3.54,validation
data/tts/wavefake_01125.wav,TTS,WaveFake,SPK_Wav_045,en,SPOOF_DF,HiFi-GAN,Clean,pcm_16k,16000,2.74,train
data/tts/wavefake_01126.wav,TTS,WaveFake,SPK_Wav_046,en,SPOOF_DF,HiFi-GAN,Clean,pcm_16k,16000,2.93,train
data/tts/wavefake_01127.wav,TTS,WaveFake,SPK_Wav_047,en,SPOOF_DF,HiFi-GAN,Clean,pcm_16k,16000,3.77,test
data/tts/wavefake_01128.wav,TTS,WaveFake,SPK_Wav_048,en,SPOOF_DF,HiFi-GAN,Clean,pcm_16k,16000,3.02,train
data/tts/wavefake_01129.wav,TTS,WaveFake,SPK_Wav_049,en,SPOOF_DF,HiFi-GAN,Clean,pcm_16k,16000,3.9,test
data/tts/wavefake_01130.wav,TTS,WaveFake,SPK_Wav_050,en,SPOOF_DF,HiFi-GAN,Clean,pcm_16k,16000,2.96,train
data/tts/wavefake_01131.wav,TTS,WaveFake,SPK_Wav_051,en,SPOOF_DF,HiFi-GAN,Clean,pcm_16k,16000,3.16,train
data/tts/wavefake_01132.wav,TTS,WaveFake,SPK_Wav_052,en,SPOOF_DF,HiFi-GAN,Clean,pcm_16k,16000,3.1,train
data/tts/wavefake_01133.wav,TTS,WaveFake,SPK_Wav_053,en,SPOOF_DF,HiFi-GAN,Clean,pcm_16k,16000,4.04,train
data/tts/wavefake_01134.wav,TTS,WaveFake,SPK_Wav_054,en,SPOOF_DF,HiFi-GAN,Clean,pcm_16k,16000,3.8,train
data/tts/wavefake_01135.wav,TTS,WaveFake,SPK_Wav_055,en,SPOOF_DF,HiFi-GAN,Clean,pcm_16k,16000,3.17,train
data/tts/wavefake_01136.wav,TTS,WaveFake,SPK_Wav_056,en,SPOOF_DF,HiFi-GAN,Clean,pcm_16k,16000,3.91,test
data/tts/wavefake_01137.wav,TTS,WaveFake,SPK_Wav_057,en,SPOOF_DF,HiFi-GAN,Clean,pcm_16k,16000,2.75,train
data/tts/wavefake_01138.wav,TTS,WaveFake,SPK_Wav_058,en,SPOOF_DF,HiFi-GAN,Clean,pcm_16k,16000,4.0,train
data/tts/wavefake_01139.wav,TTS,WaveFake,SPK_Wav_059,en,SPOOF_DF,HiFi-GAN,Clean,pcm_16k,16000,2.86,test
data/tts/wavefake_01140.wav,TTS,WaveFake,SPK_Wav_060,en,SPOOF_DF,HiFi-GAN,Clean,pcm_16k,16000,4.09,train
data/tts/wavefake_01141.wav,TTS,WaveFake,SPK_Wav_061,en,SPOOF_DF,HiFi-GAN,Clean,pcm_16k,16000,3.88,train
data/tts/wavefake_01142.wav,TTS,WaveFake,SPK_Wav_062,en,SPOOF_DF,HiFi-GAN,Clean,pcm_16k,16000,4.08,train
data/tts/wavefake_01143.wav,TTS,WaveFake,SPK_Wav_063,en,SPOOF_DF,HiFi-GAN,Clean,pcm_16k,16000,3.89,train
data/tts/wavefake_01144.wav,TTS,WaveFake,SPK_Wav_064,en,SPOOF_DF,HiFi-GAN,Clean,pcm_16k,16000,3.6,train
data/tts/wavefake_01145.wav,TTS,WaveFake,SPK_Wav_065,en,SPOOF_DF,HiFi-GAN,Clean,pcm_16k,16000,3.08,validation
data/tts/wavefake_01146.wav,TTS,WaveFake,SPK_Wav_066,en,SPOOF_DF,HiFi-GAN,Clean,pcm_16k,16000,3.95,test
data/tts/wavefake_01147.wav,TTS,WaveFake,SPK_Wav_067,en,SPOOF_DF,HiFi-GAN,Clean,pcm_16k,16000,3.98,validation
data/tts/wavefake_01148.wav,TTS,WaveFake,SPK_Wav_068,en,SPOOF_DF,HiFi-GAN,Clean,pcm_16k,16000,3.16,train
data/tts/wavefake_01149.wav,TTS,WaveFake,SPK_Wav_069,en,SPOOF_DF,HiFi-GAN,Clean,pcm_16k,16000,3.76,train
data/tts/wavefake_01150.wav,TTS,WaveFake,SPK_Wav_070,en,SPOOF_DF,HiFi-GAN,Clean,pcm_16k,16000,4.18,train
data/tts/wavefake_01151.wav,TTS,WaveFake,SPK_Wav_071,en,SPOOF_DF,HiFi-GAN,Clean,pcm_16k,16000,3.32,train
data/tts/wavefake_01152.wav,TTS,WaveFake,SPK_Wav_072,en,SPOOF_DF,HiFi-GAN,Clean,pcm_16k,16000,4.23,validation
data/tts/wavefake_01153.wav,TTS,WaveFake,SPK_Wav_073,en,SPOOF_DF,HiFi-GAN,Clean,pcm_16k,16000,4.26,train
data/tts/wavefake_01154.wav,TTS,WaveFake,SPK_Wav_074,en,SPOOF_DF,HiFi-GAN,Clean,pcm_16k,16000,3.2,test
data/tts/wavefake_01155.wav,TTS,WaveFake,SPK_Wav_075,en,SPOOF_DF,HiFi-GAN,Clean,pcm_16k,16000,3.58,train
data/tts/wavefake_01156.wav,TTS,WaveFake,SPK_Wav_076,en,SPOOF_DF,HiFi-GAN,Clean,pcm_16k,16000,2.72,test
data/tts/wavefake_01157.wav,TTS,WaveFake,SPK_Wav_077,en,SPOOF_DF,HiFi-GAN,Clean,pcm_16k,16000,3.1,test
data/tts/wavefake_01158.wav,TTS,WaveFake,SPK_Wav_078,en,SPOOF_DF,HiFi-GAN,Clean,pcm_16k,16000,3.69,train
data/tts/wavefake_01159.wav,TTS,WaveFake,SPK_Wav_079,en,SPOOF_DF,HiFi-GAN,Clean,pcm_16k,16000,3.95,train
data/tts/wavefake_01160.wav,TTS,WaveFake,SPK_Wav_080,en,SPOOF_DF,HiFi-GAN,Clean,pcm_16k,16000,4.09,train
data/tts/wavefake_01161.wav,TTS,WaveFake,SPK_Wav_081,en,SPOOF_DF,HiFi-GAN,Clean,pcm_16k,16000,4.03,train
data/tts/wavefake_01162.wav,TTS,WaveFake,SPK_Wav_082,en,SPOOF_DF,HiFi-GAN,Clean,pcm_16k,16000,4.16,validation
data/tts/wavefake_01163.wav,TTS,WaveFake,SPK_Wav_083,en,SPOOF_DF,HiFi-GAN,Clean,pcm_16k,16000,3.83,train
data/tts/wavefake_01164.wav,TTS,WaveFake,SPK_Wav_084,en,SPOOF_DF,HiFi-GAN,Clean,pcm_16k,16000,3.74,train
data/tts/wavefake_01165.wav,TTS,WaveFake,SPK_Wav_085,en,SPOOF_DF,HiFi-GAN,Clean,pcm_16k,16000,3.91,validation
data/tts/wavefake_01166.wav,TTS,WaveFake,SPK_Wav_086,en,SPOOF_DF,HiFi-GAN,Clean,pcm_16k,16000,3.57,train
data/tts/wavefake_01167.wav,TTS,WaveFake,SPK_Wav_087,en,SPOOF_DF,HiFi-GAN,Clean,pcm_16k,16000,3.67,train
data/tts/wavefake_01168.wav,TTS,WaveFake,SPK_Wav_088,en,SPOOF_DF,HiFi-GAN,Clean,pcm_16k,16000,3.94,train
data/tts/wavefake_01169.wav,TTS,WaveFake,SPK_Wav_089,en,SPOOF_DF,HiFi-GAN,Clean,pcm_16k,16000,4.24,train
data/tts/wavefake_01170.wav,TTS,WaveFake,SPK_Wav_090,en,SPOOF_DF,HiFi-GAN,Clean,pcm_16k,16000,3.17,train
data/tts/wavefake_01171.wav,TTS,WaveFake,SPK_Wav_091,en,SPOOF_DF,HiFi-GAN,Clean,pcm_16k,16000,2.98,train
data/tts/wavefake_01172.wav,TTS,WaveFake,SPK_Wav_092,en,SPOOF_DF,HiFi-GAN,Clean,pcm_16k,16000,3.79,train
data/tts/wavefake_01173.wav,TTS,WaveFake,SPK_Wav_093,en,SPOOF_DF,HiFi-GAN,Clean,pcm_16k,16000,3.0,train
data/tts/wavefake_01174.wav,TTS,WaveFake,SPK_Wav_094,en,SPOOF_DF,HiFi-GAN,Clean,pcm_16k,16000,2.98,train
data/tts/wavefake_01175.wav,TTS,WaveFake,SPK_Wav_095,en,SPOOF_DF,HiFi-GAN,Clean,pcm_16k,16000,3.52,train
data/tts/wavefake_01176.wav,TTS,WaveFake,SPK_Wav_096,en,SPOOF_DF,HiFi-GAN,Clean,pcm_16k,16000,3.3,train
data/tts/wavefake_01177.wav,TTS,WaveFake,SPK_Wav_097,en,SPOOF_DF,HiFi-GAN,Clean,pcm_16k,16000,3.39,train
data/tts/wavefake_01178.wav,TTS,WaveFake,SPK_Wav_098,en,SPOOF_DF,HiFi-GAN,Clean,pcm_16k,16000,3.59,test
data/tts/wavefake_01179.wav,TTS,WaveFake,SPK_Wav_099,en,SPOOF_DF,HiFi-GAN,Clean,pcm_16k,16000,2.91,validation
data/tts/wavefake_01180.wav,TTS,WaveFake,SPK_Wav_100,en,SPOOF_DF,HiFi-GAN,Clean,pcm_16k,16000,3.63,train
data/tts/wavefake_01181.wav,TTS,WaveFake,SPK_Wav_101,en,SPOOF_DF,HiFi-GAN,Clean,pcm_16k,16000,3.11,validation
data/tts/wavefake_01182.wav,TTS,WaveFake,SPK_Wav_102,en,SPOOF_DF,HiFi-GAN,Clean,pcm_16k,16000,3.23,test
data/tts/wavefake_01183.wav,TTS,WaveFake,SPK_Wav_103,en,SPOOF_DF,HiFi-GAN,Clean,pcm_16k,16000,3.84,train
data/tts/wavefake_01184.wav,TTS,WaveFake,SPK_Wav_104,en,SPOOF_DF,HiFi-GAN,Clean,pcm_16k,16000,2.95,validation
data/tts/wavefake_01185.wav,TTS,WaveFake,SPK_Wav_105,en,SPOOF_DF,HiFi-GAN,Clean,pcm_16k,16000,2.95,train
data/tts/wavefake_01186.wav,TTS,WaveFake,SPK_Wav_106,en,SPOOF_DF,HiFi-GAN,Clean,pcm_16k,16000,3.22,validation
data/tts/wavefake_01187.wav,TTS,WaveFake,SPK_Wav_107,en,SPOOF_DF,HiFi-GAN,Clean,pcm_16k,16000,2.78,train
data/tts/wavefake_01188.wav,TTS,WaveFake,SPK_Wav_108,en,SPOOF_DF,HiFi-GAN,Clean,pcm_16k,16000,4.19,validation
data/tts/wavefake_01189.wav,TTS,WaveFake,SPK_Wav_109,en,SPOOF_DF,HiFi-GAN,Clean,pcm_16k,16000,3.68,validation
data/tts/wavefake_01190.wav,TTS,WaveFake,SPK_Wav_110,en,SPOOF_DF,HiFi-GAN,Clean,pcm_16k,16000,3.76,train
data/tts/wavefake_01191.wav,TTS,WaveFake,SPK_Wav_111,en,SPOOF_DF,HiFi-GAN,Clean,pcm_16k,16000,3.48,test
data/tts/wavefake_01192.wav,TTS,WaveFake,SPK_Wav_112,en,SPOOF_DF,HiFi-GAN,Clean,pcm_16k,16000,3.62,train
data/tts/wavefake_01193.wav,TTS,WaveFake,SPK_Wav_113,en,SPOOF_DF,HiFi-GAN,Clean,pcm_16k,16000,3.27,train
data/tts/wavefake_01194.wav,TTS,WaveFake,SPK_Wav_114,en,SPOOF_DF,HiFi-GAN,Clean,pcm_16k,16000,3.95,validation
data/tts/wavefake_01195.wav,TTS,WaveFake,SPK_Wav_115,en,SPOOF_DF,HiFi-GAN,Clean,pcm_16k,16000,3.21,train
data/tts/wavefake_01196.wav,TTS,WaveFake,SPK_Wav_116,en,SPOOF_DF,HiFi-GAN,Clean,pcm_16k,16000,3.05,train
data/tts/wavefake_01197.wav,TTS,WaveFake,SPK_Wav_117,en,SPOOF_DF,HiFi-GAN,Clean,pcm_16k,16000,2.99,train
data/tts/wavefake_01198.wav,TTS,WaveFake,SPK_Wav_118,en,SPOOF_DF,HiFi-GAN,Clean,pcm_16k,16000,2.81,train
data/tts/wavefake_01199.wav,TTS,WaveFake,SPK_Wav_119,en,SPOOF_DF,HiFi-GAN,Clean,pcm_16k,16000,3.51,test
data/tts/wavefake_01200.wav,TTS,WaveFake,SPK_Wav_000,en,SPOOF_DF,HiFi-GAN,Clean,pcm_16k,16000,3.37,train
data/tts/wavefake_01201.wav,TTS,WaveFake,SPK_Wav_001,en,SPOOF_DF,HiFi-GAN,Clean,pcm_16k,16000,3.56,validation
data/tts/wavefake_01202.wav,TTS,WaveFake,SPK_Wav_002,en,SPOOF_DF,HiFi-GAN,Clean,pcm_16k,16000,2.85,validation
data/tts/wavefake_01203.wav,TTS,WaveFake,SPK_Wav_003,en,SPOOF_DF,HiFi-GAN,Clean,pcm_16k,16000,3.05,train
data/tts/wavefake_01204.wav,TTS,WaveFake,SPK_Wav_004,en,SPOOF_DF,HiFi-GAN,Clean,pcm_16k,16000,3.04,validation
data/tts/wavefake_01205.wav,TTS,WaveFake,SPK_Wav_005,en,SPOOF_DF,HiFi-GAN,Clean,pcm_16k,16000,3.23,train
data/tts/wavefake_01206.wav,TTS,WaveFake,SPK_Wav_006,en,SPOOF_DF,HiFi-GAN,Clean,pcm_16k,16000,3.28,test
data/tts/wavefake_01207.wav,TTS,WaveFake,SPK_Wav_007,en,SPOOF_DF,HiFi-GAN,Clean,pcm_16k,16000,3.05,train
data/tts/wavefake_01208.wav,TTS,WaveFake,SPK_Wav_008,en,SPOOF_DF,HiFi-GAN,Clean,pcm_16k,16000,3.9,train
data/tts/wavefake_01209.wav,TTS,WaveFake,SPK_Wav_009,en,SPOOF_DF,HiFi-GAN,Clean,pcm_16k,16000,3.55,train
data/tts/wavefake_01210.wav,TTS,WaveFake,SPK_Wav_010,en,SPOOF_DF,HiFi-GAN,Clean,pcm_16k,16000,4.29,train
data/tts/wavefake_01211.wav,TTS,WaveFake,SPK_Wav_011,en,SPOOF_DF,HiFi-GAN,Clean,pcm_16k,16000,4.02,train
data/tts/wavefake_01212.wav,TTS,WaveFake,SPK_Wav_012,en,SPOOF_DF,HiFi-GAN,Clean,pcm_16k,16000,4.27,train
data/tts/wavefake_01213.wav,TTS,WaveFake,SPK_Wav_013,en,SPOOF_DF,HiFi-GAN,Clean,pcm_16k,16000,2.71,train
data/tts/wavefake_01214.wav,TTS,WaveFake,SPK_Wav_014,en,SPOOF_DF,HiFi-GAN,Clean,pcm_16k,16000,3.77,train
data/tts/wavefake_01215.wav,TTS,WaveFake,SPK_Wav_015,en,SPOOF_DF,HiFi-GAN,Clean,pcm_16k,16000,3.41,train
data/tts/wavefake_01216.wav,TTS,WaveFake,SPK_Wav_016,en,SPOOF_DF,HiFi-GAN,Clean,pcm_16k,16000,4.15,test
data/tts/wavefake_01217.wav,TTS,WaveFake,SPK_Wav_017,en,SPOOF_DF,HiFi-GAN,Clean,pcm_16k,16000,3.68,train
data/tts/wavefake_01218.wav,TTS,WaveFake,SPK_Wav_018,en,SPOOF_DF,HiFi-GAN,Clean,pcm_16k,16000,3.69,train
data/tts/wavefake_01219.wav,TTS,WaveFake,SPK_Wav_019,en,SPOOF_DF,HiFi-GAN,Clean,pcm_16k,16000,4.23,train
data/tts/wavefake_01220.wav,TTS,WaveFake,SPK_Wav_020,en,SPOOF_DF,HiFi-GAN,Clean,pcm_16k,16000,3.79,test
data/tts/wavefake_01221.wav,TTS,WaveFake,SPK_Wav_021,en,SPOOF_DF,HiFi-GAN,Clean,pcm_16k,16000,3.21,train
data/tts/wavefake_01222.wav,TTS,WaveFake,SPK_Wav_022,en,SPOOF_DF,HiFi-GAN,Clean,pcm_16k,16000,4.17,train
data/tts/wavefake_01223.wav,TTS,WaveFake,SPK_Wav_023,en,SPOOF_DF,HiFi-GAN,Clean,pcm_16k,16000,4.21,test
data/tts/wavefake_01224.wav,TTS,WaveFake,SPK_Wav_024,en,SPOOF_DF,HiFi-GAN,Clean,pcm_16k,16000,3.32,test
data/tts/wavefake_01225.wav,TTS,WaveFake,SPK_Wav_025,en,SPOOF_DF,HiFi-GAN,Clean,pcm_16k,16000,3.56,test
data/tts/wavefake_01226.wav,TTS,WaveFake,SPK_Wav_026,en,SPOOF_DF,HiFi-GAN,Clean,pcm_16k,16000,3.15,train
data/tts/wavefake_01227.wav,TTS,WaveFake,SPK_Wav_027,en,SPOOF_DF,HiFi-GAN,Clean,pcm_16k,16000,4.16,validation
data/tts/wavefake_01228.wav,TTS,WaveFake,SPK_Wav_028,en,SPOOF_DF,HiFi-GAN,Clean,pcm_16k,16000,4.02,train
data/tts/wavefake_01229.wav,TTS,WaveFake,SPK_Wav_029,en,SPOOF_DF,HiFi-GAN,Clean,pcm_16k,16000,3.3,train
data/tts/wavefake_01230.wav,TTS,WaveFake,SPK_Wav_030,en,SPOOF_DF,HiFi-GAN,Clean,pcm_16k,16000,3.98,test
data/tts/wavefake_01231.wav,TTS,WaveFake,SPK_Wav_031,en,SPOOF_DF,HiFi-GAN,Clean,pcm_16k,16000,3.41,train
data/tts/wavefake_01232.wav,TTS,WaveFake,SPK_Wav_032,en,SPOOF_DF,HiFi-GAN,Clean,pcm_16k,16000,2.77,train
data/tts/wavefake_01233.wav,TTS,WaveFake,SPK_Wav_033,en,SPOOF_DF,HiFi-GAN,Clean,pcm_16k,16000,4.14,train
data/tts/wavefake_01234.wav,TTS,WaveFake,SPK_Wav_034,en,SPOOF_DF,HiFi-GAN,Clean,pcm_16k,16000,3.01,train
data/tts/wavefake_01235.wav,TTS,WaveFake,SPK_Wav_035,en,SPOOF_DF,HiFi-GAN,Clean,pcm_16k,16000,3.52,train
data/tts/wavefake_01236.wav,TTS,WaveFake,SPK_Wav_036,en,SPOOF_DF,HiFi-GAN,Clean,pcm_16k,16000,4.22,train
data/tts/wavefake_01237.wav,TTS,WaveFake,SPK_Wav_037,en,SPOOF_DF,HiFi-GAN,Clean,pcm_16k,16000,2.97,validation
data/tts/wavefake_01238.wav,TTS,WaveFake,SPK_Wav_038,en,SPOOF_DF,HiFi-GAN,Clean,pcm_16k,16000,4.23,train
data/tts/wavefake_01239.wav,TTS,WaveFake,SPK_Wav_039,en,SPOOF_DF,HiFi-GAN,Clean,pcm_16k,16000,3.56,train
data/tts/wavefake_01240.wav,TTS,WaveFake,SPK_Wav_040,en,SPOOF_DF,HiFi-GAN,Clean,pcm_16k,16000,2.71,train
data/tts/wavefake_01241.wav,TTS,WaveFake,SPK_Wav_041,en,SPOOF_DF,HiFi-GAN,Clean,pcm_16k,16000,2.8,train
data/tts/wavefake_01242.wav,TTS,WaveFake,SPK_Wav_042,en,SPOOF_DF,HiFi-GAN,Clean,pcm_16k,16000,3.77,train
data/tts/wavefake_01243.wav,TTS,WaveFake,SPK_Wav_043,en,SPOOF_DF,HiFi-GAN,Clean,pcm_16k,16000,3.94,train
data/tts/wavefake_01244.wav,TTS,WaveFake,SPK_Wav_044,en,SPOOF_DF,HiFi-GAN,Clean,pcm_16k,16000,4.08,validation
data/tts/wavefake_01245.wav,TTS,WaveFake,SPK_Wav_045,en,SPOOF_DF,HiFi-GAN,Clean,pcm_16k,16000,3.38,train
data/tts/wavefake_01246.wav,TTS,WaveFake,SPK_Wav_046,en,SPOOF_DF,HiFi-GAN,Clean,pcm_16k,16000,2.87,train
data/tts/wavefake_01247.wav,TTS,WaveFake,SPK_Wav_047,en,SPOOF_DF,HiFi-GAN,Clean,pcm_16k,16000,3.56,test
data/tts/wavefake_01248.wav,TTS,WaveFake,SPK_Wav_048,en,SPOOF_DF,HiFi-GAN,Clean,pcm_16k,16000,3.82,train
data/tts/wavefake_01249.wav,TTS,WaveFake,SPK_Wav_049,en,SPOOF_DF,HiFi-GAN,Clean,pcm_16k,16000,4.26,test
data/tts/wavefake_01250.wav,TTS,WaveFake,SPK_Wav_050,en,SPOOF_DF,HiFi-GAN,Clean,pcm_16k,16000,3.94,train
data/tts/wavefake_01251.wav,TTS,WaveFake,SPK_Wav_051,en,SPOOF_DF,HiFi-GAN,Clean,pcm_16k,16000,3.73,train
data/tts/wavefake_01252.wav,TTS,WaveFake,SPK_Wav_052,en,SPOOF_DF,HiFi-GAN,Clean,pcm_16k,16000,4.2,train
data/tts/wavefake_01253.wav,TTS,WaveFake,SPK_Wav_053,en,SPOOF_DF,HiFi-GAN,Clean,pcm_16k,16000,3.9,train
data/tts/wavefake_01254.wav,TTS,WaveFake,SPK_Wav_054,en,SPOOF_DF,HiFi-GAN,Clean,pcm_16k,16000,2.95,train
data/tts/wavefake_01255.wav,TTS,WaveFake,SPK_Wav_055,en,SPOOF_DF,HiFi-GAN,Clean,pcm_16k,16000,3.43,train
data/tts/wavefake_01256.wav,TTS,WaveFake,SPK_Wav_056,en,SPOOF_DF,HiFi-GAN,Clean,pcm_16k,16000,3.23,test
data/tts/wavefake_01257.wav,TTS,WaveFake,SPK_Wav_057,en,SPOOF_DF,HiFi-GAN,Clean,pcm_16k,16000,2.84,train
data/tts/wavefake_01258.wav,TTS,WaveFake,SPK_Wav_058,en,SPOOF_DF,HiFi-GAN,Clean,pcm_16k,16000,2.79,train
data/tts/wavefake_01259.wav,TTS,WaveFake,SPK_Wav_059,en,SPOOF_DF,HiFi-GAN,Clean,pcm_16k,16000,3.97,test
data/tts/wavefake_01260.wav,TTS,WaveFake,SPK_Wav_060,en,SPOOF_DF,HiFi-GAN,Clean,pcm_16k,16000,3.59,train
data/tts/wavefake_01261.wav,TTS,WaveFake,SPK_Wav_061,en,SPOOF_DF,HiFi-GAN,Clean,pcm_16k,16000,3.62,train
data/tts/wavefake_01262.wav,TTS,WaveFake,SPK_Wav_062,en,SPOOF_DF,HiFi-GAN,Clean,pcm_16k,16000,3.06,train
data/tts/wavefake_01263.wav,TTS,WaveFake,SPK_Wav_063,en,SPOOF_DF,HiFi-GAN,Clean,pcm_16k,16000,3.11,train
data/tts/wavefake_01264.wav,TTS,WaveFake,SPK_Wav_064,en,SPOOF_DF,HiFi-GAN,Clean,pcm_16k,16000,3.32,train
data/tts/wavefake_01265.wav,TTS,WaveFake,SPK_Wav_065,en,SPOOF_DF,HiFi-GAN,Clean,pcm_16k,16000,3.71,validation
data/tts/wavefake_01266.wav,TTS,WaveFake,SPK_Wav_066,en,SPOOF_DF,HiFi-GAN,Clean,pcm_16k,16000,3.39,test
data/tts/wavefake_01267.wav,TTS,WaveFake,SPK_Wav_067,en,SPOOF_DF,HiFi-GAN,Clean,pcm_16k,16000,2.73,validation
data/tts/wavefake_01268.wav,TTS,WaveFake,SPK_Wav_068,en,SPOOF_DF,HiFi-GAN,Clean,pcm_16k,16000,3.78,train
data/tts/wavefake_01269.wav,TTS,WaveFake,SPK_Wav_069,en,SPOOF_DF,HiFi-GAN,Clean,pcm_16k,16000,3.56,train
data/tts/wavefake_01270.wav,TTS,WaveFake,SPK_Wav_070,en,SPOOF_DF,HiFi-GAN,Clean,pcm_16k,16000,3.73,train
data/tts/wavefake_01271.wav,TTS,WaveFake,SPK_Wav_071,en,SPOOF_DF,HiFi-GAN,Clean,pcm_16k,16000,3.69,train
data/tts/wavefake_01272.wav,TTS,WaveFake,SPK_Wav_072,en,SPOOF_DF,HiFi-GAN,Clean,pcm_16k,16000,3.91,validation
data/tts/wavefake_01273.wav,TTS,WaveFake,SPK_Wav_073,en,SPOOF_DF,HiFi-GAN,Clean,pcm_16k,16000,3.64,train
data/tts/wavefake_01274.wav,TTS,WaveFake,SPK_Wav_074,en,SPOOF_DF,HiFi-GAN,Clean,pcm_16k,16000,3.82,test
data/tts/wavefake_01275.wav,TTS,WaveFake,SPK_Wav_075,en,SPOOF_DF,HiFi-GAN,Clean,pcm_16k,16000,2.82,train
data/tts/wavefake_01276.wav,TTS,WaveFake,SPK_Wav_076,en,SPOOF_DF,HiFi-GAN,Clean,pcm_16k,16000,4.18,test
data/tts/wavefake_01277.wav,TTS,WaveFake,SPK_Wav_077,en,SPOOF_DF,HiFi-GAN,Clean,pcm_16k,16000,2.87,test
data/tts/wavefake_01278.wav,TTS,WaveFake,SPK_Wav_078,en,SPOOF_DF,HiFi-GAN,Clean,pcm_16k,16000,3.96,train
data/tts/wavefake_01279.wav,TTS,WaveFake,SPK_Wav_079,en,SPOOF_DF,HiFi-GAN,Clean,pcm_16k,16000,3.18,train
data/tts/wavefake_01280.wav,TTS,WaveFake,SPK_Wav_080,en,SPOOF_DF,HiFi-GAN,Clean,pcm_16k,16000,2.84,train
data/tts/wavefake_01281.wav,TTS,WaveFake,SPK_Wav_081,en,SPOOF_DF,HiFi-GAN,Clean,pcm_16k,16000,3.92,train
data/tts/wavefake_01282.wav,TTS,WaveFake,SPK_Wav_082,en,SPOOF_DF,HiFi-GAN,Clean,pcm_16k,16000,3.4,validation
data/tts/wavefake_01283.wav,TTS,WaveFake,SPK_Wav_083,en,SPOOF_DF,HiFi-GAN,Clean,pcm_16k,16000,3.33,train
data/tts/wavefake_01284.wav,TTS,WaveFake,SPK_Wav_084,en,SPOOF_DF,HiFi-GAN,Clean,pcm_16k,16000,3.76,train
data/tts/wavefake_01285.wav,TTS,WaveFake,SPK_Wav_085,en,SPOOF_DF,HiFi-GAN,Clean,pcm_16k,16000,3.46,validation
data/tts/wavefake_01286.wav,TTS,WaveFake,SPK_Wav_086,en,SPOOF_DF,HiFi-GAN,Clean,pcm_16k,16000,3.55,train
data/tts/wavefake_01287.wav,TTS,WaveFake,SPK_Wav_087,en,SPOOF_DF,HiFi-GAN,Clean,pcm_16k,16000,2.92,train
data/tts/wavefake_01288.wav,TTS,WaveFake,SPK_Wav_088,en,SPOOF_DF,HiFi-GAN,Clean,pcm_16k,16000,3.33,train
data/tts/wavefake_01289.wav,TTS,WaveFake,SPK_Wav_089,en,SPOOF_DF,HiFi-GAN,Clean,pcm_16k,16000,3.98,train
data/tts/wavefake_01290.wav,TTS,WaveFake,SPK_Wav_090,en,SPOOF_DF,HiFi-GAN,Clean,pcm_16k,16000,3.57,train
data/tts/wavefake_01291.wav,TTS,WaveFake,SPK_Wav_091,en,SPOOF_DF,HiFi-GAN,Clean,pcm_16k,16000,4.24,train
data/tts/wavefake_01292.wav,TTS,WaveFake,SPK_Wav_092,en,SPOOF_DF,HiFi-GAN,Clean,pcm_16k,16000,2.93,train
data/tts/wavefake_01293.wav,TTS,WaveFake,SPK_Wav_093,en,SPOOF_DF,HiFi-GAN,Clean,pcm_16k,16000,3.78,train
data/tts/wavefake_01294.wav,TTS,WaveFake,SPK_Wav_094,en,SPOOF_DF,HiFi-GAN,Clean,pcm_16k,16000,4.16,train
data/tts/wavefake_01295.wav,TTS,WaveFake,SPK_Wav_095,en,SPOOF_DF,HiFi-GAN,Clean,pcm_16k,16000,3.97,train
data/tts/wavefake_01296.wav,TTS,WaveFake,SPK_Wav_096,en,SPOOF_DF,HiFi-GAN,Clean,pcm_16k,16000,3.87,train
data/tts/wavefake_01297.wav,TTS,WaveFake,SPK_Wav_097,en,SPOOF_DF,HiFi-GAN,Clean,pcm_16k,16000,3.3,train
data/tts/wavefake_01298.wav,TTS,WaveFake,SPK_Wav_098,en,SPOOF_DF,HiFi-GAN,Clean,pcm_16k,16000,4.22,test
data/tts/wavefake_01299.wav,TTS,WaveFake,SPK_Wav_099,en,SPOOF_DF,HiFi-GAN,Clean,pcm_16k,16000,3.59,validation
data/tts/wavefake_01300.wav,TTS,WaveFake,SPK_Wav_100,en,SPOOF_DF,HiFi-GAN,Clean,pcm_16k,16000,3.59,train
data/tts/wavefake_01301.wav,TTS,WaveFake,SPK_Wav_101,en,SPOOF_DF,HiFi-GAN,Clean,pcm_16k,16000,2.9,validation
data/tts/wavefake_01302.wav,TTS,WaveFake,SPK_Wav_102,en,SPOOF_DF,HiFi-GAN,Clean,pcm_16k,16000,2.71,test
data/tts/wavefake_01303.wav,TTS,WaveFake,SPK_Wav_103,en,SPOOF_DF,HiFi-GAN,Clean,pcm_16k,16000,3.65,train
data/tts/wavefake_01304.wav,TTS,WaveFake,SPK_Wav_104,en,SPOOF_DF,HiFi-GAN,Clean,pcm_16k,16000,3.56,validation
data/tts/wavefake_01305.wav,TTS,WaveFake,SPK_Wav_105,en,SPOOF_DF,HiFi-GAN,Clean,pcm_16k,16000,4.22,train
data/tts/wavefake_01306.wav,TTS,WaveFake,SPK_Wav_106,en,SPOOF_DF,HiFi-GAN,Clean,pcm_16k,16000,3.19,validation
data/tts/wavefake_01307.wav,TTS,WaveFake,SPK_Wav_107,en,SPOOF_DF,HiFi-GAN,Clean,pcm_16k,16000,3.9,train
data/tts/wavefake_01308.wav,TTS,WaveFake,SPK_Wav_108,en,SPOOF_DF,HiFi-GAN,Clean,pcm_16k,16000,4.15,validation
data/tts/wavefake_01309.wav,TTS,WaveFake,SPK_Wav_109,en,SPOOF_DF,HiFi-GAN,Clean,pcm_16k,16000,3.25,validation
data/tts/wavefake_01310.wav,TTS,WaveFake,SPK_Wav_110,en,SPOOF_DF,HiFi-GAN,Clean,pcm_16k,16000,3.36,train
data/tts/wavefake_01311.wav,TTS,WaveFake,SPK_Wav_111,en,SPOOF_DF,HiFi-GAN,Clean,pcm_16k,16000,3.73,test
data/tts/wavefake_01312.wav,TTS,WaveFake,SPK_Wav_112,en,SPOOF_DF,HiFi-GAN,Clean,pcm_16k,16000,3.52,train
data/tts/wavefake_01313.wav,TTS,WaveFake,SPK_Wav_113,en,SPOOF_DF,HiFi-GAN,Clean,pcm_16k,16000,2.96,train
data/tts/wavefake_01314.wav,TTS,WaveFake,SPK_Wav_114,en,SPOOF_DF,HiFi-GAN,Clean,pcm_16k,16000,3.05,validation
data/tts/wavefake_01315.wav,TTS,WaveFake,SPK_Wav_115,en,SPOOF_DF,HiFi-GAN,Clean,pcm_16k,16000,4.04,train
data/tts/wavefake_01316.wav,TTS,WaveFake,SPK_Wav_116,en,SPOOF_DF,HiFi-GAN,Clean,pcm_16k,16000,3.01,train
data/tts/wavefake_01317.wav,TTS,WaveFake,SPK_Wav_117,en,SPOOF_DF,HiFi-GAN,Clean,pcm_16k,16000,2.99,train
data/tts/wavefake_01318.wav,TTS,WaveFake,SPK_Wav_118,en,SPOOF_DF,HiFi-GAN,Clean,pcm_16k,16000,3.98,train
data/tts/wavefake_01319.wav,TTS,WaveFake,SPK_Wav_119,en,SPOOF_DF,HiFi-GAN,Clean,pcm_16k,16000,4.06,test
data/tts/wavefake_01320.wav,TTS,WaveFake,SPK_Wav_000,en,SPOOF_DF,HiFi-GAN,Clean,pcm_16k,16000,4.06,train
data/tts/wavefake_01321.wav,TTS,WaveFake,SPK_Wav_001,en,SPOOF_DF,HiFi-GAN,Clean,pcm_16k,16000,4.19,validation
data/tts/wavefake_01322.wav,TTS,WaveFake,SPK_Wav_002,en,SPOOF_DF,HiFi-GAN,Clean,pcm_16k,16000,4.29,validation
data/tts/wavefake_01323.wav,TTS,WaveFake,SPK_Wav_003,en,SPOOF_DF,HiFi-GAN,Clean,pcm_16k,16000,3.44,train
data/tts/wavefake_01324.wav,TTS,WaveFake,SPK_Wav_004,en,SPOOF_DF,HiFi-GAN,Clean,pcm_16k,16000,3.58,validation
data/tts/wavefake_01325.wav,TTS,WaveFake,SPK_Wav_005,en,SPOOF_DF,HiFi-GAN,Clean,pcm_16k,16000,3.17,train
data/tts/wavefake_01326.wav,TTS,WaveFake,SPK_Wav_006,en,SPOOF_DF,HiFi-GAN,Clean,pcm_16k,16000,2.81,test
data/tts/wavefake_01327.wav,TTS,WaveFake,SPK_Wav_007,en,SPOOF_DF,HiFi-GAN,Clean,pcm_16k,16000,2.86,train
data/tts/wavefake_01328.wav,TTS,WaveFake,SPK_Wav_008,en,SPOOF_DF,HiFi-GAN,Clean,pcm_16k,16000,3.86,train
data/tts/wavefake_01329.wav,TTS,WaveFake,SPK_Wav_009,en,SPOOF_DF,HiFi-GAN,Clean,pcm_16k,16000,3.48,train
data/tts/wavefake_01330.wav,TTS,WaveFake,SPK_Wav_010,en,SPOOF_DF,HiFi-GAN,Clean,pcm_16k,16000,3.23,train
data/tts/wavefake_01331.wav,TTS,WaveFake,SPK_Wav_011,en,SPOOF_DF,HiFi-GAN,Clean,pcm_16k,16000,2.91,train
data/tts/wavefake_01332.wav,TTS,WaveFake,SPK_Wav_012,en,SPOOF_DF,HiFi-GAN,Clean,pcm_16k,16000,3.75,train
data/tts/wavefake_01333.wav,TTS,WaveFake,SPK_Wav_013,en,SPOOF_DF,HiFi-GAN,Clean,pcm_16k,16000,2.86,train
data/tts/wavefake_01334.wav,TTS,WaveFake,SPK_Wav_014,en,SPOOF_DF,HiFi-GAN,Clean,pcm_16k,16000,3.69,train
data/tts/wavefake_01335.wav,TTS,WaveFake,SPK_Wav_015,en,SPOOF_DF,HiFi-GAN,Clean,pcm_16k,16000,4.14,train
data/tts/wavefake_01336.wav,TTS,WaveFake,SPK_Wav_016,en,SPOOF_DF,HiFi-GAN,Clean,pcm_16k,16000,3.21,test
data/tts/wavefake_01337.wav,TTS,WaveFake,SPK_Wav_017,en,SPOOF_DF,HiFi-GAN,Clean,pcm_16k,16000,3.42,train
data/tts/wavefake_01338.wav,TTS,WaveFake,SPK_Wav_018,en,SPOOF_DF,HiFi-GAN,Clean,pcm_16k,16000,3.69,train
data/tts/wavefake_01339.wav,TTS,WaveFake,SPK_Wav_019,en,SPOOF_DF,HiFi-GAN,Clean,pcm_16k,16000,3.19,train
data/tts/wavefake_01340.wav,TTS,WaveFake,SPK_Wav_020,en,SPOOF_DF,HiFi-GAN,Clean,pcm_16k,16000,3.63,test
data/tts/wavefake_01341.wav,TTS,WaveFake,SPK_Wav_021,en,SPOOF_DF,HiFi-GAN,Clean,pcm_16k,16000,3.6,train
data/tts/wavefake_01342.wav,TTS,WaveFake,SPK_Wav_022,en,SPOOF_DF,HiFi-GAN,Clean,pcm_16k,16000,3.28,train
data/tts/wavefake_01343.wav,TTS,WaveFake,SPK_Wav_023,en,SPOOF_DF,HiFi-GAN,Clean,pcm_16k,16000,3.21,test
data/tts/wavefake_01344.wav,TTS,WaveFake,SPK_Wav_024,en,SPOOF_DF,HiFi-GAN,Clean,pcm_16k,16000,3.39,test
data/tts/wavefake_01345.wav,TTS,WaveFake,SPK_Wav_025,en,SPOOF_DF,HiFi-GAN,Clean,pcm_16k,16000,2.71,test
data/tts/wavefake_01346.wav,TTS,WaveFake,SPK_Wav_026,en,SPOOF_DF,HiFi-GAN,Clean,pcm_16k,16000,3.09,train
data/tts/wavefake_01347.wav,TTS,WaveFake,SPK_Wav_027,en,SPOOF_DF,HiFi-GAN,Clean,pcm_16k,16000,3.05,validation
data/tts/wavefake_01348.wav,TTS,WaveFake,SPK_Wav_028,en,SPOOF_DF,HiFi-GAN,Clean,pcm_16k,16000,3.88,train
data/tts/wavefake_01349.wav,TTS,WaveFake,SPK_Wav_029,en,SPOOF_DF,HiFi-GAN,Clean,pcm_16k,16000,3.4,train
data/tts/wavefake_01350.wav,TTS,WaveFake,SPK_Wav_030,en,SPOOF_DF,HiFi-GAN,Clean,pcm_16k,16000,4.04,test
data/tts/wavefake_01351.wav,TTS,WaveFake,SPK_Wav_031,en,SPOOF_DF,HiFi-GAN,Clean,pcm_16k,16000,2.91,train
data/tts/wavefake_01352.wav,TTS,WaveFake,SPK_Wav_032,en,SPOOF_DF,HiFi-GAN,Clean,pcm_16k,16000,3.87,train
data/tts/wavefake_01353.wav,TTS,WaveFake,SPK_Wav_033,en,SPOOF_DF,HiFi-GAN,Clean,pcm_16k,16000,4.1,train
data/tts/wavefake_01354.wav,TTS,WaveFake,SPK_Wav_034,en,SPOOF_DF,HiFi-GAN,Clean,pcm_16k,16000,3.44,train
data/tts/wavefake_01355.wav,TTS,WaveFake,SPK_Wav_035,en,SPOOF_DF,HiFi-GAN,Clean,pcm_16k,16000,3.27,train
data/tts/wavefake_01356.wav,TTS,WaveFake,SPK_Wav_036,en,SPOOF_DF,HiFi-GAN,Clean,pcm_16k,16000,3.19,train
data/tts/wavefake_01357.wav,TTS,WaveFake,SPK_Wav_037,en,SPOOF_DF,HiFi-GAN,Clean,pcm_16k,16000,3.58,validation
data/tts/wavefake_01358.wav,TTS,WaveFake,SPK_Wav_038,en,SPOOF_DF,HiFi-GAN,Clean,pcm_16k,16000,2.98,train
data/tts/wavefake_01359.wav,TTS,WaveFake,SPK_Wav_039,en,SPOOF_DF,HiFi-GAN,Clean,pcm_16k,16000,3.67,train
data/tts/wavefake_01360.wav,TTS,WaveFake,SPK_Wav_040,en,SPOOF_DF,HiFi-GAN,Clean,pcm_16k,16000,4.05,train
data/tts/wavefake_01361.wav,TTS,WaveFake,SPK_Wav_041,en,SPOOF_DF,HiFi-GAN,Clean,pcm_16k,16000,4.07,train
data/tts/wavefake_01362.wav,TTS,WaveFake,SPK_Wav_042,en,SPOOF_DF,HiFi-GAN,Clean,pcm_16k,16000,2.92,train
data/tts/wavefake_01363.wav,TTS,WaveFake,SPK_Wav_043,en,SPOOF_DF,HiFi-GAN,Clean,pcm_16k,16000,3.56,train
data/tts/wavefake_01364.wav,TTS,WaveFake,SPK_Wav_044,en,SPOOF_DF,HiFi-GAN,Clean,pcm_16k,16000,3.12,validation
data/tts/wavefake_01365.wav,TTS,WaveFake,SPK_Wav_045,en,SPOOF_DF,HiFi-GAN,Clean,pcm_16k,16000,4.12,train
data/tts/wavefake_01366.wav,TTS,WaveFake,SPK_Wav_046,en,SPOOF_DF,HiFi-GAN,Clean,pcm_16k,16000,2.82,train
data/tts/wavefake_01367.wav,TTS,WaveFake,SPK_Wav_047,en,SPOOF_DF,HiFi-GAN,Clean,pcm_16k,16000,2.82,test
data/tts/wavefake_01368.wav,TTS,WaveFake,SPK_Wav_048,en,SPOOF_DF,HiFi-GAN,Clean,pcm_16k,16000,2.73,train
data/tts/wavefake_01369.wav,TTS,WaveFake,SPK_Wav_049,en,SPOOF_DF,HiFi-GAN,Clean,pcm_16k,16000,3.51,test
data/tts/wavefake_01370.wav,TTS,WaveFake,SPK_Wav_050,en,SPOOF_DF,HiFi-GAN,Clean,pcm_16k,16000,2.75,train
data/tts/wavefake_01371.wav,TTS,WaveFake,SPK_Wav_051,en,SPOOF_DF,HiFi-GAN,Clean,pcm_16k,16000,3.63,train
data/tts/wavefake_01372.wav,TTS,WaveFake,SPK_Wav_052,en,SPOOF_DF,HiFi-GAN,Clean,pcm_16k,16000,3.35,train
data/tts/wavefake_01373.wav,TTS,WaveFake,SPK_Wav_053,en,SPOOF_DF,HiFi-GAN,Clean,pcm_16k,16000,3.64,train
data/tts/wavefake_01374.wav,TTS,WaveFake,SPK_Wav_054,en,SPOOF_DF,HiFi-GAN,Clean,pcm_16k,16000,4.15,train
data/tts/wavefake_01375.wav,TTS,WaveFake,SPK_Wav_055,en,SPOOF_DF,HiFi-GAN,Clean,pcm_16k,16000,3.58,train
data/tts/wavefake_01376.wav,TTS,WaveFake,SPK_Wav_056,en,SPOOF_DF,HiFi-GAN,Clean,pcm_16k,16000,3.57,test
data/tts/wavefake_01377.wav,TTS,WaveFake,SPK_Wav_057,en,SPOOF_DF,HiFi-GAN,Clean,pcm_16k,16000,4.3,train
data/tts/wavefake_01378.wav,TTS,WaveFake,SPK_Wav_058,en,SPOOF_DF,HiFi-GAN,Clean,pcm_16k,16000,3.46,train
data/tts/wavefake_01379.wav,TTS,WaveFake,SPK_Wav_059,en,SPOOF_DF,HiFi-GAN,Clean,pcm_16k,16000,3.94,test
data/tts/wavefake_01380.wav,TTS,WaveFake,SPK_Wav_060,en,SPOOF_DF,HiFi-GAN,Clean,pcm_16k,16000,3.29,train
data/tts/wavefake_01381.wav,TTS,WaveFake,SPK_Wav_061,en,SPOOF_DF,HiFi-GAN,Clean,pcm_16k,16000,3.06,train
data/tts/wavefake_01382.wav,TTS,WaveFake,SPK_Wav_062,en,SPOOF_DF,HiFi-GAN,Clean,pcm_16k,16000,3.94,train
data/tts/wavefake_01383.wav,TTS,WaveFake,SPK_Wav_063,en,SPOOF_DF,HiFi-GAN,Clean,pcm_16k,16000,3.87,train
data/tts/wavefake_01384.wav,TTS,WaveFake,SPK_Wav_064,en,SPOOF_DF,HiFi-GAN,Clean,pcm_16k,16000,3.17,train
data/tts/wavefake_01385.wav,TTS,WaveFake,SPK_Wav_065,en,SPOOF_DF,HiFi-GAN,Clean,pcm_16k,16000,3.44,validation
data/tts/wavefake_01386.wav,TTS,WaveFake,SPK_Wav_066,en,SPOOF_DF,HiFi-GAN,Clean,pcm_16k,16000,3.52,test
data/tts/wavefake_01387.wav,TTS,WaveFake,SPK_Wav_067,en,SPOOF_DF,HiFi-GAN,Clean,pcm_16k,16000,3.33,validation
data/tts/wavefake_01388.wav,TTS,WaveFake,SPK_Wav_068,en,SPOOF_DF,HiFi-GAN,Clean,pcm_16k,16000,3.5,train
data/tts/wavefake_01389.wav,TTS,WaveFake,SPK_Wav_069,en,SPOOF_DF,HiFi-GAN,Clean,pcm_16k,16000,3.76,train
data/tts/wavefake_01390.wav,TTS,WaveFake,SPK_Wav_070,en,SPOOF_DF,HiFi-GAN,Clean,pcm_16k,16000,4.06,train
data/tts/wavefake_01391.wav,TTS,WaveFake,SPK_Wav_071,en,SPOOF_DF,HiFi-GAN,Clean,pcm_16k,16000,3.99,train
data/tts/wavefake_01392.wav,TTS,WaveFake,SPK_Wav_072,en,SPOOF_DF,HiFi-GAN,Clean,pcm_16k,16000,3.68,validation
data/tts/wavefake_01393.wav,TTS,WaveFake,SPK_Wav_073,en,SPOOF_DF,HiFi-GAN,Clean,pcm_16k,16000,2.97,train
data/tts/wavefake_01394.wav,TTS,WaveFake,SPK_Wav_074,en,SPOOF_DF,HiFi-GAN,Clean,pcm_16k,16000,3.52,test
data/tts/wavefake_01395.wav,TTS,WaveFake,SPK_Wav_075,en,SPOOF_DF,HiFi-GAN,Clean,pcm_16k,16000,3.41,train
data/tts/wavefake_01396.wav,TTS,WaveFake,SPK_Wav_076,en,SPOOF_DF,HiFi-GAN,Clean,pcm_16k,16000,2.99,test
data/tts/wavefake_01397.wav,TTS,WaveFake,SPK_Wav_077,en,SPOOF_DF,HiFi-GAN,Clean,pcm_16k,16000,4.22,test
data/tts/wavefake_01398.wav,TTS,WaveFake,SPK_Wav_078,en,SPOOF_DF,HiFi-GAN,Clean,pcm_16k,16000,3.76,train
data/tts/wavefake_01399.wav,TTS,WaveFake,SPK_Wav_079,en,SPOOF_DF,HiFi-GAN,Clean,pcm_16k,16000,4.25,train
data/tts/wavefake_01400.wav,TTS,WaveFake,SPK_Wav_080,en,SPOOF_DF,HiFi-GAN,Clean,pcm_16k,16000,3.88,train
data/tts/wavefake_01401.wav,TTS,WaveFake,SPK_Wav_081,en,SPOOF_DF,HiFi-GAN,Clean,pcm_16k,16000,3.47,train
data/tts/wavefake_01402.wav,TTS,WaveFake,SPK_Wav_082,en,SPOOF_DF,HiFi-GAN,Clean,pcm_16k,16000,3.27,validation
data/tts/wavefake_01403.wav,TTS,WaveFake,SPK_Wav_083,en,SPOOF_DF,HiFi-GAN,Clean,pcm_16k,16000,3.05,train
data/tts/wavefake_01404.wav,TTS,WaveFake,SPK_Wav_084,en,SPOOF_DF,HiFi-GAN,Clean,pcm_16k,16000,3.48,train
data/tts/wavefake_01405.wav,TTS,WaveFake,SPK_Wav_085,en,SPOOF_DF,HiFi-GAN,Clean,pcm_16k,16000,2.8,validation
data/tts/wavefake_01406.wav,TTS,WaveFake,SPK_Wav_086,en,SPOOF_DF,HiFi-GAN,Clean,pcm_16k,16000,3.29,train
data/tts/wavefake_01407.wav,TTS,WaveFake,SPK_Wav_087,en,SPOOF_DF,HiFi-GAN,Clean,pcm_16k,16000,2.77,train
data/tts/wavefake_01408.wav,TTS,WaveFake,SPK_Wav_088,en,SPOOF_DF,HiFi-GAN,Clean,pcm_16k,16000,3.03,train
data/tts/wavefake_01409.wav,TTS,WaveFake,SPK_Wav_089,en,SPOOF_DF,HiFi-GAN,Clean,pcm_16k,16000,4.15,train
data/tts/wavefake_01410.wav,TTS,WaveFake,SPK_Wav_090,en,SPOOF_DF,HiFi-GAN,Clean,pcm_16k,16000,3.28,train
data/tts/wavefake_01411.wav,TTS,WaveFake,SPK_Wav_091,en,SPOOF_DF,HiFi-GAN,Clean,pcm_16k,16000,3.45,train
data/tts/wavefake_01412.wav,TTS,WaveFake,SPK_Wav_092,en,SPOOF_DF,HiFi-GAN,Clean,pcm_16k,16000,3.43,train
data/tts/wavefake_01413.wav,TTS,WaveFake,SPK_Wav_093,en,SPOOF_DF,HiFi-GAN,Clean,pcm_16k,16000,2.77,train
data/tts/wavefake_01414.wav,TTS,WaveFake,SPK_Wav_094,en,SPOOF_DF,HiFi-GAN,Clean,pcm_16k,16000,4.27,train
data/tts/wavefake_01415.wav,TTS,WaveFake,SPK_Wav_095,en,SPOOF_DF,HiFi-GAN,Clean,pcm_16k,16000,3.22,train
data/tts/wavefake_01416.wav,TTS,WaveFake,SPK_Wav_096,en,SPOOF_DF,HiFi-GAN,Clean,pcm_16k,16000,3.83,train
data/tts/wavefake_01417.wav,TTS,WaveFake,SPK_Wav_097,en,SPOOF_DF,HiFi-GAN,Clean,pcm_16k,16000,3.53,train
data/tts/wavefake_01418.wav,TTS,WaveFake,SPK_Wav_098,en,SPOOF_DF,HiFi-GAN,Clean,pcm_16k,16000,4.03,test
data/tts/wavefake_01419.wav,TTS,WaveFake,SPK_Wav_099,en,SPOOF_DF,HiFi-GAN,Clean,pcm_16k,16000,4.04,validation
data/tts/wavefake_01420.wav,TTS,WaveFake,SPK_Wav_100,en,SPOOF_DF,HiFi-GAN,Clean,pcm_16k,16000,3.12,train
data/tts/wavefake_01421.wav,TTS,WaveFake,SPK_Wav_101,en,SPOOF_DF,HiFi-GAN,Clean,pcm_16k,16000,3.57,validation
data/tts/wavefake_01422.wav,TTS,WaveFake,SPK_Wav_102,en,SPOOF_DF,HiFi-GAN,Clean,pcm_16k,16000,2.98,test
data/tts/wavefake_01423.wav,TTS,WaveFake,SPK_Wav_103,en,SPOOF_DF,HiFi-GAN,Clean,pcm_16k,16000,3.75,train
data/tts/wavefake_01424.wav,TTS,WaveFake,SPK_Wav_104,en,SPOOF_DF,HiFi-GAN,Clean,pcm_16k,16000,3.28,validation
data/tts/wavefake_01425.wav,TTS,WaveFake,SPK_Wav_105,en,SPOOF_DF,HiFi-GAN,Clean,pcm_16k,16000,3.75,train
data/tts/wavefake_01426.wav,TTS,WaveFake,SPK_Wav_106,en,SPOOF_DF,HiFi-GAN,Clean,pcm_16k,16000,4.04,validation
data/tts/wavefake_01427.wav,TTS,WaveFake,SPK_Wav_107,en,SPOOF_DF,HiFi-GAN,Clean,pcm_16k,16000,3.53,train
data/tts/wavefake_01428.wav,TTS,WaveFake,SPK_Wav_108,en,SPOOF_DF,HiFi-GAN,Clean,pcm_16k,16000,3.3,validation
data/tts/wavefake_01429.wav,TTS,WaveFake,SPK_Wav_109,en,SPOOF_DF,HiFi-GAN,Clean,pcm_16k,16000,4.15,validation
data/tts/wavefake_01430.wav,TTS,WaveFake,SPK_Wav_110,en,SPOOF_DF,HiFi-GAN,Clean,pcm_16k,16000,3.53,train
data/tts/wavefake_01431.wav,TTS,WaveFake,SPK_Wav_111,en,SPOOF_DF,HiFi-GAN,Clean,pcm_16k,16000,3.26,test
data/tts/wavefake_01432.wav,TTS,WaveFake,SPK_Wav_112,en,SPOOF_DF,HiFi-GAN,Clean,pcm_16k,16000,4.09,train
data/tts/wavefake_01433.wav,TTS,WaveFake,SPK_Wav_113,en,SPOOF_DF,HiFi-GAN,Clean,pcm_16k,16000,3.48,train
data/tts/wavefake_01434.wav,TTS,WaveFake,SPK_Wav_114,en,SPOOF_DF,HiFi-GAN,Clean,pcm_16k,16000,3.47,validation
data/tts/wavefake_01435.wav,TTS,WaveFake,SPK_Wav_115,en,SPOOF_DF,HiFi-GAN,Clean,pcm_16k,16000,3.67,train
data/tts/wavefake_01436.wav,TTS,WaveFake,SPK_Wav_116,en,SPOOF_DF,HiFi-GAN,Clean,pcm_16k,16000,3.5,train
data/tts/wavefake_01437.wav,TTS,WaveFake,SPK_Wav_117,en,SPOOF_DF,HiFi-GAN,Clean,pcm_16k,16000,2.92,train
data/tts/wavefake_01438.wav,TTS,WaveFake,SPK_Wav_118,en,SPOOF_DF,HiFi-GAN,Clean,pcm_16k,16000,2.96,train
data/tts/wavefake_01439.wav,TTS,WaveFake,SPK_Wav_119,en,SPOOF_DF,HiFi-GAN,Clean,pcm_16k,16000,2.82,test
data/tts/wavefake_01440.wav,TTS,WaveFake,SPK_Wav_000,en,SPOOF_DF,HiFi-GAN,Clean,pcm_16k,16000,3.73,train
data/tts/wavefake_01441.wav,TTS,WaveFake,SPK_Wav_001,en,SPOOF_DF,HiFi-GAN,Clean,pcm_16k,16000,3.04,validation
data/tts/wavefake_01442.wav,TTS,WaveFake,SPK_Wav_002,en,SPOOF_DF,HiFi-GAN,Clean,pcm_16k,16000,3.0,validation
data/tts/wavefake_01443.wav,TTS,WaveFake,SPK_Wav_003,en,SPOOF_DF,HiFi-GAN,Clean,pcm_16k,16000,3.28,train
data/tts/wavefake_01444.wav,TTS,WaveFake,SPK_Wav_004,en,SPOOF_DF,HiFi-GAN,Clean,pcm_16k,16000,3.85,validation
data/tts/wavefake_01445.wav,TTS,WaveFake,SPK_Wav_005,en,SPOOF_DF,HiFi-GAN,Clean,pcm_16k,16000,2.89,train
data/tts/wavefake_01446.wav,TTS,WaveFake,SPK_Wav_006,en,SPOOF_DF,HiFi-GAN,Clean,pcm_16k,16000,3.07,test
data/tts/wavefake_01447.wav,TTS,WaveFake,SPK_Wav_007,en,SPOOF_DF,HiFi-GAN,Clean,pcm_16k,16000,4.0,train
data/tts/wavefake_01448.wav,TTS,WaveFake,SPK_Wav_008,en,SPOOF_DF,HiFi-GAN,Clean,pcm_16k,16000,3.85,train
data/tts/wavefake_01449.wav,TTS,WaveFake,SPK_Wav_009,en,SPOOF_DF,HiFi-GAN,Clean,pcm_16k,16000,3.47,train
data/tts/wavefake_01450.wav,TTS,WaveFake,SPK_Wav_010,en,SPOOF_DF,HiFi-GAN,Clean,pcm_16k,16000,3.47,train
data/tts/wavefake_01451.wav,TTS,WaveFake,SPK_Wav_011,en,SPOOF_DF,HiFi-GAN,Clean,pcm_16k,16000,3.04,train
data/tts/wavefake_01452.wav,TTS,WaveFake,SPK_Wav_012,en,SPOOF_DF,HiFi-GAN,Clean,pcm_16k,16000,2.96,train
data/tts/wavefake_01453.wav,TTS,WaveFake,SPK_Wav_013,en,SPOOF_DF,HiFi-GAN,Clean,pcm_16k,16000,4.03,train
data/tts/wavefake_01454.wav,TTS,WaveFake,SPK_Wav_014,en,SPOOF_DF,HiFi-GAN,Clean,pcm_16k,16000,2.74,train
data/tts/wavefake_01455.wav,TTS,WaveFake,SPK_Wav_015,en,SPOOF_DF,HiFi-GAN,Clean,pcm_16k,16000,2.77,train
data/tts/wavefake_01456.wav,TTS,WaveFake,SPK_Wav_016,en,SPOOF_DF,HiFi-GAN,Clean,pcm_16k,16000,3.62,test
data/tts/wavefake_01457.wav,TTS,WaveFake,SPK_Wav_017,en,SPOOF_DF,HiFi-GAN,Clean,pcm_16k,16000,2.96,train
data/tts/wavefake_01458.wav,TTS,WaveFake,SPK_Wav_018,en,SPOOF_DF,HiFi-GAN,Clean,pcm_16k,16000,3.71,train
data/tts/wavefake_01459.wav,TTS,WaveFake,SPK_Wav_019,en,SPOOF_DF,HiFi-GAN,Clean,pcm_16k,16000,2.76,train
data/tts/wavefake_01460.wav,TTS,WaveFake,SPK_Wav_020,en,SPOOF_DF,HiFi-GAN,Clean,pcm_16k,16000,3.62,test
data/tts/wavefake_01461.wav,TTS,WaveFake,SPK_Wav_021,en,SPOOF_DF,HiFi-GAN,Clean,pcm_16k,16000,2.79,train
data/tts/wavefake_01462.wav,TTS,WaveFake,SPK_Wav_022,en,SPOOF_DF,HiFi-GAN,Clean,pcm_16k,16000,3.11,train
data/tts/wavefake_01463.wav,TTS,WaveFake,SPK_Wav_023,en,SPOOF_DF,HiFi-GAN,Clean,pcm_16k,16000,2.99,test
data/tts/wavefake_01464.wav,TTS,WaveFake,SPK_Wav_024,en,SPOOF_DF,HiFi-GAN,Clean,pcm_16k,16000,4.23,test
data/tts/wavefake_01465.wav,TTS,WaveFake,SPK_Wav_025,en,SPOOF_DF,HiFi-GAN,Clean,pcm_16k,16000,3.66,test
data/tts/wavefake_01466.wav,TTS,WaveFake,SPK_Wav_026,en,SPOOF_DF,HiFi-GAN,Clean,pcm_16k,16000,3.6,train
data/tts/wavefake_01467.wav,TTS,WaveFake,SPK_Wav_027,en,SPOOF_DF,HiFi-GAN,Clean,pcm_16k,16000,2.73,validation
data/tts/wavefake_01468.wav,TTS,WaveFake,SPK_Wav_028,en,SPOOF_DF,HiFi-GAN,Clean,pcm_16k,16000,3.85,train
data/tts/wavefake_01469.wav,TTS,WaveFake,SPK_Wav_029,en,SPOOF_DF,HiFi-GAN,Clean,pcm_16k,16000,3.76,train
data/tts/wavefake_01470.wav,TTS,WaveFake,SPK_Wav_030,en,SPOOF_DF,HiFi-GAN,Clean,pcm_16k,16000,3.15,test
data/tts/wavefake_01471.wav,TTS,WaveFake,SPK_Wav_031,en,SPOOF_DF,HiFi-GAN,Clean,pcm_16k,16000,2.84,train
data/tts/wavefake_01472.wav,TTS,WaveFake,SPK_Wav_032,en,SPOOF_DF,HiFi-GAN,Clean,pcm_16k,16000,3.42,train
data/tts/wavefake_01473.wav,TTS,WaveFake,SPK_Wav_033,en,SPOOF_DF,HiFi-GAN,Clean,pcm_16k,16000,4.29,train
data/tts/wavefake_01474.wav,TTS,WaveFake,SPK_Wav_034,en,SPOOF_DF,HiFi-GAN,Clean,pcm_16k,16000,4.09,train
data/tts/wavefake_01475.wav,TTS,WaveFake,SPK_Wav_035,en,SPOOF_DF,HiFi-GAN,Clean,pcm_16k,16000,2.97,train
data/tts/wavefake_01476.wav,TTS,WaveFake,SPK_Wav_036,en,SPOOF_DF,HiFi-GAN,Clean,pcm_16k,16000,4.03,train
data/tts/wavefake_01477.wav,TTS,WaveFake,SPK_Wav_037,en,SPOOF_DF,HiFi-GAN,Clean,pcm_16k,16000,3.66,validation
data/tts/wavefake_01478.wav,TTS,WaveFake,SPK_Wav_038,en,SPOOF_DF,HiFi-GAN,Clean,pcm_16k,16000,3.97,train
data/tts/wavefake_01479.wav,TTS,WaveFake,SPK_Wav_039,en,SPOOF_DF,HiFi-GAN,Clean,pcm_16k,16000,4.01,train
data/tts/wavefake_01480.wav,TTS,WaveFake,SPK_Wav_040,en,SPOOF_DF,HiFi-GAN,Clean,pcm_16k,16000,2.99,train
data/tts/wavefake_01481.wav,TTS,WaveFake,SPK_Wav_041,en,SPOOF_DF,HiFi-GAN,Clean,pcm_16k,16000,3.76,train
data/tts/wavefake_01482.wav,TTS,WaveFake,SPK_Wav_042,en,SPOOF_DF,HiFi-GAN,Clean,pcm_16k,16000,3.12,train
data/tts/wavefake_01483.wav,TTS,WaveFake,SPK_Wav_043,en,SPOOF_DF,HiFi-GAN,Clean,pcm_16k,16000,3.86,train
data/tts/wavefake_01484.wav,TTS,WaveFake,SPK_Wav_044,en,SPOOF_DF,HiFi-GAN,Clean,pcm_16k,16000,3.25,validation
data/tts/wavefake_01485.wav,TTS,WaveFake,SPK_Wav_045,en,SPOOF_DF,HiFi-GAN,Clean,pcm_16k,16000,3.43,train
data/tts/wavefake_01486.wav,TTS,WaveFake,SPK_Wav_046,en,SPOOF_DF,HiFi-GAN,Clean,pcm_16k,16000,3.64,train
data/tts/wavefake_01487.wav,TTS,WaveFake,SPK_Wav_047,en,SPOOF_DF,HiFi-GAN,Clean,pcm_16k,16000,3.07,test
data/tts/wavefake_01488.wav,TTS,WaveFake,SPK_Wav_048,en,SPOOF_DF,HiFi-GAN,Clean,pcm_16k,16000,3.32,train
data/tts/wavefake_01489.wav,TTS,WaveFake,SPK_Wav_049,en,SPOOF_DF,HiFi-GAN,Clean,pcm_16k,16000,2.87,test
data/tts/wavefake_01490.wav,TTS,WaveFake,SPK_Wav_050,en,SPOOF_DF,HiFi-GAN,Clean,pcm_16k,16000,3.02,train
data/tts/wavefake_01491.wav,TTS,WaveFake,SPK_Wav_051,en,SPOOF_DF,HiFi-GAN,Clean,pcm_16k,16000,4.08,train
data/tts/wavefake_01492.wav,TTS,WaveFake,SPK_Wav_052,en,SPOOF_DF,HiFi-GAN,Clean,pcm_16k,16000,3.51,train
data/tts/wavefake_01493.wav,TTS,WaveFake,SPK_Wav_053,en,SPOOF_DF,HiFi-GAN,Clean,pcm_16k,16000,3.37,train
data/tts/wavefake_01494.wav,TTS,WaveFake,SPK_Wav_054,en,SPOOF_DF,HiFi-GAN,Clean,pcm_16k,16000,2.94,train
data/tts/wavefake_01495.wav,TTS,WaveFake,SPK_Wav_055,en,SPOOF_DF,HiFi-GAN,Clean,pcm_16k,16000,2.85,train
data/tts/wavefake_01496.wav,TTS,WaveFake,SPK_Wav_056,en,SPOOF_DF,HiFi-GAN,Clean,pcm_16k,16000,3.46,test
data/tts/wavefake_01497.wav,TTS,WaveFake,SPK_Wav_057,en,SPOOF_DF,HiFi-GAN,Clean,pcm_16k,16000,3.68,train
data/tts/wavefake_01498.wav,TTS,WaveFake,SPK_Wav_058,en,SPOOF_DF,HiFi-GAN,Clean,pcm_16k,16000,2.76,train
data/tts/wavefake_01499.wav,TTS,WaveFake,SPK_Wav_059,en,SPOOF_DF,HiFi-GAN,Clean,pcm_16k,16000,3.95,test
data/tts/wavefake_01500.wav,TTS,WaveFake,SPK_Wav_060,en,SPOOF_DF,HiFi-GAN,Clean,pcm_16k,16000,3.51,train
data/voice_conversion/speechfake_00001.wav,VOICE_CONVERSION,SpeechFake,SPK_Spe_001,hi,SPOOF_VC,DiffSinger,Noisy,opus,16000,3.39,train
data/voice_conversion/speechfake_00002.wav,VOICE_CONVERSION,SpeechFake,SPK_Spe_002,hi,SPOOF_VC,DiffSinger,Noisy,opus,16000,3.97,train
data/voice_conversion/speechfake_00003.wav,VOICE_CONVERSION,SpeechFake,SPK_Spe_003,hi,SPOOF_VC,DiffSinger,Noisy,opus,16000,3.41,train
data/voice_conversion/speechfake_00004.wav,VOICE_CONVERSION,SpeechFake,SPK_Spe_004,hi,SPOOF_VC,DiffSinger,Noisy,opus,16000,4.17,train
data/voice_conversion/speechfake_00005.wav,VOICE_CONVERSION,SpeechFake,SPK_Spe_005,hi,SPOOF_VC,DiffSinger,Noisy,opus,16000,4.52,validation
data/voice_conversion/speechfake_00006.wav,VOICE_CONVERSION,SpeechFake,SPK_Spe_006,hi,SPOOF_VC,DiffSinger,Noisy,opus,16000,4.64,validation
data/voice_conversion/speechfake_00007.wav,VOICE_CONVERSION,SpeechFake,SPK_Spe_007,hi,SPOOF_VC,DiffSinger,Noisy,opus,16000,4.44,validation
data/voice_conversion/speechfake_00008.wav,VOICE_CONVERSION,SpeechFake,SPK_Spe_008,hi,SPOOF_VC,DiffSinger,Noisy,opus,16000,4.24,train
data/voice_conversion/speechfake_00009.wav,VOICE_CONVERSION,SpeechFake,SPK_Spe_009,hi,SPOOF_VC,DiffSinger,Noisy,opus,16000,4.04,train
data/voice_conversion/speechfake_00010.wav,VOICE_CONVERSION,SpeechFake,SPK_Spe_010,hi,SPOOF_VC,DiffSinger,Noisy,opus,16000,3.79,train
data/voice_conversion/speechfake_00011.wav,VOICE_CONVERSION,SpeechFake,SPK_Spe_011,hi,SPOOF_VC,DiffSinger,Noisy,opus,16000,3.27,train
data/voice_conversion/speechfake_00012.wav,VOICE_CONVERSION,SpeechFake,SPK_Spe_012,hi,SPOOF_VC,DiffSinger,Noisy,opus,16000,4.05,validation
data/voice_conversion/speechfake_00013.wav,VOICE_CONVERSION,SpeechFake,SPK_Spe_013,hi,SPOOF_VC,DiffSinger,Noisy,opus,16000,3.57,train
data/voice_conversion/speechfake_00014.wav,VOICE_CONVERSION,SpeechFake,SPK_Spe_014,hi,SPOOF_VC,DiffSinger,Noisy,opus,16000,4.48,train
data/voice_conversion/speechfake_00015.wav,VOICE_CONVERSION,SpeechFake,SPK_Spe_015,hi,SPOOF_VC,DiffSinger,Noisy,opus,16000,4.46,train
data/voice_conversion/speechfake_00016.wav,VOICE_CONVERSION,SpeechFake,SPK_Spe_016,hi,SPOOF_VC,DiffSinger,Noisy,opus,16000,3.81,train
data/voice_conversion/speechfake_00017.wav,VOICE_CONVERSION,SpeechFake,SPK_Spe_017,hi,SPOOF_VC,DiffSinger,Noisy,opus,16000,4.14,train
data/voice_conversion/speechfake_00018.wav,VOICE_CONVERSION,SpeechFake,SPK_Spe_018,hi,SPOOF_VC,DiffSinger,Noisy,opus,16000,4.39,validation
data/voice_conversion/speechfake_00019.wav,VOICE_CONVERSION,SpeechFake,SPK_Spe_019,hi,SPOOF_VC,DiffSinger,Noisy,opus,16000,4.42,test
data/voice_conversion/speechfake_00020.wav,VOICE_CONVERSION,SpeechFake,SPK_Spe_020,hi,SPOOF_VC,DiffSinger,Noisy,opus,16000,4.31,train
data/voice_conversion/speechfake_00021.wav,VOICE_CONVERSION,SpeechFake,SPK_Spe_021,hi,SPOOF_VC,DiffSinger,Noisy,opus,16000,3.36,test
data/voice_conversion/speechfake_00022.wav,VOICE_CONVERSION,SpeechFake,SPK_Spe_022,hi,SPOOF_VC,DiffSinger,Noisy,opus,16000,3.41,train
data/voice_conversion/speechfake_00023.wav,VOICE_CONVERSION,SpeechFake,SPK_Spe_023,hi,SPOOF_VC,DiffSinger,Noisy,opus,16000,3.96,validation
data/voice_conversion/speechfake_00024.wav,VOICE_CONVERSION,SpeechFake,SPK_Spe_024,hi,SPOOF_VC,DiffSinger,Noisy,opus,16000,3.57,test
data/voice_conversion/speechfake_00025.wav,VOICE_CONVERSION,SpeechFake,SPK_Spe_025,hi,SPOOF_VC,DiffSinger,Noisy,opus,16000,4.57,train
data/voice_conversion/speechfake_00026.wav,VOICE_CONVERSION,SpeechFake,SPK_Spe_026,hi,SPOOF_VC,DiffSinger,Noisy,opus,16000,3.65,train
data/voice_conversion/speechfake_00027.wav,VOICE_CONVERSION,SpeechFake,SPK_Spe_027,hi,SPOOF_VC,DiffSinger,Noisy,opus,16000,4.6,validation
data/voice_conversion/speechfake_00028.wav,VOICE_CONVERSION,SpeechFake,SPK_Spe_028,hi,SPOOF_VC,DiffSinger,Noisy,opus,16000,3.85,train
data/voice_conversion/speechfake_00029.wav,VOICE_CONVERSION,SpeechFake,SPK_Spe_029,hi,SPOOF_VC,DiffSinger,Noisy,opus,16000,3.5,train
data/voice_conversion/speechfake_00030.wav,VOICE_CONVERSION,SpeechFake,SPK_Spe_030,hi,SPOOF_VC,DiffSinger,Noisy,opus,16000,4.33,validation
data/voice_conversion/speechfake_00031.wav,VOICE_CONVERSION,SpeechFake,SPK_Spe_031,hi,SPOOF_VC,DiffSinger,Noisy,opus,16000,4.46,train
data/voice_conversion/speechfake_00032.wav,VOICE_CONVERSION,SpeechFake,SPK_Spe_032,hi,SPOOF_VC,DiffSinger,Noisy,opus,16000,4.12,validation
data/voice_conversion/speechfake_00033.wav,VOICE_CONVERSION,SpeechFake,SPK_Spe_033,hi,SPOOF_VC,DiffSinger,Noisy,opus,16000,3.39,validation
data/voice_conversion/speechfake_00034.wav,VOICE_CONVERSION,SpeechFake,SPK_Spe_034,hi,SPOOF_VC,DiffSinger,Noisy,opus,16000,3.21,train
data/voice_conversion/speechfake_00035.wav,VOICE_CONVERSION,SpeechFake,SPK_Spe_035,hi,SPOOF_VC,DiffSinger,Noisy,opus,16000,4.25,train
data/voice_conversion/speechfake_00036.wav,VOICE_CONVERSION,SpeechFake,SPK_Spe_036,hi,SPOOF_VC,DiffSinger,Noisy,opus,16000,4.3,train
data/voice_conversion/speechfake_00037.wav,VOICE_CONVERSION,SpeechFake,SPK_Spe_037,hi,SPOOF_VC,DiffSinger,Noisy,opus,16000,3.71,train
data/voice_conversion/speechfake_00038.wav,VOICE_CONVERSION,SpeechFake,SPK_Spe_038,hi,SPOOF_VC,DiffSinger,Noisy,opus,16000,3.78,train
data/voice_conversion/speechfake_00039.wav,VOICE_CONVERSION,SpeechFake,SPK_Spe_039,hi,SPOOF_VC,DiffSinger,Noisy,opus,16000,3.45,train
data/voice_conversion/speechfake_00040.wav,VOICE_CONVERSION,SpeechFake,SPK_Spe_040,hi,SPOOF_VC,DiffSinger,Noisy,opus,16000,4.24,test
data/voice_conversion/speechfake_00041.wav,VOICE_CONVERSION,SpeechFake,SPK_Spe_041,hi,SPOOF_VC,DiffSinger,Noisy,opus,16000,3.61,train
data/voice_conversion/speechfake_00042.wav,VOICE_CONVERSION,SpeechFake,SPK_Spe_042,hi,SPOOF_VC,DiffSinger,Noisy,opus,16000,4.57,train
data/voice_conversion/speechfake_00043.wav,VOICE_CONVERSION,SpeechFake,SPK_Spe_043,hi,SPOOF_VC,DiffSinger,Noisy,opus,16000,3.88,train
data/voice_conversion/speechfake_00044.wav,VOICE_CONVERSION,SpeechFake,SPK_Spe_044,hi,SPOOF_VC,DiffSinger,Noisy,opus,16000,3.79,train
data/voice_conversion/speechfake_00045.wav,VOICE_CONVERSION,SpeechFake,SPK_Spe_045,hi,SPOOF_VC,DiffSinger,Noisy,opus,16000,3.64,train
data/voice_conversion/speechfake_00046.wav,VOICE_CONVERSION,SpeechFake,SPK_Spe_046,hi,SPOOF_VC,DiffSinger,Noisy,opus,16000,4.29,train
data/voice_conversion/speechfake_00047.wav,VOICE_CONVERSION,SpeechFake,SPK_Spe_047,hi,SPOOF_VC,DiffSinger,Noisy,opus,16000,4.41,test
data/voice_conversion/speechfake_00048.wav,VOICE_CONVERSION,SpeechFake,SPK_Spe_048,hi,SPOOF_VC,DiffSinger,Noisy,opus,16000,3.86,validation
data/voice_conversion/speechfake_00049.wav,VOICE_CONVERSION,SpeechFake,SPK_Spe_049,hi,SPOOF_VC,DiffSinger,Noisy,opus,16000,4.45,validation
data/voice_conversion/speechfake_00050.wav,VOICE_CONVERSION,SpeechFake,SPK_Spe_050,hi,SPOOF_VC,DiffSinger,Noisy,opus,16000,3.97,train
data/voice_conversion/speechfake_00051.wav,VOICE_CONVERSION,SpeechFake,SPK_Spe_051,hi,SPOOF_VC,DiffSinger,Noisy,opus,16000,3.79,train
data/voice_conversion/speechfake_00052.wav,VOICE_CONVERSION,SpeechFake,SPK_Spe_052,hi,SPOOF_VC,DiffSinger,Noisy,opus,16000,4.09,test
data/voice_conversion/speechfake_00053.wav,VOICE_CONVERSION,SpeechFake,SPK_Spe_053,hi,SPOOF_VC,DiffSinger,Noisy,opus,16000,3.61,train
data/voice_conversion/speechfake_00054.wav,VOICE_CONVERSION,SpeechFake,SPK_Spe_054,hi,SPOOF_VC,DiffSinger,Noisy,opus,16000,3.69,train
data/voice_conversion/speechfake_00055.wav,VOICE_CONVERSION,SpeechFake,SPK_Spe_055,hi,SPOOF_VC,DiffSinger,Noisy,opus,16000,3.75,validation
data/voice_conversion/speechfake_00056.wav,VOICE_CONVERSION,SpeechFake,SPK_Spe_056,hi,SPOOF_VC,DiffSinger,Noisy,opus,16000,4.33,train
data/voice_conversion/speechfake_00057.wav,VOICE_CONVERSION,SpeechFake,SPK_Spe_057,hi,SPOOF_VC,DiffSinger,Noisy,opus,16000,4.38,train
data/voice_conversion/speechfake_00058.wav,VOICE_CONVERSION,SpeechFake,SPK_Spe_058,hi,SPOOF_VC,DiffSinger,Noisy,opus,16000,4.57,test
data/voice_conversion/speechfake_00059.wav,VOICE_CONVERSION,SpeechFake,SPK_Spe_059,hi,SPOOF_VC,DiffSinger,Noisy,opus,16000,4.25,train
data/voice_conversion/speechfake_00060.wav,VOICE_CONVERSION,SpeechFake,SPK_Spe_060,hi,SPOOF_VC,DiffSinger,Noisy,opus,16000,4.4,train
data/voice_conversion/speechfake_00061.wav,VOICE_CONVERSION,SpeechFake,SPK_Spe_061,hi,SPOOF_VC,DiffSinger,Noisy,opus,16000,3.91,train
data/voice_conversion/speechfake_00062.wav,VOICE_CONVERSION,SpeechFake,SPK_Spe_062,hi,SPOOF_VC,DiffSinger,Noisy,opus,16000,4.32,train
data/voice_conversion/speechfake_00063.wav,VOICE_CONVERSION,SpeechFake,SPK_Spe_063,hi,SPOOF_VC,DiffSinger,Noisy,opus,16000,3.46,train
data/voice_conversion/speechfake_00064.wav,VOICE_CONVERSION,SpeechFake,SPK_Spe_064,hi,SPOOF_VC,DiffSinger,Noisy,opus,16000,3.54,test
data/voice_conversion/speechfake_00065.wav,VOICE_CONVERSION,SpeechFake,SPK_Spe_065,hi,SPOOF_VC,DiffSinger,Noisy,opus,16000,3.84,train
data/voice_conversion/speechfake_00066.wav,VOICE_CONVERSION,SpeechFake,SPK_Spe_066,hi,SPOOF_VC,DiffSinger,Noisy,opus,16000,3.74,test
data/voice_conversion/speechfake_00067.wav,VOICE_CONVERSION,SpeechFake,SPK_Spe_067,hi,SPOOF_VC,DiffSinger,Noisy,opus,16000,4.08,test
data/voice_conversion/speechfake_00068.wav,VOICE_CONVERSION,SpeechFake,SPK_Spe_068,hi,SPOOF_VC,DiffSinger,Noisy,opus,16000,4.32,train
data/voice_conversion/speechfake_00069.wav,VOICE_CONVERSION,SpeechFake,SPK_Spe_069,hi,SPOOF_VC,DiffSinger,Noisy,opus,16000,4.33,test
data/voice_conversion/speechfake_00070.wav,VOICE_CONVERSION,SpeechFake,SPK_Spe_070,hi,SPOOF_VC,DiffSinger,Noisy,opus,16000,3.46,train
data/voice_conversion/speechfake_00071.wav,VOICE_CONVERSION,SpeechFake,SPK_Spe_071,hi,SPOOF_VC,DiffSinger,Noisy,opus,16000,4.74,train
data/voice_conversion/speechfake_00072.wav,VOICE_CONVERSION,SpeechFake,SPK_Spe_072,hi,SPOOF_VC,DiffSinger,Noisy,opus,16000,3.21,train
data/voice_conversion/speechfake_00073.wav,VOICE_CONVERSION,SpeechFake,SPK_Spe_073,hi,SPOOF_VC,DiffSinger,Noisy,opus,16000,3.35,train
data/voice_conversion/speechfake_00074.wav,VOICE_CONVERSION,SpeechFake,SPK_Spe_074,hi,SPOOF_VC,DiffSinger,Noisy,opus,16000,3.43,test
data/voice_conversion/speechfake_00075.wav,VOICE_CONVERSION,SpeechFake,SPK_Spe_075,hi,SPOOF_VC,DiffSinger,Noisy,opus,16000,4.68,train
data/voice_conversion/speechfake_00076.wav,VOICE_CONVERSION,SpeechFake,SPK_Spe_076,hi,SPOOF_VC,DiffSinger,Noisy,opus,16000,3.9,train
data/voice_conversion/speechfake_00077.wav,VOICE_CONVERSION,SpeechFake,SPK_Spe_077,hi,SPOOF_VC,DiffSinger,Noisy,opus,16000,3.3,train
data/voice_conversion/speechfake_00078.wav,VOICE_CONVERSION,SpeechFake,SPK_Spe_078,hi,SPOOF_VC,DiffSinger,Noisy,opus,16000,3.55,train
data/voice_conversion/speechfake_00079.wav,VOICE_CONVERSION,SpeechFake,SPK_Spe_079,hi,SPOOF_VC,DiffSinger,Noisy,opus,16000,3.33,train
data/voice_conversion/speechfake_00080.wav,VOICE_CONVERSION,SpeechFake,SPK_Spe_080,hi,SPOOF_VC,DiffSinger,Noisy,opus,16000,3.26,train
data/voice_conversion/speechfake_00081.wav,VOICE_CONVERSION,SpeechFake,SPK_Spe_081,hi,SPOOF_VC,DiffSinger,Noisy,opus,16000,3.81,train
data/voice_conversion/speechfake_00082.wav,VOICE_CONVERSION,SpeechFake,SPK_Spe_082,hi,SPOOF_VC,DiffSinger,Noisy,opus,16000,4.78,test
data/voice_conversion/speechfake_00083.wav,VOICE_CONVERSION,SpeechFake,SPK_Spe_083,hi,SPOOF_VC,DiffSinger,Noisy,opus,16000,4.18,train
data/voice_conversion/speechfake_00084.wav,VOICE_CONVERSION,SpeechFake,SPK_Spe_084,hi,SPOOF_VC,DiffSinger,Noisy,opus,16000,4.03,train
data/voice_conversion/speechfake_00085.wav,VOICE_CONVERSION,SpeechFake,SPK_Spe_085,hi,SPOOF_VC,DiffSinger,Noisy,opus,16000,4.34,train
data/voice_conversion/speechfake_00086.wav,VOICE_CONVERSION,SpeechFake,SPK_Spe_086,hi,SPOOF_VC,DiffSinger,Noisy,opus,16000,4.16,test
data/voice_conversion/speechfake_00087.wav,VOICE_CONVERSION,SpeechFake,SPK_Spe_087,hi,SPOOF_VC,DiffSinger,Noisy,opus,16000,4.71,train
data/voice_conversion/speechfake_00088.wav,VOICE_CONVERSION,SpeechFake,SPK_Spe_088,hi,SPOOF_VC,DiffSinger,Noisy,opus,16000,4.51,train
data/voice_conversion/speechfake_00089.wav,VOICE_CONVERSION,SpeechFake,SPK_Spe_089,hi,SPOOF_VC,DiffSinger,Noisy,opus,16000,4.22,train
data/voice_conversion/speechfake_00090.wav,VOICE_CONVERSION,SpeechFake,SPK_Spe_090,hi,SPOOF_VC,DiffSinger,Noisy,opus,16000,3.9,train
data/voice_conversion/speechfake_00091.wav,VOICE_CONVERSION,SpeechFake,SPK_Spe_091,hi,SPOOF_VC,DiffSinger,Noisy,opus,16000,3.52,test
data/voice_conversion/speechfake_00092.wav,VOICE_CONVERSION,SpeechFake,SPK_Spe_092,hi,SPOOF_VC,DiffSinger,Noisy,opus,16000,4.25,validation
data/voice_conversion/speechfake_00093.wav,VOICE_CONVERSION,SpeechFake,SPK_Spe_093,hi,SPOOF_VC,DiffSinger,Noisy,opus,16000,4.49,test
data/voice_conversion/speechfake_00094.wav,VOICE_CONVERSION,SpeechFake,SPK_Spe_094,hi,SPOOF_VC,DiffSinger,Noisy,opus,16000,3.66,train
data/voice_conversion/speechfake_00095.wav,VOICE_CONVERSION,SpeechFake,SPK_Spe_095,hi,SPOOF_VC,DiffSinger,Noisy,opus,16000,3.25,train
data/voice_conversion/speechfake_00096.wav,VOICE_CONVERSION,SpeechFake,SPK_Spe_096,hi,SPOOF_VC,DiffSinger,Noisy,opus,16000,4.16,train
data/voice_conversion/speechfake_00097.wav,VOICE_CONVERSION,SpeechFake,SPK_Spe_097,hi,SPOOF_VC,DiffSinger,Noisy,opus,16000,4.03,train
data/voice_conversion/speechfake_00098.wav,VOICE_CONVERSION,SpeechFake,SPK_Spe_098,hi,SPOOF_VC,DiffSinger,Noisy,opus,16000,3.57,train
data/voice_conversion/speechfake_00099.wav,VOICE_CONVERSION,SpeechFake,SPK_Spe_099,hi,SPOOF_VC,DiffSinger,Noisy,opus,16000,3.47,validation
data/voice_conversion/speechfake_00100.wav,VOICE_CONVERSION,SpeechFake,SPK_Spe_100,hi,SPOOF_VC,DiffSinger,Noisy,opus,16000,3.26,train
data/voice_conversion/speechfake_00101.wav,VOICE_CONVERSION,SpeechFake,SPK_Spe_101,hi,SPOOF_VC,DiffSinger,Noisy,opus,16000,3.58,validation
data/voice_conversion/speechfake_00102.wav,VOICE_CONVERSION,SpeechFake,SPK_Spe_102,hi,SPOOF_VC,DiffSinger,Noisy,opus,16000,3.2,train
data/voice_conversion/speechfake_00103.wav,VOICE_CONVERSION,SpeechFake,SPK_Spe_103,hi,SPOOF_VC,DiffSinger,Noisy,opus,16000,3.45,train
data/voice_conversion/speechfake_00104.wav,VOICE_CONVERSION,SpeechFake,SPK_Spe_104,hi,SPOOF_VC,DiffSinger,Noisy,opus,16000,4.79,train
data/voice_conversion/speechfake_00105.wav,VOICE_CONVERSION,SpeechFake,SPK_Spe_105,hi,SPOOF_VC,DiffSinger,Noisy,opus,16000,4.45,train
data/voice_conversion/speechfake_00106.wav,VOICE_CONVERSION,SpeechFake,SPK_Spe_106,hi,SPOOF_VC,DiffSinger,Noisy,opus,16000,3.77,test
data/voice_conversion/speechfake_00107.wav,VOICE_CONVERSION,SpeechFake,SPK_Spe_107,hi,SPOOF_VC,DiffSinger,Noisy,opus,16000,3.83,train
data/voice_conversion/speechfake_00108.wav,VOICE_CONVERSION,SpeechFake,SPK_Spe_108,hi,SPOOF_VC,DiffSinger,Noisy,opus,16000,4.14,train
data/voice_conversion/speechfake_00109.wav,VOICE_CONVERSION,SpeechFake,SPK_Spe_109,hi,SPOOF_VC,DiffSinger,Noisy,opus,16000,4.03,validation
data/voice_conversion/speechfake_00110.wav,VOICE_CONVERSION,SpeechFake,SPK_Spe_110,hi,SPOOF_VC,DiffSinger,Noisy,opus,16000,4.38,train
data/voice_conversion/speechfake_00111.wav,VOICE_CONVERSION,SpeechFake,SPK_Spe_111,hi,SPOOF_VC,DiffSinger,Noisy,opus,16000,3.31,train
data/voice_conversion/speechfake_00112.wav,VOICE_CONVERSION,SpeechFake,SPK_Spe_112,hi,SPOOF_VC,DiffSinger,Noisy,opus,16000,3.34,test
data/voice_conversion/speechfake_00113.wav,VOICE_CONVERSION,SpeechFake,SPK_Spe_113,hi,SPOOF_VC,DiffSinger,Noisy,opus,16000,3.66,train
data/voice_conversion/speechfake_00114.wav,VOICE_CONVERSION,SpeechFake,SPK_Spe_114,hi,SPOOF_VC,DiffSinger,Noisy,opus,16000,4.53,train
data/voice_conversion/speechfake_00115.wav,VOICE_CONVERSION,SpeechFake,SPK_Spe_115,hi,SPOOF_VC,DiffSinger,Noisy,opus,16000,4.66,test
data/voice_conversion/speechfake_00116.wav,VOICE_CONVERSION,SpeechFake,SPK_Spe_116,hi,SPOOF_VC,DiffSinger,Noisy,opus,16000,3.76,train
data/voice_conversion/speechfake_00117.wav,VOICE_CONVERSION,SpeechFake,SPK_Spe_117,hi,SPOOF_VC,DiffSinger,Noisy,opus,16000,4.74,test
data/voice_conversion/speechfake_00118.wav,VOICE_CONVERSION,SpeechFake,SPK_Spe_118,hi,SPOOF_VC,DiffSinger,Noisy,opus,16000,3.64,train
data/voice_conversion/speechfake_00119.wav,VOICE_CONVERSION,SpeechFake,SPK_Spe_119,hi,SPOOF_VC,DiffSinger,Noisy,opus,16000,4.17,train
data/voice_conversion/speechfake_00120.wav,VOICE_CONVERSION,SpeechFake,SPK_Spe_000,hi,SPOOF_VC,DiffSinger,Noisy,opus,16000,3.51,train
data/voice_conversion/speechfake_00121.wav,VOICE_CONVERSION,SpeechFake,SPK_Spe_001,hi,SPOOF_VC,DiffSinger,Noisy,opus,16000,4.69,train
data/voice_conversion/speechfake_00122.wav,VOICE_CONVERSION,SpeechFake,SPK_Spe_002,hi,SPOOF_VC,DiffSinger,Noisy,opus,16000,4.12,train
data/voice_conversion/speechfake_00123.wav,VOICE_CONVERSION,SpeechFake,SPK_Spe_003,hi,SPOOF_VC,DiffSinger,Noisy,opus,16000,3.62,train
data/voice_conversion/speechfake_00124.wav,VOICE_CONVERSION,SpeechFake,SPK_Spe_004,hi,SPOOF_VC,DiffSinger,Noisy,opus,16000,3.85,train
data/voice_conversion/speechfake_00125.wav,VOICE_CONVERSION,SpeechFake,SPK_Spe_005,hi,SPOOF_VC,DiffSinger,Noisy,opus,16000,3.37,validation
data/voice_conversion/speechfake_00126.wav,VOICE_CONVERSION,SpeechFake,SPK_Spe_006,hi,SPOOF_VC,DiffSinger,Noisy,opus,16000,3.32,validation
data/voice_conversion/speechfake_00127.wav,VOICE_CONVERSION,SpeechFake,SPK_Spe_007,hi,SPOOF_VC,DiffSinger,Noisy,opus,16000,3.67,validation
data/voice_conversion/speechfake_00128.wav,VOICE_CONVERSION,SpeechFake,SPK_Spe_008,hi,SPOOF_VC,DiffSinger,Noisy,opus,16000,4.72,train
data/voice_conversion/speechfake_00129.wav,VOICE_CONVERSION,SpeechFake,SPK_Spe_009,hi,SPOOF_VC,DiffSinger,Noisy,opus,16000,4.48,train
data/voice_conversion/speechfake_00130.wav,VOICE_CONVERSION,SpeechFake,SPK_Spe_010,hi,SPOOF_VC,DiffSinger,Noisy,opus,16000,4.73,train
data/voice_conversion/speechfake_00131.wav,VOICE_CONVERSION,SpeechFake,SPK_Spe_011,hi,SPOOF_VC,DiffSinger,Noisy,opus,16000,4.6,train
data/voice_conversion/speechfake_00132.wav,VOICE_CONVERSION,SpeechFake,SPK_Spe_012,hi,SPOOF_VC,DiffSinger,Noisy,opus,16000,4.5,validation
data/voice_conversion/speechfake_00133.wav,VOICE_CONVERSION,SpeechFake,SPK_Spe_013,hi,SPOOF_VC,DiffSinger,Noisy,opus,16000,4.12,train
data/voice_conversion/speechfake_00134.wav,VOICE_CONVERSION,SpeechFake,SPK_Spe_014,hi,SPOOF_VC,DiffSinger,Noisy,opus,16000,4.31,train
data/voice_conversion/speechfake_00135.wav,VOICE_CONVERSION,SpeechFake,SPK_Spe_015,hi,SPOOF_VC,DiffSinger,Noisy,opus,16000,4.75,train
data/voice_conversion/speechfake_00136.wav,VOICE_CONVERSION,SpeechFake,SPK_Spe_016,hi,SPOOF_VC,DiffSinger,Noisy,opus,16000,4.1,train
data/voice_conversion/speechfake_00137.wav,VOICE_CONVERSION,SpeechFake,SPK_Spe_017,hi,SPOOF_VC,DiffSinger,Noisy,opus,16000,4.43,train
data/voice_conversion/speechfake_00138.wav,VOICE_CONVERSION,SpeechFake,SPK_Spe_018,hi,SPOOF_VC,DiffSinger,Noisy,opus,16000,4.41,validation
data/voice_conversion/speechfake_00139.wav,VOICE_CONVERSION,SpeechFake,SPK_Spe_019,hi,SPOOF_VC,DiffSinger,Noisy,opus,16000,4.74,test
data/voice_conversion/speechfake_00140.wav,VOICE_CONVERSION,SpeechFake,SPK_Spe_020,hi,SPOOF_VC,DiffSinger,Noisy,opus,16000,3.93,train
data/voice_conversion/speechfake_00141.wav,VOICE_CONVERSION,SpeechFake,SPK_Spe_021,hi,SPOOF_VC,DiffSinger,Noisy,opus,16000,3.94,test
data/voice_conversion/speechfake_00142.wav,VOICE_CONVERSION,SpeechFake,SPK_Spe_022,hi,SPOOF_VC,DiffSinger,Noisy,opus,16000,4.14,train
data/voice_conversion/speechfake_00143.wav,VOICE_CONVERSION,SpeechFake,SPK_Spe_023,hi,SPOOF_VC,DiffSinger,Noisy,opus,16000,3.24,validation
data/voice_conversion/speechfake_00144.wav,VOICE_CONVERSION,SpeechFake,SPK_Spe_024,hi,SPOOF_VC,DiffSinger,Noisy,opus,16000,3.39,test
data/voice_conversion/speechfake_00145.wav,VOICE_CONVERSION,SpeechFake,SPK_Spe_025,hi,SPOOF_VC,DiffSinger,Noisy,opus,16000,3.31,train
data/voice_conversion/speechfake_00146.wav,VOICE_CONVERSION,SpeechFake,SPK_Spe_026,hi,SPOOF_VC,DiffSinger,Noisy,opus,16000,4.21,train
data/voice_conversion/speechfake_00147.wav,VOICE_CONVERSION,SpeechFake,SPK_Spe_027,hi,SPOOF_VC,DiffSinger,Noisy,opus,16000,4.79,validation
data/voice_conversion/speechfake_00148.wav,VOICE_CONVERSION,SpeechFake,SPK_Spe_028,hi,SPOOF_VC,DiffSinger,Noisy,opus,16000,4.28,train
data/voice_conversion/speechfake_00149.wav,VOICE_CONVERSION,SpeechFake,SPK_Spe_029,hi,SPOOF_VC,DiffSinger,Noisy,opus,16000,3.57,train
data/voice_conversion/speechfake_00150.wav,VOICE_CONVERSION,SpeechFake,SPK_Spe_030,hi,SPOOF_VC,DiffSinger,Noisy,opus,16000,3.71,validation
data/voice_conversion/speechfake_00151.wav,VOICE_CONVERSION,SpeechFake,SPK_Spe_031,hi,SPOOF_VC,DiffSinger,Noisy,opus,16000,4.73,train
data/voice_conversion/speechfake_00152.wav,VOICE_CONVERSION,SpeechFake,SPK_Spe_032,hi,SPOOF_VC,DiffSinger,Noisy,opus,16000,4.03,validation
data/voice_conversion/speechfake_00153.wav,VOICE_CONVERSION,SpeechFake,SPK_Spe_033,hi,SPOOF_VC,DiffSinger,Noisy,opus,16000,3.22,validation
data/voice_conversion/speechfake_00154.wav,VOICE_CONVERSION,SpeechFake,SPK_Spe_034,hi,SPOOF_VC,DiffSinger,Noisy,opus,16000,4.53,train
data/voice_conversion/speechfake_00155.wav,VOICE_CONVERSION,SpeechFake,SPK_Spe_035,hi,SPOOF_VC,DiffSinger,Noisy,opus,16000,3.6,train
data/voice_conversion/speechfake_00156.wav,VOICE_CONVERSION,SpeechFake,SPK_Spe_036,hi,SPOOF_VC,DiffSinger,Noisy,opus,16000,3.35,train
data/voice_conversion/speechfake_00157.wav,VOICE_CONVERSION,SpeechFake,SPK_Spe_037,hi,SPOOF_VC,DiffSinger,Noisy,opus,16000,4.28,train
data/voice_conversion/speechfake_00158.wav,VOICE_CONVERSION,SpeechFake,SPK_Spe_038,hi,SPOOF_VC,DiffSinger,Noisy,opus,16000,4.51,train
data/voice_conversion/speechfake_00159.wav,VOICE_CONVERSION,SpeechFake,SPK_Spe_039,hi,SPOOF_VC,DiffSinger,Noisy,opus,16000,3.32,train
data/voice_conversion/speechfake_00160.wav,VOICE_CONVERSION,SpeechFake,SPK_Spe_040,hi,SPOOF_VC,DiffSinger,Noisy,opus,16000,4.69,test
data/voice_conversion/speechfake_00161.wav,VOICE_CONVERSION,SpeechFake,SPK_Spe_041,hi,SPOOF_VC,DiffSinger,Noisy,opus,16000,3.96,train
data/voice_conversion/speechfake_00162.wav,VOICE_CONVERSION,SpeechFake,SPK_Spe_042,hi,SPOOF_VC,DiffSinger,Noisy,opus,16000,3.77,train
data/voice_conversion/speechfake_00163.wav,VOICE_CONVERSION,SpeechFake,SPK_Spe_043,hi,SPOOF_VC,DiffSinger,Noisy,opus,16000,4.63,train
data/voice_conversion/speechfake_00164.wav,VOICE_CONVERSION,SpeechFake,SPK_Spe_044,hi,SPOOF_VC,DiffSinger,Noisy,opus,16000,3.63,train
data/voice_conversion/speechfake_00165.wav,VOICE_CONVERSION,SpeechFake,SPK_Spe_045,hi,SPOOF_VC,DiffSinger,Noisy,opus,16000,4.72,train
data/voice_conversion/speechfake_00166.wav,VOICE_CONVERSION,SpeechFake,SPK_Spe_046,hi,SPOOF_VC,DiffSinger,Noisy,opus,16000,4.29,train
data/voice_conversion/speechfake_00167.wav,VOICE_CONVERSION,SpeechFake,SPK_Spe_047,hi,SPOOF_VC,DiffSinger,Noisy,opus,16000,4.66,test
data/voice_conversion/speechfake_00168.wav,VOICE_CONVERSION,SpeechFake,SPK_Spe_048,hi,SPOOF_VC,DiffSinger,Noisy,opus,16000,4.0,validation
data/voice_conversion/speechfake_00169.wav,VOICE_CONVERSION,SpeechFake,SPK_Spe_049,hi,SPOOF_VC,DiffSinger,Noisy,opus,16000,3.52,validation
data/voice_conversion/speechfake_00170.wav,VOICE_CONVERSION,SpeechFake,SPK_Spe_050,hi,SPOOF_VC,DiffSinger,Noisy,opus,16000,4.38,train
data/voice_conversion/speechfake_00171.wav,VOICE_CONVERSION,SpeechFake,SPK_Spe_051,hi,SPOOF_VC,DiffSinger,Noisy,opus,16000,4.6,train
data/voice_conversion/speechfake_00172.wav,VOICE_CONVERSION,SpeechFake,SPK_Spe_052,hi,SPOOF_VC,DiffSinger,Noisy,opus,16000,3.53,test
data/voice_conversion/speechfake_00173.wav,VOICE_CONVERSION,SpeechFake,SPK_Spe_053,hi,SPOOF_VC,DiffSinger,Noisy,opus,16000,3.52,train
data/voice_conversion/speechfake_00174.wav,VOICE_CONVERSION,SpeechFake,SPK_Spe_054,hi,SPOOF_VC,DiffSinger,Noisy,opus,16000,3.6,train
data/voice_conversion/speechfake_00175.wav,VOICE_CONVERSION,SpeechFake,SPK_Spe_055,hi,SPOOF_VC,DiffSinger,Noisy,opus,16000,4.19,validation
data/voice_conversion/speechfake_00176.wav,VOICE_CONVERSION,SpeechFake,SPK_Spe_056,hi,SPOOF_VC,DiffSinger,Noisy,opus,16000,3.45,train
data/voice_conversion/speechfake_00177.wav,VOICE_CONVERSION,SpeechFake,SPK_Spe_057,hi,SPOOF_VC,DiffSinger,Noisy,opus,16000,3.37,train
data/voice_conversion/speechfake_00178.wav,VOICE_CONVERSION,SpeechFake,SPK_Spe_058,hi,SPOOF_VC,DiffSinger,Noisy,opus,16000,4.67,test
data/voice_conversion/speechfake_00179.wav,VOICE_CONVERSION,SpeechFake,SPK_Spe_059,hi,SPOOF_VC,DiffSinger,Noisy,opus,16000,4.28,train
data/voice_conversion/speechfake_00180.wav,VOICE_CONVERSION,SpeechFake,SPK_Spe_060,hi,SPOOF_VC,DiffSinger,Noisy,opus,16000,4.26,train
data/voice_conversion/speechfake_00181.wav,VOICE_CONVERSION,SpeechFake,SPK_Spe_061,hi,SPOOF_VC,DiffSinger,Noisy,opus,16000,4.18,train
data/voice_conversion/speechfake_00182.wav,VOICE_CONVERSION,SpeechFake,SPK_Spe_062,hi,SPOOF_VC,DiffSinger,Noisy,opus,16000,4.42,train
data/voice_conversion/speechfake_00183.wav,VOICE_CONVERSION,SpeechFake,SPK_Spe_063,hi,SPOOF_VC,DiffSinger,Noisy,opus,16000,4.07,train
data/voice_conversion/speechfake_00184.wav,VOICE_CONVERSION,SpeechFake,SPK_Spe_064,hi,SPOOF_VC,DiffSinger,Noisy,opus,16000,3.27,test
data/voice_conversion/speechfake_00185.wav,VOICE_CONVERSION,SpeechFake,SPK_Spe_065,hi,SPOOF_VC,DiffSinger,Noisy,opus,16000,3.97,train
data/voice_conversion/speechfake_00186.wav,VOICE_CONVERSION,SpeechFake,SPK_Spe_066,hi,SPOOF_VC,DiffSinger,Noisy,opus,16000,4.19,test
data/voice_conversion/speechfake_00187.wav,VOICE_CONVERSION,SpeechFake,SPK_Spe_067,hi,SPOOF_VC,DiffSinger,Noisy,opus,16000,3.99,test
data/voice_conversion/speechfake_00188.wav,VOICE_CONVERSION,SpeechFake,SPK_Spe_068,hi,SPOOF_VC,DiffSinger,Noisy,opus,16000,4.78,train
data/voice_conversion/speechfake_00189.wav,VOICE_CONVERSION,SpeechFake,SPK_Spe_069,hi,SPOOF_VC,DiffSinger,Noisy,opus,16000,4.64,test
data/voice_conversion/speechfake_00190.wav,VOICE_CONVERSION,SpeechFake,SPK_Spe_070,hi,SPOOF_VC,DiffSinger,Noisy,opus,16000,4.59,train
data/voice_conversion/speechfake_00191.wav,VOICE_CONVERSION,SpeechFake,SPK_Spe_071,hi,SPOOF_VC,DiffSinger,Noisy,opus,16000,3.99,train
data/voice_conversion/speechfake_00192.wav,VOICE_CONVERSION,SpeechFake,SPK_Spe_072,hi,SPOOF_VC,DiffSinger,Noisy,opus,16000,4.78,train
data/voice_conversion/speechfake_00193.wav,VOICE_CONVERSION,SpeechFake,SPK_Spe_073,hi,SPOOF_VC,DiffSinger,Noisy,opus,16000,4.67,train
data/voice_conversion/speechfake_00194.wav,VOICE_CONVERSION,SpeechFake,SPK_Spe_074,hi,SPOOF_VC,DiffSinger,Noisy,opus,16000,3.65,test
data/voice_conversion/speechfake_00195.wav,VOICE_CONVERSION,SpeechFake,SPK_Spe_075,hi,SPOOF_VC,DiffSinger,Noisy,opus,16000,3.56,train
data/voice_conversion/speechfake_00196.wav,VOICE_CONVERSION,SpeechFake,SPK_Spe_076,hi,SPOOF_VC,DiffSinger,Noisy,opus,16000,4.12,train
data/voice_conversion/speechfake_00197.wav,VOICE_CONVERSION,SpeechFake,SPK_Spe_077,hi,SPOOF_VC,DiffSinger,Noisy,opus,16000,3.29,train
data/voice_conversion/speechfake_00198.wav,VOICE_CONVERSION,SpeechFake,SPK_Spe_078,hi,SPOOF_VC,DiffSinger,Noisy,opus,16000,4.48,train
data/voice_conversion/speechfake_00199.wav,VOICE_CONVERSION,SpeechFake,SPK_Spe_079,hi,SPOOF_VC,DiffSinger,Noisy,opus,16000,3.97,train
data/voice_conversion/speechfake_00200.wav,VOICE_CONVERSION,SpeechFake,SPK_Spe_080,hi,SPOOF_VC,DiffSinger,Noisy,opus,16000,4.07,train
data/voice_conversion/speechfake_00201.wav,VOICE_CONVERSION,SpeechFake,SPK_Spe_081,hi,SPOOF_VC,DiffSinger,Noisy,opus,16000,4.0,train
data/voice_conversion/speechfake_00202.wav,VOICE_CONVERSION,SpeechFake,SPK_Spe_082,hi,SPOOF_VC,DiffSinger,Noisy,opus,16000,3.83,test
data/voice_conversion/speechfake_00203.wav,VOICE_CONVERSION,SpeechFake,SPK_Spe_083,hi,SPOOF_VC,DiffSinger,Noisy,opus,16000,4.3,train
data/voice_conversion/speechfake_00204.wav,VOICE_CONVERSION,SpeechFake,SPK_Spe_084,hi,SPOOF_VC,DiffSinger,Noisy,opus,16000,3.48,train
data/voice_conversion/speechfake_00205.wav,VOICE_CONVERSION,SpeechFake,SPK_Spe_085,hi,SPOOF_VC,DiffSinger,Noisy,opus,16000,4.76,train
data/voice_conversion/speechfake_00206.wav,VOICE_CONVERSION,SpeechFake,SPK_Spe_086,hi,SPOOF_VC,DiffSinger,Noisy,opus,16000,4.32,test
data/voice_conversion/speechfake_00207.wav,VOICE_CONVERSION,SpeechFake,SPK_Spe_087,hi,SPOOF_VC,DiffSinger,Noisy,opus,16000,3.94,train
data/voice_conversion/speechfake_00208.wav,VOICE_CONVERSION,SpeechFake,SPK_Spe_088,hi,SPOOF_VC,DiffSinger,Noisy,opus,16000,4.3,train
data/voice_conversion/speechfake_00209.wav,VOICE_CONVERSION,SpeechFake,SPK_Spe_089,hi,SPOOF_VC,DiffSinger,Noisy,opus,16000,3.22,train
data/voice_conversion/speechfake_00210.wav,VOICE_CONVERSION,SpeechFake,SPK_Spe_090,hi,SPOOF_VC,DiffSinger,Noisy,opus,16000,3.54,train
data/voice_conversion/speechfake_00211.wav,VOICE_CONVERSION,SpeechFake,SPK_Spe_091,hi,SPOOF_VC,DiffSinger,Noisy,opus,16000,4.13,test
data/voice_conversion/speechfake_00212.wav,VOICE_CONVERSION,SpeechFake,SPK_Spe_092,hi,SPOOF_VC,DiffSinger,Noisy,opus,16000,3.72,validation
data/voice_conversion/speechfake_00213.wav,VOICE_CONVERSION,SpeechFake,SPK_Spe_093,hi,SPOOF_VC,DiffSinger,Noisy,opus,16000,4.18,test
data/voice_conversion/speechfake_00214.wav,VOICE_CONVERSION,SpeechFake,SPK_Spe_094,hi,SPOOF_VC,DiffSinger,Noisy,opus,16000,3.62,train
data/voice_conversion/speechfake_00215.wav,VOICE_CONVERSION,SpeechFake,SPK_Spe_095,hi,SPOOF_VC,DiffSinger,Noisy,opus,16000,4.08,train
data/voice_conversion/speechfake_00216.wav,VOICE_CONVERSION,SpeechFake,SPK_Spe_096,hi,SPOOF_VC,DiffSinger,Noisy,opus,16000,3.58,train
data/voice_conversion/speechfake_00217.wav,VOICE_CONVERSION,SpeechFake,SPK_Spe_097,hi,SPOOF_VC,DiffSinger,Noisy,opus,16000,3.95,train
data/voice_conversion/speechfake_00218.wav,VOICE_CONVERSION,SpeechFake,SPK_Spe_098,hi,SPOOF_VC,DiffSinger,Noisy,opus,16000,4.18,train
data/voice_conversion/speechfake_00219.wav,VOICE_CONVERSION,SpeechFake,SPK_Spe_099,hi,SPOOF_VC,DiffSinger,Noisy,opus,16000,3.79,validation
data/voice_conversion/speechfake_00220.wav,VOICE_CONVERSION,SpeechFake,SPK_Spe_100,hi,SPOOF_VC,DiffSinger,Noisy,opus,16000,4.0,train
data/voice_conversion/speechfake_00221.wav,VOICE_CONVERSION,SpeechFake,SPK_Spe_101,hi,SPOOF_VC,DiffSinger,Noisy,opus,16000,3.54,validation
data/voice_conversion/speechfake_00222.wav,VOICE_CONVERSION,SpeechFake,SPK_Spe_102,hi,SPOOF_VC,DiffSinger,Noisy,opus,16000,4.32,train
data/voice_conversion/speechfake_00223.wav,VOICE_CONVERSION,SpeechFake,SPK_Spe_103,hi,SPOOF_VC,DiffSinger,Noisy,opus,16000,3.8,train
data/voice_conversion/speechfake_00224.wav,VOICE_CONVERSION,SpeechFake,SPK_Spe_104,hi,SPOOF_VC,DiffSinger,Noisy,opus,16000,4.57,train
data/voice_conversion/speechfake_00225.wav,VOICE_CONVERSION,SpeechFake,SPK_Spe_105,hi,SPOOF_VC,DiffSinger,Noisy,opus,16000,3.65,train
data/voice_conversion/speechfake_00226.wav,VOICE_CONVERSION,SpeechFake,SPK_Spe_106,hi,SPOOF_VC,DiffSinger,Noisy,opus,16000,3.49,test
data/voice_conversion/speechfake_00227.wav,VOICE_CONVERSION,SpeechFake,SPK_Spe_107,hi,SPOOF_VC,DiffSinger,Noisy,opus,16000,3.41,train
data/voice_conversion/speechfake_00228.wav,VOICE_CONVERSION,SpeechFake,SPK_Spe_108,hi,SPOOF_VC,DiffSinger,Noisy,opus,16000,4.12,train
data/voice_conversion/speechfake_00229.wav,VOICE_CONVERSION,SpeechFake,SPK_Spe_109,hi,SPOOF_VC,DiffSinger,Noisy,opus,16000,3.57,validation
data/voice_conversion/speechfake_00230.wav,VOICE_CONVERSION,SpeechFake,SPK_Spe_110,hi,SPOOF_VC,DiffSinger,Noisy,opus,16000,3.36,train
data/voice_conversion/speechfake_00231.wav,VOICE_CONVERSION,SpeechFake,SPK_Spe_111,hi,SPOOF_VC,DiffSinger,Noisy,opus,16000,3.63,train
data/voice_conversion/speechfake_00232.wav,VOICE_CONVERSION,SpeechFake,SPK_Spe_112,hi,SPOOF_VC,DiffSinger,Noisy,opus,16000,3.58,test
data/voice_conversion/speechfake_00233.wav,VOICE_CONVERSION,SpeechFake,SPK_Spe_113,hi,SPOOF_VC,DiffSinger,Noisy,opus,16000,3.89,train
data/voice_conversion/speechfake_00234.wav,VOICE_CONVERSION,SpeechFake,SPK_Spe_114,hi,SPOOF_VC,DiffSinger,Noisy,opus,16000,3.81,train
data/voice_conversion/speechfake_00235.wav,VOICE_CONVERSION,SpeechFake,SPK_Spe_115,hi,SPOOF_VC,DiffSinger,Noisy,opus,16000,3.43,test
data/voice_conversion/speechfake_00236.wav,VOICE_CONVERSION,SpeechFake,SPK_Spe_116,hi,SPOOF_VC,DiffSinger,Noisy,opus,16000,4.73,train
data/voice_conversion/speechfake_00237.wav,VOICE_CONVERSION,SpeechFake,SPK_Spe_117,hi,SPOOF_VC,DiffSinger,Noisy,opus,16000,3.44,test
data/voice_conversion/speechfake_00238.wav,VOICE_CONVERSION,SpeechFake,SPK_Spe_118,hi,SPOOF_VC,DiffSinger,Noisy,opus,16000,4.49,train
data/voice_conversion/speechfake_00239.wav,VOICE_CONVERSION,SpeechFake,SPK_Spe_119,hi,SPOOF_VC,DiffSinger,Noisy,opus,16000,3.48,train
data/voice_conversion/speechfake_00240.wav,VOICE_CONVERSION,SpeechFake,SPK_Spe_000,hi,SPOOF_VC,DiffSinger,Noisy,opus,16000,4.0,train
data/voice_conversion/speechfake_00241.wav,VOICE_CONVERSION,SpeechFake,SPK_Spe_001,hi,SPOOF_VC,DiffSinger,Noisy,opus,16000,4.79,train
data/voice_conversion/speechfake_00242.wav,VOICE_CONVERSION,SpeechFake,SPK_Spe_002,hi,SPOOF_VC,DiffSinger,Noisy,opus,16000,4.56,train
data/voice_conversion/speechfake_00243.wav,VOICE_CONVERSION,SpeechFake,SPK_Spe_003,hi,SPOOF_VC,DiffSinger,Noisy,opus,16000,4.03,train
data/voice_conversion/speechfake_00244.wav,VOICE_CONVERSION,SpeechFake,SPK_Spe_004,hi,SPOOF_VC,DiffSinger,Noisy,opus,16000,4.35,train
data/voice_conversion/speechfake_00245.wav,VOICE_CONVERSION,SpeechFake,SPK_Spe_005,hi,SPOOF_VC,DiffSinger,Noisy,opus,16000,4.46,validation
data/voice_conversion/speechfake_00246.wav,VOICE_CONVERSION,SpeechFake,SPK_Spe_006,hi,SPOOF_VC,DiffSinger,Noisy,opus,16000,3.68,validation
data/voice_conversion/speechfake_00247.wav,VOICE_CONVERSION,SpeechFake,SPK_Spe_007,hi,SPOOF_VC,DiffSinger,Noisy,opus,16000,4.1,validation
data/voice_conversion/speechfake_00248.wav,VOICE_CONVERSION,SpeechFake,SPK_Spe_008,hi,SPOOF_VC,DiffSinger,Noisy,opus,16000,4.11,train
data/voice_conversion/speechfake_00249.wav,VOICE_CONVERSION,SpeechFake,SPK_Spe_009,hi,SPOOF_VC,DiffSinger,Noisy,opus,16000,3.84,train
data/voice_conversion/speechfake_00250.wav,VOICE_CONVERSION,SpeechFake,SPK_Spe_010,hi,SPOOF_VC,DiffSinger,Noisy,opus,16000,4.3,train
data/voice_conversion/speechfake_00251.wav,VOICE_CONVERSION,SpeechFake,SPK_Spe_011,hi,SPOOF_VC,DiffSinger,Noisy,opus,16000,3.3,train
data/voice_conversion/speechfake_00252.wav,VOICE_CONVERSION,SpeechFake,SPK_Spe_012,hi,SPOOF_VC,DiffSinger,Noisy,opus,16000,4.5,validation
data/voice_conversion/speechfake_00253.wav,VOICE_CONVERSION,SpeechFake,SPK_Spe_013,hi,SPOOF_VC,DiffSinger,Noisy,opus,16000,3.96,train
data/voice_conversion/speechfake_00254.wav,VOICE_CONVERSION,SpeechFake,SPK_Spe_014,hi,SPOOF_VC,DiffSinger,Noisy,opus,16000,4.21,train
data/voice_conversion/speechfake_00255.wav,VOICE_CONVERSION,SpeechFake,SPK_Spe_015,hi,SPOOF_VC,DiffSinger,Noisy,opus,16000,3.92,train
data/voice_conversion/speechfake_00256.wav,VOICE_CONVERSION,SpeechFake,SPK_Spe_016,hi,SPOOF_VC,DiffSinger,Noisy,opus,16000,3.74,train
data/voice_conversion/speechfake_00257.wav,VOICE_CONVERSION,SpeechFake,SPK_Spe_017,hi,SPOOF_VC,DiffSinger,Noisy,opus,16000,3.78,train
data/voice_conversion/speechfake_00258.wav,VOICE_CONVERSION,SpeechFake,SPK_Spe_018,hi,SPOOF_VC,DiffSinger,Noisy,opus,16000,4.1,validation
data/voice_conversion/speechfake_00259.wav,VOICE_CONVERSION,SpeechFake,SPK_Spe_019,hi,SPOOF_VC,DiffSinger,Noisy,opus,16000,4.69,test
data/voice_conversion/speechfake_00260.wav,VOICE_CONVERSION,SpeechFake,SPK_Spe_020,hi,SPOOF_VC,DiffSinger,Noisy,opus,16000,3.61,train
data/voice_conversion/speechfake_00261.wav,VOICE_CONVERSION,SpeechFake,SPK_Spe_021,hi,SPOOF_VC,DiffSinger,Noisy,opus,16000,3.23,test
data/voice_conversion/speechfake_00262.wav,VOICE_CONVERSION,SpeechFake,SPK_Spe_022,hi,SPOOF_VC,DiffSinger,Noisy,opus,16000,3.39,train
data/voice_conversion/speechfake_00263.wav,VOICE_CONVERSION,SpeechFake,SPK_Spe_023,hi,SPOOF_VC,DiffSinger,Noisy,opus,16000,4.59,validation
data/voice_conversion/speechfake_00264.wav,VOICE_CONVERSION,SpeechFake,SPK_Spe_024,hi,SPOOF_VC,DiffSinger,Noisy,opus,16000,4.74,test
data/voice_conversion/speechfake_00265.wav,VOICE_CONVERSION,SpeechFake,SPK_Spe_025,hi,SPOOF_VC,DiffSinger,Noisy,opus,16000,3.52,train
data/voice_conversion/speechfake_00266.wav,VOICE_CONVERSION,SpeechFake,SPK_Spe_026,hi,SPOOF_VC,DiffSinger,Noisy,opus,16000,4.12,train
data/voice_conversion/speechfake_00267.wav,VOICE_CONVERSION,SpeechFake,SPK_Spe_027,hi,SPOOF_VC,DiffSinger,Noisy,opus,16000,4.24,validation
data/voice_conversion/speechfake_00268.wav,VOICE_CONVERSION,SpeechFake,SPK_Spe_028,hi,SPOOF_VC,DiffSinger,Noisy,opus,16000,3.48,train
data/voice_conversion/speechfake_00269.wav,VOICE_CONVERSION,SpeechFake,SPK_Spe_029,hi,SPOOF_VC,DiffSinger,Noisy,opus,16000,4.45,train
data/voice_conversion/speechfake_00270.wav,VOICE_CONVERSION,SpeechFake,SPK_Spe_030,hi,SPOOF_VC,DiffSinger,Noisy,opus,16000,3.77,validation
data/voice_conversion/speechfake_00271.wav,VOICE_CONVERSION,SpeechFake,SPK_Spe_031,hi,SPOOF_VC,DiffSinger,Noisy,opus,16000,4.28,train
data/voice_conversion/speechfake_00272.wav,VOICE_CONVERSION,SpeechFake,SPK_Spe_032,hi,SPOOF_VC,DiffSinger,Noisy,opus,16000,3.98,validation
data/voice_conversion/speechfake_00273.wav,VOICE_CONVERSION,SpeechFake,SPK_Spe_033,hi,SPOOF_VC,DiffSinger,Noisy,opus,16000,4.38,validation
data/voice_conversion/speechfake_00274.wav,VOICE_CONVERSION,SpeechFake,SPK_Spe_034,hi,SPOOF_VC,DiffSinger,Noisy,opus,16000,4.62,train
data/voice_conversion/speechfake_00275.wav,VOICE_CONVERSION,SpeechFake,SPK_Spe_035,hi,SPOOF_VC,DiffSinger,Noisy,opus,16000,3.81,train
data/voice_conversion/speechfake_00276.wav,VOICE_CONVERSION,SpeechFake,SPK_Spe_036,hi,SPOOF_VC,DiffSinger,Noisy,opus,16000,3.66,train
data/voice_conversion/speechfake_00277.wav,VOICE_CONVERSION,SpeechFake,SPK_Spe_037,hi,SPOOF_VC,DiffSinger,Noisy,opus,16000,4.21,train
data/voice_conversion/speechfake_00278.wav,VOICE_CONVERSION,SpeechFake,SPK_Spe_038,hi,SPOOF_VC,DiffSinger,Noisy,opus,16000,3.43,train
data/voice_conversion/speechfake_00279.wav,VOICE_CONVERSION,SpeechFake,SPK_Spe_039,hi,SPOOF_VC,DiffSinger,Noisy,opus,16000,3.47,train
data/voice_conversion/speechfake_00280.wav,VOICE_CONVERSION,SpeechFake,SPK_Spe_040,hi,SPOOF_VC,DiffSinger,Noisy,opus,16000,4.49,test
data/voice_conversion/speechfake_00281.wav,VOICE_CONVERSION,SpeechFake,SPK_Spe_041,hi,SPOOF_VC,DiffSinger,Noisy,opus,16000,3.74,train
data/voice_conversion/speechfake_00282.wav,VOICE_CONVERSION,SpeechFake,SPK_Spe_042,hi,SPOOF_VC,DiffSinger,Noisy,opus,16000,4.21,train
data/voice_conversion/speechfake_00283.wav,VOICE_CONVERSION,SpeechFake,SPK_Spe_043,hi,SPOOF_VC,DiffSinger,Noisy,opus,16000,4.11,train
data/voice_conversion/speechfake_00284.wav,VOICE_CONVERSION,SpeechFake,SPK_Spe_044,hi,SPOOF_VC,DiffSinger,Noisy,opus,16000,4.56,train
data/voice_conversion/speechfake_00285.wav,VOICE_CONVERSION,SpeechFake,SPK_Spe_045,hi,SPOOF_VC,DiffSinger,Noisy,opus,16000,3.31,train
data/voice_conversion/speechfake_00286.wav,VOICE_CONVERSION,SpeechFake,SPK_Spe_046,hi,SPOOF_VC,DiffSinger,Noisy,opus,16000,3.46,train
data/voice_conversion/speechfake_00287.wav,VOICE_CONVERSION,SpeechFake,SPK_Spe_047,hi,SPOOF_VC,DiffSinger,Noisy,opus,16000,3.57,test
data/voice_conversion/speechfake_00288.wav,VOICE_CONVERSION,SpeechFake,SPK_Spe_048,hi,SPOOF_VC,DiffSinger,Noisy,opus,16000,3.71,validation
data/voice_conversion/speechfake_00289.wav,VOICE_CONVERSION,SpeechFake,SPK_Spe_049,hi,SPOOF_VC,DiffSinger,Noisy,opus,16000,3.67,validation
data/voice_conversion/speechfake_00290.wav,VOICE_CONVERSION,SpeechFake,SPK_Spe_050,hi,SPOOF_VC,DiffSinger,Noisy,opus,16000,3.63,train
data/voice_conversion/speechfake_00291.wav,VOICE_CONVERSION,SpeechFake,SPK_Spe_051,hi,SPOOF_VC,DiffSinger,Noisy,opus,16000,4.23,train
data/voice_conversion/speechfake_00292.wav,VOICE_CONVERSION,SpeechFake,SPK_Spe_052,hi,SPOOF_VC,DiffSinger,Noisy,opus,16000,3.63,test
data/voice_conversion/speechfake_00293.wav,VOICE_CONVERSION,SpeechFake,SPK_Spe_053,hi,SPOOF_VC,DiffSinger,Noisy,opus,16000,3.91,train
data/voice_conversion/speechfake_00294.wav,VOICE_CONVERSION,SpeechFake,SPK_Spe_054,hi,SPOOF_VC,DiffSinger,Noisy,opus,16000,4.58,train
data/voice_conversion/speechfake_00295.wav,VOICE_CONVERSION,SpeechFake,SPK_Spe_055,hi,SPOOF_VC,DiffSinger,Noisy,opus,16000,3.78,validation
data/voice_conversion/speechfake_00296.wav,VOICE_CONVERSION,SpeechFake,SPK_Spe_056,hi,SPOOF_VC,DiffSinger,Noisy,opus,16000,4.14,train
data/voice_conversion/speechfake_00297.wav,VOICE_CONVERSION,SpeechFake,SPK_Spe_057,hi,SPOOF_VC,DiffSinger,Noisy,opus,16000,4.74,train
data/voice_conversion/speechfake_00298.wav,VOICE_CONVERSION,SpeechFake,SPK_Spe_058,hi,SPOOF_VC,DiffSinger,Noisy,opus,16000,3.86,test
data/voice_conversion/speechfake_00299.wav,VOICE_CONVERSION,SpeechFake,SPK_Spe_059,hi,SPOOF_VC,DiffSinger,Noisy,opus,16000,3.49,train
data/voice_conversion/speechfake_00300.wav,VOICE_CONVERSION,SpeechFake,SPK_Spe_060,hi,SPOOF_VC,DiffSinger,Noisy,opus,16000,3.24,train
data/voice_conversion/speechfake_00301.wav,VOICE_CONVERSION,SpeechFake,SPK_Spe_061,hi,SPOOF_VC,DiffSinger,Noisy,opus,16000,4.36,train
data/voice_conversion/speechfake_00302.wav,VOICE_CONVERSION,SpeechFake,SPK_Spe_062,hi,SPOOF_VC,DiffSinger,Noisy,opus,16000,4.26,train
data/voice_conversion/speechfake_00303.wav,VOICE_CONVERSION,SpeechFake,SPK_Spe_063,hi,SPOOF_VC,DiffSinger,Noisy,opus,16000,4.7,train
data/voice_conversion/speechfake_00304.wav,VOICE_CONVERSION,SpeechFake,SPK_Spe_064,hi,SPOOF_VC,DiffSinger,Noisy,opus,16000,4.32,test
data/voice_conversion/speechfake_00305.wav,VOICE_CONVERSION,SpeechFake,SPK_Spe_065,hi,SPOOF_VC,DiffSinger,Noisy,opus,16000,3.33,train
data/voice_conversion/speechfake_00306.wav,VOICE_CONVERSION,SpeechFake,SPK_Spe_066,hi,SPOOF_VC,DiffSinger,Noisy,opus,16000,3.47,test
data/voice_conversion/speechfake_00307.wav,VOICE_CONVERSION,SpeechFake,SPK_Spe_067,hi,SPOOF_VC,DiffSinger,Noisy,opus,16000,3.36,test
data/voice_conversion/speechfake_00308.wav,VOICE_CONVERSION,SpeechFake,SPK_Spe_068,hi,SPOOF_VC,DiffSinger,Noisy,opus,16000,3.3,train
data/voice_conversion/speechfake_00309.wav,VOICE_CONVERSION,SpeechFake,SPK_Spe_069,hi,SPOOF_VC,DiffSinger,Noisy,opus,16000,4.61,test
data/voice_conversion/speechfake_00310.wav,VOICE_CONVERSION,SpeechFake,SPK_Spe_070,hi,SPOOF_VC,DiffSinger,Noisy,opus,16000,4.08,train
data/voice_conversion/speechfake_00311.wav,VOICE_CONVERSION,SpeechFake,SPK_Spe_071,hi,SPOOF_VC,DiffSinger,Noisy,opus,16000,3.24,train
data/voice_conversion/speechfake_00312.wav,VOICE_CONVERSION,SpeechFake,SPK_Spe_072,hi,SPOOF_VC,DiffSinger,Noisy,opus,16000,3.84,train
data/voice_conversion/speechfake_00313.wav,VOICE_CONVERSION,SpeechFake,SPK_Spe_073,hi,SPOOF_VC,DiffSinger,Noisy,opus,16000,4.42,train
data/voice_conversion/speechfake_00314.wav,VOICE_CONVERSION,SpeechFake,SPK_Spe_074,hi,SPOOF_VC,DiffSinger,Noisy,opus,16000,3.33,test
data/voice_conversion/speechfake_00315.wav,VOICE_CONVERSION,SpeechFake,SPK_Spe_075,hi,SPOOF_VC,DiffSinger,Noisy,opus,16000,3.62,train
data/voice_conversion/speechfake_00316.wav,VOICE_CONVERSION,SpeechFake,SPK_Spe_076,hi,SPOOF_VC,DiffSinger,Noisy,opus,16000,3.45,train
data/voice_conversion/speechfake_00317.wav,VOICE_CONVERSION,SpeechFake,SPK_Spe_077,hi,SPOOF_VC,DiffSinger,Noisy,opus,16000,4.25,train
data/voice_conversion/speechfake_00318.wav,VOICE_CONVERSION,SpeechFake,SPK_Spe_078,hi,SPOOF_VC,DiffSinger,Noisy,opus,16000,4.62,train
data/voice_conversion/speechfake_00319.wav,VOICE_CONVERSION,SpeechFake,SPK_Spe_079,hi,SPOOF_VC,DiffSinger,Noisy,opus,16000,3.69,train
data/voice_conversion/speechfake_00320.wav,VOICE_CONVERSION,SpeechFake,SPK_Spe_080,hi,SPOOF_VC,DiffSinger,Noisy,opus,16000,3.6,train
data/voice_conversion/speechfake_00321.wav,VOICE_CONVERSION,SpeechFake,SPK_Spe_081,hi,SPOOF_VC,DiffSinger,Noisy,opus,16000,3.65,train
data/voice_conversion/speechfake_00322.wav,VOICE_CONVERSION,SpeechFake,SPK_Spe_082,hi,SPOOF_VC,DiffSinger,Noisy,opus,16000,4.2,test
data/voice_conversion/speechfake_00323.wav,VOICE_CONVERSION,SpeechFake,SPK_Spe_083,hi,SPOOF_VC,DiffSinger,Noisy,opus,16000,3.41,train
data/voice_conversion/speechfake_00324.wav,VOICE_CONVERSION,SpeechFake,SPK_Spe_084,hi,SPOOF_VC,DiffSinger,Noisy,opus,16000,4.54,train
data/voice_conversion/speechfake_00325.wav,VOICE_CONVERSION,SpeechFake,SPK_Spe_085,hi,SPOOF_VC,DiffSinger,Noisy,opus,16000,3.25,train
data/voice_conversion/speechfake_00326.wav,VOICE_CONVERSION,SpeechFake,SPK_Spe_086,hi,SPOOF_VC,DiffSinger,Noisy,opus,16000,4.26,test
data/voice_conversion/speechfake_00327.wav,VOICE_CONVERSION,SpeechFake,SPK_Spe_087,hi,SPOOF_VC,DiffSinger,Noisy,opus,16000,4.58,train
data/voice_conversion/speechfake_00328.wav,VOICE_CONVERSION,SpeechFake,SPK_Spe_088,hi,SPOOF_VC,DiffSinger,Noisy,opus,16000,3.72,train
data/voice_conversion/speechfake_00329.wav,VOICE_CONVERSION,SpeechFake,SPK_Spe_089,hi,SPOOF_VC,DiffSinger,Noisy,opus,16000,3.96,train
data/voice_conversion/speechfake_00330.wav,VOICE_CONVERSION,SpeechFake,SPK_Spe_090,hi,SPOOF_VC,DiffSinger,Noisy,opus,16000,4.76,train
data/voice_conversion/speechfake_00331.wav,VOICE_CONVERSION,SpeechFake,SPK_Spe_091,hi,SPOOF_VC,DiffSinger,Noisy,opus,16000,4.06,test
data/voice_conversion/speechfake_00332.wav,VOICE_CONVERSION,SpeechFake,SPK_Spe_092,hi,SPOOF_VC,DiffSinger,Noisy,opus,16000,3.64,validation
data/voice_conversion/speechfake_00333.wav,VOICE_CONVERSION,SpeechFake,SPK_Spe_093,hi,SPOOF_VC,DiffSinger,Noisy,opus,16000,3.91,test
data/voice_conversion/speechfake_00334.wav,VOICE_CONVERSION,SpeechFake,SPK_Spe_094,hi,SPOOF_VC,DiffSinger,Noisy,opus,16000,4.75,train
data/voice_conversion/speechfake_00335.wav,VOICE_CONVERSION,SpeechFake,SPK_Spe_095,hi,SPOOF_VC,DiffSinger,Noisy,opus,16000,4.32,train
data/voice_conversion/speechfake_00336.wav,VOICE_CONVERSION,SpeechFake,SPK_Spe_096,hi,SPOOF_VC,DiffSinger,Noisy,opus,16000,3.48,train
data/voice_conversion/speechfake_00337.wav,VOICE_CONVERSION,SpeechFake,SPK_Spe_097,hi,SPOOF_VC,DiffSinger,Noisy,opus,16000,4.16,train
data/voice_conversion/speechfake_00338.wav,VOICE_CONVERSION,SpeechFake,SPK_Spe_098,hi,SPOOF_VC,DiffSinger,Noisy,opus,16000,4.21,train
data/voice_conversion/speechfake_00339.wav,VOICE_CONVERSION,SpeechFake,SPK_Spe_099,hi,SPOOF_VC,DiffSinger,Noisy,opus,16000,4.22,validation
data/voice_conversion/speechfake_00340.wav,VOICE_CONVERSION,SpeechFake,SPK_Spe_100,hi,SPOOF_VC,DiffSinger,Noisy,opus,16000,4.1,train
data/voice_conversion/speechfake_00341.wav,VOICE_CONVERSION,SpeechFake,SPK_Spe_101,hi,SPOOF_VC,DiffSinger,Noisy,opus,16000,4.04,validation
data/voice_conversion/speechfake_00342.wav,VOICE_CONVERSION,SpeechFake,SPK_Spe_102,hi,SPOOF_VC,DiffSinger,Noisy,opus,16000,4.22,train
data/voice_conversion/speechfake_00343.wav,VOICE_CONVERSION,SpeechFake,SPK_Spe_103,hi,SPOOF_VC,DiffSinger,Noisy,opus,16000,3.7,train
data/voice_conversion/speechfake_00344.wav,VOICE_CONVERSION,SpeechFake,SPK_Spe_104,hi,SPOOF_VC,DiffSinger,Noisy,opus,16000,3.76,train
data/voice_conversion/speechfake_00345.wav,VOICE_CONVERSION,SpeechFake,SPK_Spe_105,hi,SPOOF_VC,DiffSinger,Noisy,opus,16000,4.06,train
data/voice_conversion/speechfake_00346.wav,VOICE_CONVERSION,SpeechFake,SPK_Spe_106,hi,SPOOF_VC,DiffSinger,Noisy,opus,16000,4.49,test
data/voice_conversion/speechfake_00347.wav,VOICE_CONVERSION,SpeechFake,SPK_Spe_107,hi,SPOOF_VC,DiffSinger,Noisy,opus,16000,3.91,train
data/voice_conversion/speechfake_00348.wav,VOICE_CONVERSION,SpeechFake,SPK_Spe_108,hi,SPOOF_VC,DiffSinger,Noisy,opus,16000,3.79,train
data/voice_conversion/speechfake_00349.wav,VOICE_CONVERSION,SpeechFake,SPK_Spe_109,hi,SPOOF_VC,DiffSinger,Noisy,opus,16000,3.62,validation
data/voice_conversion/speechfake_00350.wav,VOICE_CONVERSION,SpeechFake,SPK_Spe_110,hi,SPOOF_VC,DiffSinger,Noisy,opus,16000,3.69,train
data/voice_conversion/speechfake_00351.wav,VOICE_CONVERSION,SpeechFake,SPK_Spe_111,hi,SPOOF_VC,DiffSinger,Noisy,opus,16000,3.2,train
data/voice_conversion/speechfake_00352.wav,VOICE_CONVERSION,SpeechFake,SPK_Spe_112,hi,SPOOF_VC,DiffSinger,Noisy,opus,16000,4.5,test
data/voice_conversion/speechfake_00353.wav,VOICE_CONVERSION,SpeechFake,SPK_Spe_113,hi,SPOOF_VC,DiffSinger,Noisy,opus,16000,4.56,train
data/voice_conversion/speechfake_00354.wav,VOICE_CONVERSION,SpeechFake,SPK_Spe_114,hi,SPOOF_VC,DiffSinger,Noisy,opus,16000,3.75,train
data/voice_conversion/speechfake_00355.wav,VOICE_CONVERSION,SpeechFake,SPK_Spe_115,hi,SPOOF_VC,DiffSinger,Noisy,opus,16000,3.95,test
data/voice_conversion/speechfake_00356.wav,VOICE_CONVERSION,SpeechFake,SPK_Spe_116,hi,SPOOF_VC,DiffSinger,Noisy,opus,16000,3.21,train
data/voice_conversion/speechfake_00357.wav,VOICE_CONVERSION,SpeechFake,SPK_Spe_117,hi,SPOOF_VC,DiffSinger,Noisy,opus,16000,4.68,test
data/voice_conversion/speechfake_00358.wav,VOICE_CONVERSION,SpeechFake,SPK_Spe_118,hi,SPOOF_VC,DiffSinger,Noisy,opus,16000,4.72,train
data/voice_conversion/speechfake_00359.wav,VOICE_CONVERSION,SpeechFake,SPK_Spe_119,hi,SPOOF_VC,DiffSinger,Noisy,opus,16000,3.96,train
data/voice_conversion/speechfake_00360.wav,VOICE_CONVERSION,SpeechFake,SPK_Spe_000,hi,SPOOF_VC,DiffSinger,Noisy,opus,16000,3.21,train
data/voice_conversion/speechfake_00361.wav,VOICE_CONVERSION,SpeechFake,SPK_Spe_001,hi,SPOOF_VC,DiffSinger,Noisy,opus,16000,3.89,train
data/voice_conversion/speechfake_00362.wav,VOICE_CONVERSION,SpeechFake,SPK_Spe_002,hi,SPOOF_VC,DiffSinger,Noisy,opus,16000,3.67,train
data/voice_conversion/speechfake_00363.wav,VOICE_CONVERSION,SpeechFake,SPK_Spe_003,hi,SPOOF_VC,DiffSinger,Noisy,opus,16000,3.57,train
data/voice_conversion/speechfake_00364.wav,VOICE_CONVERSION,SpeechFake,SPK_Spe_004,hi,SPOOF_VC,DiffSinger,Noisy,opus,16000,3.21,train
data/voice_conversion/speechfake_00365.wav,VOICE_CONVERSION,SpeechFake,SPK_Spe_005,hi,SPOOF_VC,DiffSinger,Noisy,opus,16000,3.8,validation
data/voice_conversion/speechfake_00366.wav,VOICE_CONVERSION,SpeechFake,SPK_Spe_006,hi,SPOOF_VC,DiffSinger,Noisy,opus,16000,3.86,validation
data/voice_conversion/speechfake_00367.wav,VOICE_CONVERSION,SpeechFake,SPK_Spe_007,hi,SPOOF_VC,DiffSinger,Noisy,opus,16000,4.1,validation
data/voice_conversion/speechfake_00368.wav,VOICE_CONVERSION,SpeechFake,SPK_Spe_008,hi,SPOOF_VC,DiffSinger,Noisy,opus,16000,3.83,train
data/voice_conversion/speechfake_00369.wav,VOICE_CONVERSION,SpeechFake,SPK_Spe_009,hi,SPOOF_VC,DiffSinger,Noisy,opus,16000,3.46,train
data/voice_conversion/speechfake_00370.wav,VOICE_CONVERSION,SpeechFake,SPK_Spe_010,hi,SPOOF_VC,DiffSinger,Noisy,opus,16000,4.38,train
data/voice_conversion/speechfake_00371.wav,VOICE_CONVERSION,SpeechFake,SPK_Spe_011,hi,SPOOF_VC,DiffSinger,Noisy,opus,16000,3.82,train
data/voice_conversion/speechfake_00372.wav,VOICE_CONVERSION,SpeechFake,SPK_Spe_012,hi,SPOOF_VC,DiffSinger,Noisy,opus,16000,3.81,validation
data/voice_conversion/speechfake_00373.wav,VOICE_CONVERSION,SpeechFake,SPK_Spe_013,hi,SPOOF_VC,DiffSinger,Noisy,opus,16000,3.62,train
data/voice_conversion/speechfake_00374.wav,VOICE_CONVERSION,SpeechFake,SPK_Spe_014,hi,SPOOF_VC,DiffSinger,Noisy,opus,16000,3.88,train
data/voice_conversion/speechfake_00375.wav,VOICE_CONVERSION,SpeechFake,SPK_Spe_015,hi,SPOOF_VC,DiffSinger,Noisy,opus,16000,3.58,train
data/voice_conversion/speechfake_00376.wav,VOICE_CONVERSION,SpeechFake,SPK_Spe_016,hi,SPOOF_VC,DiffSinger,Noisy,opus,16000,4.42,train
data/voice_conversion/speechfake_00377.wav,VOICE_CONVERSION,SpeechFake,SPK_Spe_017,hi,SPOOF_VC,DiffSinger,Noisy,opus,16000,4.66,train
data/voice_conversion/speechfake_00378.wav,VOICE_CONVERSION,SpeechFake,SPK_Spe_018,hi,SPOOF_VC,DiffSinger,Noisy,opus,16000,4.49,validation
data/voice_conversion/speechfake_00379.wav,VOICE_CONVERSION,SpeechFake,SPK_Spe_019,hi,SPOOF_VC,DiffSinger,Noisy,opus,16000,4.3,test
data/voice_conversion/speechfake_00380.wav,VOICE_CONVERSION,SpeechFake,SPK_Spe_020,hi,SPOOF_VC,DiffSinger,Noisy,opus,16000,3.66,train
data/voice_conversion/speechfake_00381.wav,VOICE_CONVERSION,SpeechFake,SPK_Spe_021,hi,SPOOF_VC,DiffSinger,Noisy,opus,16000,4.39,test
data/voice_conversion/speechfake_00382.wav,VOICE_CONVERSION,SpeechFake,SPK_Spe_022,hi,SPOOF_VC,DiffSinger,Noisy,opus,16000,4.49,train
data/voice_conversion/speechfake_00383.wav,VOICE_CONVERSION,SpeechFake,SPK_Spe_023,hi,SPOOF_VC,DiffSinger,Noisy,opus,16000,3.86,validation
data/voice_conversion/speechfake_00384.wav,VOICE_CONVERSION,SpeechFake,SPK_Spe_024,hi,SPOOF_VC,DiffSinger,Noisy,opus,16000,4.57,test
data/voice_conversion/speechfake_00385.wav,VOICE_CONVERSION,SpeechFake,SPK_Spe_025,hi,SPOOF_VC,DiffSinger,Noisy,opus,16000,3.49,train
data/voice_conversion/speechfake_00386.wav,VOICE_CONVERSION,SpeechFake,SPK_Spe_026,hi,SPOOF_VC,DiffSinger,Noisy,opus,16000,3.66,train
data/voice_conversion/speechfake_00387.wav,VOICE_CONVERSION,SpeechFake,SPK_Spe_027,hi,SPOOF_VC,DiffSinger,Noisy,opus,16000,4.22,validation
data/voice_conversion/speechfake_00388.wav,VOICE_CONVERSION,SpeechFake,SPK_Spe_028,hi,SPOOF_VC,DiffSinger,Noisy,opus,16000,4.19,train
data/voice_conversion/speechfake_00389.wav,VOICE_CONVERSION,SpeechFake,SPK_Spe_029,hi,SPOOF_VC,DiffSinger,Noisy,opus,16000,3.64,train
data/voice_conversion/speechfake_00390.wav,VOICE_CONVERSION,SpeechFake,SPK_Spe_030,hi,SPOOF_VC,DiffSinger,Noisy,opus,16000,4.2,validation
data/voice_conversion/speechfake_00391.wav,VOICE_CONVERSION,SpeechFake,SPK_Spe_031,hi,SPOOF_VC,DiffSinger,Noisy,opus,16000,3.5,train
data/voice_conversion/speechfake_00392.wav,VOICE_CONVERSION,SpeechFake,SPK_Spe_032,hi,SPOOF_VC,DiffSinger,Noisy,opus,16000,3.23,validation
data/voice_conversion/speechfake_00393.wav,VOICE_CONVERSION,SpeechFake,SPK_Spe_033,hi,SPOOF_VC,DiffSinger,Noisy,opus,16000,3.28,validation
data/voice_conversion/speechfake_00394.wav,VOICE_CONVERSION,SpeechFake,SPK_Spe_034,hi,SPOOF_VC,DiffSinger,Noisy,opus,16000,4.06,train
data/voice_conversion/speechfake_00395.wav,VOICE_CONVERSION,SpeechFake,SPK_Spe_035,hi,SPOOF_VC,DiffSinger,Noisy,opus,16000,3.5,train
data/voice_conversion/speechfake_00396.wav,VOICE_CONVERSION,SpeechFake,SPK_Spe_036,hi,SPOOF_VC,DiffSinger,Noisy,opus,16000,3.36,train
data/voice_conversion/speechfake_00397.wav,VOICE_CONVERSION,SpeechFake,SPK_Spe_037,hi,SPOOF_VC,DiffSinger,Noisy,opus,16000,3.63,train
data/voice_conversion/speechfake_00398.wav,VOICE_CONVERSION,SpeechFake,SPK_Spe_038,hi,SPOOF_VC,DiffSinger,Noisy,opus,16000,4.34,train
data/voice_conversion/speechfake_00399.wav,VOICE_CONVERSION,SpeechFake,SPK_Spe_039,hi,SPOOF_VC,DiffSinger,Noisy,opus,16000,4.36,train
data/voice_conversion/speechfake_00400.wav,VOICE_CONVERSION,SpeechFake,SPK_Spe_040,hi,SPOOF_VC,DiffSinger,Noisy,opus,16000,3.57,test
data/voice_conversion/speechfake_00401.wav,VOICE_CONVERSION,SpeechFake,SPK_Spe_041,hi,SPOOF_VC,DiffSinger,Noisy,opus,16000,3.44,train
data/voice_conversion/speechfake_00402.wav,VOICE_CONVERSION,SpeechFake,SPK_Spe_042,hi,SPOOF_VC,DiffSinger,Noisy,opus,16000,3.99,train
data/voice_conversion/speechfake_00403.wav,VOICE_CONVERSION,SpeechFake,SPK_Spe_043,hi,SPOOF_VC,DiffSinger,Noisy,opus,16000,3.75,train
data/voice_conversion/speechfake_00404.wav,VOICE_CONVERSION,SpeechFake,SPK_Spe_044,hi,SPOOF_VC,DiffSinger,Noisy,opus,16000,3.7,train
data/voice_conversion/speechfake_00405.wav,VOICE_CONVERSION,SpeechFake,SPK_Spe_045,hi,SPOOF_VC,DiffSinger,Noisy,opus,16000,4.48,train
data/voice_conversion/speechfake_00406.wav,VOICE_CONVERSION,SpeechFake,SPK_Spe_046,hi,SPOOF_VC,DiffSinger,Noisy,opus,16000,4.8,train
data/voice_conversion/speechfake_00407.wav,VOICE_CONVERSION,SpeechFake,SPK_Spe_047,hi,SPOOF_VC,DiffSinger,Noisy,opus,16000,3.94,test
data/voice_conversion/speechfake_00408.wav,VOICE_CONVERSION,SpeechFake,SPK_Spe_048,hi,SPOOF_VC,DiffSinger,Noisy,opus,16000,4.47,validation
data/voice_conversion/speechfake_00409.wav,VOICE_CONVERSION,SpeechFake,SPK_Spe_049,hi,SPOOF_VC,DiffSinger,Noisy,opus,16000,3.73,validation
data/voice_conversion/speechfake_00410.wav,VOICE_CONVERSION,SpeechFake,SPK_Spe_050,hi,SPOOF_VC,DiffSinger,Noisy,opus,16000,4.55,train
data/voice_conversion/speechfake_00411.wav,VOICE_CONVERSION,SpeechFake,SPK_Spe_051,hi,SPOOF_VC,DiffSinger,Noisy,opus,16000,4.72,train
data/voice_conversion/speechfake_00412.wav,VOICE_CONVERSION,SpeechFake,SPK_Spe_052,hi,SPOOF_VC,DiffSinger,Noisy,opus,16000,3.29,test
data/voice_conversion/speechfake_00413.wav,VOICE_CONVERSION,SpeechFake,SPK_Spe_053,hi,SPOOF_VC,DiffSinger,Noisy,opus,16000,4.44,train
data/voice_conversion/speechfake_00414.wav,VOICE_CONVERSION,SpeechFake,SPK_Spe_054,hi,SPOOF_VC,DiffSinger,Noisy,opus,16000,3.31,train
data/voice_conversion/speechfake_00415.wav,VOICE_CONVERSION,SpeechFake,SPK_Spe_055,hi,SPOOF_VC,DiffSinger,Noisy,opus,16000,3.95,validation
data/voice_conversion/speechfake_00416.wav,VOICE_CONVERSION,SpeechFake,SPK_Spe_056,hi,SPOOF_VC,DiffSinger,Noisy,opus,16000,3.51,train
data/voice_conversion/speechfake_00417.wav,VOICE_CONVERSION,SpeechFake,SPK_Spe_057,hi,SPOOF_VC,DiffSinger,Noisy,opus,16000,4.55,train
data/voice_conversion/speechfake_00418.wav,VOICE_CONVERSION,SpeechFake,SPK_Spe_058,hi,SPOOF_VC,DiffSinger,Noisy,opus,16000,4.51,test
data/voice_conversion/speechfake_00419.wav,VOICE_CONVERSION,SpeechFake,SPK_Spe_059,hi,SPOOF_VC,DiffSinger,Noisy,opus,16000,4.53,train
data/voice_conversion/speechfake_00420.wav,VOICE_CONVERSION,SpeechFake,SPK_Spe_060,hi,SPOOF_VC,DiffSinger,Noisy,opus,16000,3.4,train
data/voice_conversion/speechfake_00421.wav,VOICE_CONVERSION,SpeechFake,SPK_Spe_061,hi,SPOOF_VC,DiffSinger,Noisy,opus,16000,4.43,train
data/voice_conversion/speechfake_00422.wav,VOICE_CONVERSION,SpeechFake,SPK_Spe_062,hi,SPOOF_VC,DiffSinger,Noisy,opus,16000,3.6,train
data/voice_conversion/speechfake_00423.wav,VOICE_CONVERSION,SpeechFake,SPK_Spe_063,hi,SPOOF_VC,DiffSinger,Noisy,opus,16000,4.43,train
data/voice_conversion/speechfake_00424.wav,VOICE_CONVERSION,SpeechFake,SPK_Spe_064,hi,SPOOF_VC,DiffSinger,Noisy,opus,16000,3.91,test
data/voice_conversion/speechfake_00425.wav,VOICE_CONVERSION,SpeechFake,SPK_Spe_065,hi,SPOOF_VC,DiffSinger,Noisy,opus,16000,4.38,train
data/voice_conversion/speechfake_00426.wav,VOICE_CONVERSION,SpeechFake,SPK_Spe_066,hi,SPOOF_VC,DiffSinger,Noisy,opus,16000,3.25,test
data/voice_conversion/speechfake_00427.wav,VOICE_CONVERSION,SpeechFake,SPK_Spe_067,hi,SPOOF_VC,DiffSinger,Noisy,opus,16000,3.94,test
data/voice_conversion/speechfake_00428.wav,VOICE_CONVERSION,SpeechFake,SPK_Spe_068,hi,SPOOF_VC,DiffSinger,Noisy,opus,16000,4.43,train
data/voice_conversion/speechfake_00429.wav,VOICE_CONVERSION,SpeechFake,SPK_Spe_069,hi,SPOOF_VC,DiffSinger,Noisy,opus,16000,4.03,test
data/voice_conversion/speechfake_00430.wav,VOICE_CONVERSION,SpeechFake,SPK_Spe_070,hi,SPOOF_VC,DiffSinger,Noisy,opus,16000,4.77,train
data/voice_conversion/speechfake_00431.wav,VOICE_CONVERSION,SpeechFake,SPK_Spe_071,hi,SPOOF_VC,DiffSinger,Noisy,opus,16000,3.96,train
data/voice_conversion/speechfake_00432.wav,VOICE_CONVERSION,SpeechFake,SPK_Spe_072,hi,SPOOF_VC,DiffSinger,Noisy,opus,16000,4.29,train
data/voice_conversion/speechfake_00433.wav,VOICE_CONVERSION,SpeechFake,SPK_Spe_073,hi,SPOOF_VC,DiffSinger,Noisy,opus,16000,3.7,train
data/voice_conversion/speechfake_00434.wav,VOICE_CONVERSION,SpeechFake,SPK_Spe_074,hi,SPOOF_VC,DiffSinger,Noisy,opus,16000,3.72,test
data/voice_conversion/speechfake_00435.wav,VOICE_CONVERSION,SpeechFake,SPK_Spe_075,hi,SPOOF_VC,DiffSinger,Noisy,opus,16000,4.21,train
data/voice_conversion/speechfake_00436.wav,VOICE_CONVERSION,SpeechFake,SPK_Spe_076,hi,SPOOF_VC,DiffSinger,Noisy,opus,16000,3.27,train
data/voice_conversion/speechfake_00437.wav,VOICE_CONVERSION,SpeechFake,SPK_Spe_077,hi,SPOOF_VC,DiffSinger,Noisy,opus,16000,4.7,train
data/voice_conversion/speechfake_00438.wav,VOICE_CONVERSION,SpeechFake,SPK_Spe_078,hi,SPOOF_VC,DiffSinger,Noisy,opus,16000,4.03,train
data/voice_conversion/speechfake_00439.wav,VOICE_CONVERSION,SpeechFake,SPK_Spe_079,hi,SPOOF_VC,DiffSinger,Noisy,opus,16000,3.61,train
data/voice_conversion/speechfake_00440.wav,VOICE_CONVERSION,SpeechFake,SPK_Spe_080,hi,SPOOF_VC,DiffSinger,Noisy,opus,16000,4.22,train
data/voice_conversion/speechfake_00441.wav,VOICE_CONVERSION,SpeechFake,SPK_Spe_081,hi,SPOOF_VC,DiffSinger,Noisy,opus,16000,3.52,train
data/voice_conversion/speechfake_00442.wav,VOICE_CONVERSION,SpeechFake,SPK_Spe_082,hi,SPOOF_VC,DiffSinger,Noisy,opus,16000,4.62,test
data/voice_conversion/speechfake_00443.wav,VOICE_CONVERSION,SpeechFake,SPK_Spe_083,hi,SPOOF_VC,DiffSinger,Noisy,opus,16000,4.58,train
data/voice_conversion/speechfake_00444.wav,VOICE_CONVERSION,SpeechFake,SPK_Spe_084,hi,SPOOF_VC,DiffSinger,Noisy,opus,16000,3.55,train
data/voice_conversion/speechfake_00445.wav,VOICE_CONVERSION,SpeechFake,SPK_Spe_085,hi,SPOOF_VC,DiffSinger,Noisy,opus,16000,3.38,train
data/voice_conversion/speechfake_00446.wav,VOICE_CONVERSION,SpeechFake,SPK_Spe_086,hi,SPOOF_VC,DiffSinger,Noisy,opus,16000,4.21,test
data/voice_conversion/speechfake_00447.wav,VOICE_CONVERSION,SpeechFake,SPK_Spe_087,hi,SPOOF_VC,DiffSinger,Noisy,opus,16000,3.72,train
data/voice_conversion/speechfake_00448.wav,VOICE_CONVERSION,SpeechFake,SPK_Spe_088,hi,SPOOF_VC,DiffSinger,Noisy,opus,16000,3.47,train
data/voice_conversion/speechfake_00449.wav,VOICE_CONVERSION,SpeechFake,SPK_Spe_089,hi,SPOOF_VC,DiffSinger,Noisy,opus,16000,3.64,train
data/voice_conversion/speechfake_00450.wav,VOICE_CONVERSION,SpeechFake,SPK_Spe_090,hi,SPOOF_VC,DiffSinger,Noisy,opus,16000,3.39,train
data/voice_conversion/speechfake_00451.wav,VOICE_CONVERSION,SpeechFake,SPK_Spe_091,hi,SPOOF_VC,DiffSinger,Noisy,opus,16000,4.46,test
data/voice_conversion/speechfake_00452.wav,VOICE_CONVERSION,SpeechFake,SPK_Spe_092,hi,SPOOF_VC,DiffSinger,Noisy,opus,16000,3.21,validation
data/voice_conversion/speechfake_00453.wav,VOICE_CONVERSION,SpeechFake,SPK_Spe_093,hi,SPOOF_VC,DiffSinger,Noisy,opus,16000,3.27,test
data/voice_conversion/speechfake_00454.wav,VOICE_CONVERSION,SpeechFake,SPK_Spe_094,hi,SPOOF_VC,DiffSinger,Noisy,opus,16000,4.45,train
data/voice_conversion/speechfake_00455.wav,VOICE_CONVERSION,SpeechFake,SPK_Spe_095,hi,SPOOF_VC,DiffSinger,Noisy,opus,16000,3.96,train
data/voice_conversion/speechfake_00456.wav,VOICE_CONVERSION,SpeechFake,SPK_Spe_096,hi,SPOOF_VC,DiffSinger,Noisy,opus,16000,4.15,train
data/voice_conversion/speechfake_00457.wav,VOICE_CONVERSION,SpeechFake,SPK_Spe_097,hi,SPOOF_VC,DiffSinger,Noisy,opus,16000,3.79,train
data/voice_conversion/speechfake_00458.wav,VOICE_CONVERSION,SpeechFake,SPK_Spe_098,hi,SPOOF_VC,DiffSinger,Noisy,opus,16000,3.34,train
data/voice_conversion/speechfake_00459.wav,VOICE_CONVERSION,SpeechFake,SPK_Spe_099,hi,SPOOF_VC,DiffSinger,Noisy,opus,16000,3.45,validation
data/voice_conversion/speechfake_00460.wav,VOICE_CONVERSION,SpeechFake,SPK_Spe_100,hi,SPOOF_VC,DiffSinger,Noisy,opus,16000,3.35,train
data/voice_conversion/speechfake_00461.wav,VOICE_CONVERSION,SpeechFake,SPK_Spe_101,hi,SPOOF_VC,DiffSinger,Noisy,opus,16000,4.19,validation
data/voice_conversion/speechfake_00462.wav,VOICE_CONVERSION,SpeechFake,SPK_Spe_102,hi,SPOOF_VC,DiffSinger,Noisy,opus,16000,4.69,train
data/voice_conversion/speechfake_00463.wav,VOICE_CONVERSION,SpeechFake,SPK_Spe_103,hi,SPOOF_VC,DiffSinger,Noisy,opus,16000,4.8,train
data/voice_conversion/speechfake_00464.wav,VOICE_CONVERSION,SpeechFake,SPK_Spe_104,hi,SPOOF_VC,DiffSinger,Noisy,opus,16000,4.2,train
data/voice_conversion/speechfake_00465.wav,VOICE_CONVERSION,SpeechFake,SPK_Spe_105,hi,SPOOF_VC,DiffSinger,Noisy,opus,16000,3.3,train
data/voice_conversion/speechfake_00466.wav,VOICE_CONVERSION,SpeechFake,SPK_Spe_106,hi,SPOOF_VC,DiffSinger,Noisy,opus,16000,4.23,test
data/voice_conversion/speechfake_00467.wav,VOICE_CONVERSION,SpeechFake,SPK_Spe_107,hi,SPOOF_VC,DiffSinger,Noisy,opus,16000,4.32,train
data/voice_conversion/speechfake_00468.wav,VOICE_CONVERSION,SpeechFake,SPK_Spe_108,hi,SPOOF_VC,DiffSinger,Noisy,opus,16000,4.47,train
data/voice_conversion/speechfake_00469.wav,VOICE_CONVERSION,SpeechFake,SPK_Spe_109,hi,SPOOF_VC,DiffSinger,Noisy,opus,16000,3.4,validation
data/voice_conversion/speechfake_00470.wav,VOICE_CONVERSION,SpeechFake,SPK_Spe_110,hi,SPOOF_VC,DiffSinger,Noisy,opus,16000,3.57,train
data/voice_conversion/speechfake_00471.wav,VOICE_CONVERSION,SpeechFake,SPK_Spe_111,hi,SPOOF_VC,DiffSinger,Noisy,opus,16000,4.77,train
data/voice_conversion/speechfake_00472.wav,VOICE_CONVERSION,SpeechFake,SPK_Spe_112,hi,SPOOF_VC,DiffSinger,Noisy,opus,16000,4.46,test
data/voice_conversion/speechfake_00473.wav,VOICE_CONVERSION,SpeechFake,SPK_Spe_113,hi,SPOOF_VC,DiffSinger,Noisy,opus,16000,4.41,train
data/voice_conversion/speechfake_00474.wav,VOICE_CONVERSION,SpeechFake,SPK_Spe_114,hi,SPOOF_VC,DiffSinger,Noisy,opus,16000,4.49,train
data/voice_conversion/speechfake_00475.wav,VOICE_CONVERSION,SpeechFake,SPK_Spe_115,hi,SPOOF_VC,DiffSinger,Noisy,opus,16000,3.9,test
data/voice_conversion/speechfake_00476.wav,VOICE_CONVERSION,SpeechFake,SPK_Spe_116,hi,SPOOF_VC,DiffSinger,Noisy,opus,16000,3.51,train
data/voice_conversion/speechfake_00477.wav,VOICE_CONVERSION,SpeechFake,SPK_Spe_117,hi,SPOOF_VC,DiffSinger,Noisy,opus,16000,4.3,test
data/voice_conversion/speechfake_00478.wav,VOICE_CONVERSION,SpeechFake,SPK_Spe_118,hi,SPOOF_VC,DiffSinger,Noisy,opus,16000,3.77,train
data/voice_conversion/speechfake_00479.wav,VOICE_CONVERSION,SpeechFake,SPK_Spe_119,hi,SPOOF_VC,DiffSinger,Noisy,opus,16000,3.42,train
data/voice_conversion/speechfake_00480.wav,VOICE_CONVERSION,SpeechFake,SPK_Spe_000,hi,SPOOF_VC,DiffSinger,Noisy,opus,16000,4.64,train
data/voice_conversion/speechfake_00481.wav,VOICE_CONVERSION,SpeechFake,SPK_Spe_001,hi,SPOOF_VC,DiffSinger,Noisy,opus,16000,3.98,train
data/voice_conversion/speechfake_00482.wav,VOICE_CONVERSION,SpeechFake,SPK_Spe_002,hi,SPOOF_VC,DiffSinger,Noisy,opus,16000,3.9,train
data/voice_conversion/speechfake_00483.wav,VOICE_CONVERSION,SpeechFake,SPK_Spe_003,hi,SPOOF_VC,DiffSinger,Noisy,opus,16000,3.67,train
data/voice_conversion/speechfake_00484.wav,VOICE_CONVERSION,SpeechFake,SPK_Spe_004,hi,SPOOF_VC,DiffSinger,Noisy,opus,16000,4.32,train
data/voice_conversion/speechfake_00485.wav,VOICE_CONVERSION,SpeechFake,SPK_Spe_005,hi,SPOOF_VC,DiffSinger,Noisy,opus,16000,3.5,validation
data/voice_conversion/speechfake_00486.wav,VOICE_CONVERSION,SpeechFake,SPK_Spe_006,hi,SPOOF_VC,DiffSinger,Noisy,opus,16000,3.5,validation
data/voice_conversion/speechfake_00487.wav,VOICE_CONVERSION,SpeechFake,SPK_Spe_007,hi,SPOOF_VC,DiffSinger,Noisy,opus,16000,3.76,validation
data/voice_conversion/speechfake_00488.wav,VOICE_CONVERSION,SpeechFake,SPK_Spe_008,hi,SPOOF_VC,DiffSinger,Noisy,opus,16000,4.37,train
data/voice_conversion/speechfake_00489.wav,VOICE_CONVERSION,SpeechFake,SPK_Spe_009,hi,SPOOF_VC,DiffSinger,Noisy,opus,16000,3.64,train
data/voice_conversion/speechfake_00490.wav,VOICE_CONVERSION,SpeechFake,SPK_Spe_010,hi,SPOOF_VC,DiffSinger,Noisy,opus,16000,4.53,train
data/voice_conversion/speechfake_00491.wav,VOICE_CONVERSION,SpeechFake,SPK_Spe_011,hi,SPOOF_VC,DiffSinger,Noisy,opus,16000,4.66,train
data/voice_conversion/speechfake_00492.wav,VOICE_CONVERSION,SpeechFake,SPK_Spe_012,hi,SPOOF_VC,DiffSinger,Noisy,opus,16000,4.09,validation
data/voice_conversion/speechfake_00493.wav,VOICE_CONVERSION,SpeechFake,SPK_Spe_013,hi,SPOOF_VC,DiffSinger,Noisy,opus,16000,3.31,train
data/voice_conversion/speechfake_00494.wav,VOICE_CONVERSION,SpeechFake,SPK_Spe_014,hi,SPOOF_VC,DiffSinger,Noisy,opus,16000,3.45,train
data/voice_conversion/speechfake_00495.wav,VOICE_CONVERSION,SpeechFake,SPK_Spe_015,hi,SPOOF_VC,DiffSinger,Noisy,opus,16000,3.67,train
data/voice_conversion/speechfake_00496.wav,VOICE_CONVERSION,SpeechFake,SPK_Spe_016,hi,SPOOF_VC,DiffSinger,Noisy,opus,16000,3.62,train
data/voice_conversion/speechfake_00497.wav,VOICE_CONVERSION,SpeechFake,SPK_Spe_017,hi,SPOOF_VC,DiffSinger,Noisy,opus,16000,3.79,train
data/voice_conversion/speechfake_00498.wav,VOICE_CONVERSION,SpeechFake,SPK_Spe_018,hi,SPOOF_VC,DiffSinger,Noisy,opus,16000,3.2,validation
data/voice_conversion/speechfake_00499.wav,VOICE_CONVERSION,SpeechFake,SPK_Spe_019,hi,SPOOF_VC,DiffSinger,Noisy,opus,16000,4.22,test
data/voice_conversion/speechfake_00500.wav,VOICE_CONVERSION,SpeechFake,SPK_Spe_020,hi,SPOOF_VC,DiffSinger,Noisy,opus,16000,3.81,train
data/voice_conversion/speechfake_00501.wav,VOICE_CONVERSION,SpeechFake,SPK_Spe_021,hi,SPOOF_VC,DiffSinger,Noisy,opus,16000,3.5,test
data/voice_conversion/speechfake_00502.wav,VOICE_CONVERSION,SpeechFake,SPK_Spe_022,hi,SPOOF_VC,DiffSinger,Noisy,opus,16000,3.23,train
data/voice_conversion/speechfake_00503.wav,VOICE_CONVERSION,SpeechFake,SPK_Spe_023,hi,SPOOF_VC,DiffSinger,Noisy,opus,16000,4.57,validation
data/voice_conversion/speechfake_00504.wav,VOICE_CONVERSION,SpeechFake,SPK_Spe_024,hi,SPOOF_VC,DiffSinger,Noisy,opus,16000,4.44,test
data/voice_conversion/speechfake_00505.wav,VOICE_CONVERSION,SpeechFake,SPK_Spe_025,hi,SPOOF_VC,DiffSinger,Noisy,opus,16000,3.58,train
data/voice_conversion/speechfake_00506.wav,VOICE_CONVERSION,SpeechFake,SPK_Spe_026,hi,SPOOF_VC,DiffSinger,Noisy,opus,16000,4.35,train
data/voice_conversion/speechfake_00507.wav,VOICE_CONVERSION,SpeechFake,SPK_Spe_027,hi,SPOOF_VC,DiffSinger,Noisy,opus,16000,4.25,validation
data/voice_conversion/speechfake_00508.wav,VOICE_CONVERSION,SpeechFake,SPK_Spe_028,hi,SPOOF_VC,DiffSinger,Noisy,opus,16000,4.06,train
data/voice_conversion/speechfake_00509.wav,VOICE_CONVERSION,SpeechFake,SPK_Spe_029,hi,SPOOF_VC,DiffSinger,Noisy,opus,16000,3.82,train
data/voice_conversion/speechfake_00510.wav,VOICE_CONVERSION,SpeechFake,SPK_Spe_030,hi,SPOOF_VC,DiffSinger,Noisy,opus,16000,4.04,validation
data/voice_conversion/speechfake_00511.wav,VOICE_CONVERSION,SpeechFake,SPK_Spe_031,hi,SPOOF_VC,DiffSinger,Noisy,opus,16000,4.0,train
data/voice_conversion/speechfake_00512.wav,VOICE_CONVERSION,SpeechFake,SPK_Spe_032,hi,SPOOF_VC,DiffSinger,Noisy,opus,16000,4.08,validation
data/voice_conversion/speechfake_00513.wav,VOICE_CONVERSION,SpeechFake,SPK_Spe_033,hi,SPOOF_VC,DiffSinger,Noisy,opus,16000,4.18,validation
data/voice_conversion/speechfake_00514.wav,VOICE_CONVERSION,SpeechFake,SPK_Spe_034,hi,SPOOF_VC,DiffSinger,Noisy,opus,16000,3.72,train
data/voice_conversion/speechfake_00515.wav,VOICE_CONVERSION,SpeechFake,SPK_Spe_035,hi,SPOOF_VC,DiffSinger,Noisy,opus,16000,4.23,train
data/voice_conversion/speechfake_00516.wav,VOICE_CONVERSION,SpeechFake,SPK_Spe_036,hi,SPOOF_VC,DiffSinger,Noisy,opus,16000,3.38,train
data/voice_conversion/speechfake_00517.wav,VOICE_CONVERSION,SpeechFake,SPK_Spe_037,hi,SPOOF_VC,DiffSinger,Noisy,opus,16000,4.04,train
data/voice_conversion/speechfake_00518.wav,VOICE_CONVERSION,SpeechFake,SPK_Spe_038,hi,SPOOF_VC,DiffSinger,Noisy,opus,16000,3.31,train
data/voice_conversion/speechfake_00519.wav,VOICE_CONVERSION,SpeechFake,SPK_Spe_039,hi,SPOOF_VC,DiffSinger,Noisy,opus,16000,4.54,train
data/voice_conversion/speechfake_00520.wav,VOICE_CONVERSION,SpeechFake,SPK_Spe_040,hi,SPOOF_VC,DiffSinger,Noisy,opus,16000,3.41,test
data/voice_conversion/speechfake_00521.wav,VOICE_CONVERSION,SpeechFake,SPK_Spe_041,hi,SPOOF_VC,DiffSinger,Noisy,opus,16000,4.6,train
data/voice_conversion/speechfake_00522.wav,VOICE_CONVERSION,SpeechFake,SPK_Spe_042,hi,SPOOF_VC,DiffSinger,Noisy,opus,16000,3.52,train
data/voice_conversion/speechfake_00523.wav,VOICE_CONVERSION,SpeechFake,SPK_Spe_043,hi,SPOOF_VC,DiffSinger,Noisy,opus,16000,3.98,train
data/voice_conversion/speechfake_00524.wav,VOICE_CONVERSION,SpeechFake,SPK_Spe_044,hi,SPOOF_VC,DiffSinger,Noisy,opus,16000,3.36,train
data/voice_conversion/speechfake_00525.wav,VOICE_CONVERSION,SpeechFake,SPK_Spe_045,hi,SPOOF_VC,DiffSinger,Noisy,opus,16000,4.11,train
data/voice_conversion/speechfake_00526.wav,VOICE_CONVERSION,SpeechFake,SPK_Spe_046,hi,SPOOF_VC,DiffSinger,Noisy,opus,16000,4.54,train
data/voice_conversion/speechfake_00527.wav,VOICE_CONVERSION,SpeechFake,SPK_Spe_047,hi,SPOOF_VC,DiffSinger,Noisy,opus,16000,4.25,test
data/voice_conversion/speechfake_00528.wav,VOICE_CONVERSION,SpeechFake,SPK_Spe_048,hi,SPOOF_VC,DiffSinger,Noisy,opus,16000,4.04,validation
data/voice_conversion/speechfake_00529.wav,VOICE_CONVERSION,SpeechFake,SPK_Spe_049,hi,SPOOF_VC,DiffSinger,Noisy,opus,16000,4.32,validation
data/voice_conversion/speechfake_00530.wav,VOICE_CONVERSION,SpeechFake,SPK_Spe_050,hi,SPOOF_VC,DiffSinger,Noisy,opus,16000,3.61,train
data/voice_conversion/speechfake_00531.wav,VOICE_CONVERSION,SpeechFake,SPK_Spe_051,hi,SPOOF_VC,DiffSinger,Noisy,opus,16000,3.79,train
data/voice_conversion/speechfake_00532.wav,VOICE_CONVERSION,SpeechFake,SPK_Spe_052,hi,SPOOF_VC,DiffSinger,Noisy,opus,16000,4.17,test
data/voice_conversion/speechfake_00533.wav,VOICE_CONVERSION,SpeechFake,SPK_Spe_053,hi,SPOOF_VC,DiffSinger,Noisy,opus,16000,3.31,train
data/voice_conversion/speechfake_00534.wav,VOICE_CONVERSION,SpeechFake,SPK_Spe_054,hi,SPOOF_VC,DiffSinger,Noisy,opus,16000,4.69,train
data/voice_conversion/speechfake_00535.wav,VOICE_CONVERSION,SpeechFake,SPK_Spe_055,hi,SPOOF_VC,DiffSinger,Noisy,opus,16000,3.53,validation
data/voice_conversion/speechfake_00536.wav,VOICE_CONVERSION,SpeechFake,SPK_Spe_056,hi,SPOOF_VC,DiffSinger,Noisy,opus,16000,3.99,train
data/voice_conversion/speechfake_00537.wav,VOICE_CONVERSION,SpeechFake,SPK_Spe_057,hi,SPOOF_VC,DiffSinger,Noisy,opus,16000,4.62,train
data/voice_conversion/speechfake_00538.wav,VOICE_CONVERSION,SpeechFake,SPK_Spe_058,hi,SPOOF_VC,DiffSinger,Noisy,opus,16000,3.33,test
data/voice_conversion/speechfake_00539.wav,VOICE_CONVERSION,SpeechFake,SPK_Spe_059,hi,SPOOF_VC,DiffSinger,Noisy,opus,16000,4.48,train
data/voice_conversion/speechfake_00540.wav,VOICE_CONVERSION,SpeechFake,SPK_Spe_060,hi,SPOOF_VC,DiffSinger,Noisy,opus,16000,3.3,train
data/voice_conversion/speechfake_00541.wav,VOICE_CONVERSION,SpeechFake,SPK_Spe_061,hi,SPOOF_VC,DiffSinger,Noisy,opus,16000,4.09,train
data/voice_conversion/speechfake_00542.wav,VOICE_CONVERSION,SpeechFake,SPK_Spe_062,hi,SPOOF_VC,DiffSinger,Noisy,opus,16000,4.7,train
data/voice_conversion/speechfake_00543.wav,VOICE_CONVERSION,SpeechFake,SPK_Spe_063,hi,SPOOF_VC,DiffSinger,Noisy,opus,16000,3.87,train
data/voice_conversion/speechfake_00544.wav,VOICE_CONVERSION,SpeechFake,SPK_Spe_064,hi,SPOOF_VC,DiffSinger,Noisy,opus,16000,3.79,test
data/voice_conversion/speechfake_00545.wav,VOICE_CONVERSION,SpeechFake,SPK_Spe_065,hi,SPOOF_VC,DiffSinger,Noisy,opus,16000,4.33,train
data/voice_conversion/speechfake_00546.wav,VOICE_CONVERSION,SpeechFake,SPK_Spe_066,hi,SPOOF_VC,DiffSinger,Noisy,opus,16000,4.52,test
data/voice_conversion/speechfake_00547.wav,VOICE_CONVERSION,SpeechFake,SPK_Spe_067,hi,SPOOF_VC,DiffSinger,Noisy,opus,16000,3.63,test
data/voice_conversion/speechfake_00548.wav,VOICE_CONVERSION,SpeechFake,SPK_Spe_068,hi,SPOOF_VC,DiffSinger,Noisy,opus,16000,3.27,train
data/voice_conversion/speechfake_00549.wav,VOICE_CONVERSION,SpeechFake,SPK_Spe_069,hi,SPOOF_VC,DiffSinger,Noisy,opus,16000,3.31,test
data/voice_conversion/speechfake_00550.wav,VOICE_CONVERSION,SpeechFake,SPK_Spe_070,hi,SPOOF_VC,DiffSinger,Noisy,opus,16000,3.69,train
data/voice_conversion/speechfake_00551.wav,VOICE_CONVERSION,SpeechFake,SPK_Spe_071,hi,SPOOF_VC,DiffSinger,Noisy,opus,16000,4.71,train
data/voice_conversion/speechfake_00552.wav,VOICE_CONVERSION,SpeechFake,SPK_Spe_072,hi,SPOOF_VC,DiffSinger,Noisy,opus,16000,4.74,train
data/voice_conversion/speechfake_00553.wav,VOICE_CONVERSION,SpeechFake,SPK_Spe_073,hi,SPOOF_VC,DiffSinger,Noisy,opus,16000,3.36,train
data/voice_conversion/speechfake_00554.wav,VOICE_CONVERSION,SpeechFake,SPK_Spe_074,hi,SPOOF_VC,DiffSinger,Noisy,opus,16000,4.36,test
data/voice_conversion/speechfake_00555.wav,VOICE_CONVERSION,SpeechFake,SPK_Spe_075,hi,SPOOF_VC,DiffSinger,Noisy,opus,16000,4.05,train
data/voice_conversion/speechfake_00556.wav,VOICE_CONVERSION,SpeechFake,SPK_Spe_076,hi,SPOOF_VC,DiffSinger,Noisy,opus,16000,3.5,train
data/voice_conversion/speechfake_00557.wav,VOICE_CONVERSION,SpeechFake,SPK_Spe_077,hi,SPOOF_VC,DiffSinger,Noisy,opus,16000,4.04,train
data/voice_conversion/speechfake_00558.wav,VOICE_CONVERSION,SpeechFake,SPK_Spe_078,hi,SPOOF_VC,DiffSinger,Noisy,opus,16000,3.6,train
data/voice_conversion/speechfake_00559.wav,VOICE_CONVERSION,SpeechFake,SPK_Spe_079,hi,SPOOF_VC,DiffSinger,Noisy,opus,16000,4.2,train
data/voice_conversion/speechfake_00560.wav,VOICE_CONVERSION,SpeechFake,SPK_Spe_080,hi,SPOOF_VC,DiffSinger,Noisy,opus,16000,3.49,train
data/voice_conversion/speechfake_00561.wav,VOICE_CONVERSION,SpeechFake,SPK_Spe_081,hi,SPOOF_VC,DiffSinger,Noisy,opus,16000,4.4,train
data/voice_conversion/speechfake_00562.wav,VOICE_CONVERSION,SpeechFake,SPK_Spe_082,hi,SPOOF_VC,DiffSinger,Noisy,opus,16000,3.86,test
data/voice_conversion/speechfake_00563.wav,VOICE_CONVERSION,SpeechFake,SPK_Spe_083,hi,SPOOF_VC,DiffSinger,Noisy,opus,16000,3.37,train
data/voice_conversion/speechfake_00564.wav,VOICE_CONVERSION,SpeechFake,SPK_Spe_084,hi,SPOOF_VC,DiffSinger,Noisy,opus,16000,4.22,train
data/voice_conversion/speechfake_00565.wav,VOICE_CONVERSION,SpeechFake,SPK_Spe_085,hi,SPOOF_VC,DiffSinger,Noisy,opus,16000,3.77,train
data/voice_conversion/speechfake_00566.wav,VOICE_CONVERSION,SpeechFake,SPK_Spe_086,hi,SPOOF_VC,DiffSinger,Noisy,opus,16000,3.93,test
data/voice_conversion/speechfake_00567.wav,VOICE_CONVERSION,SpeechFake,SPK_Spe_087,hi,SPOOF_VC,DiffSinger,Noisy,opus,16000,4.26,train
data/voice_conversion/speechfake_00568.wav,VOICE_CONVERSION,SpeechFake,SPK_Spe_088,hi,SPOOF_VC,DiffSinger,Noisy,opus,16000,4.61,train
data/voice_conversion/speechfake_00569.wav,VOICE_CONVERSION,SpeechFake,SPK_Spe_089,hi,SPOOF_VC,DiffSinger,Noisy,opus,16000,3.47,train
data/voice_conversion/speechfake_00570.wav,VOICE_CONVERSION,SpeechFake,SPK_Spe_090,hi,SPOOF_VC,DiffSinger,Noisy,opus,16000,3.49,train
data/voice_conversion/speechfake_00571.wav,VOICE_CONVERSION,SpeechFake,SPK_Spe_091,hi,SPOOF_VC,DiffSinger,Noisy,opus,16000,3.84,test
data/voice_conversion/speechfake_00572.wav,VOICE_CONVERSION,SpeechFake,SPK_Spe_092,hi,SPOOF_VC,DiffSinger,Noisy,opus,16000,3.74,validation
data/voice_conversion/speechfake_00573.wav,VOICE_CONVERSION,SpeechFake,SPK_Spe_093,hi,SPOOF_VC,DiffSinger,Noisy,opus,16000,3.45,test
data/voice_conversion/speechfake_00574.wav,VOICE_CONVERSION,SpeechFake,SPK_Spe_094,hi,SPOOF_VC,DiffSinger,Noisy,opus,16000,4.8,train
data/voice_conversion/speechfake_00575.wav,VOICE_CONVERSION,SpeechFake,SPK_Spe_095,hi,SPOOF_VC,DiffSinger,Noisy,opus,16000,3.91,train
data/voice_conversion/speechfake_00576.wav,VOICE_CONVERSION,SpeechFake,SPK_Spe_096,hi,SPOOF_VC,DiffSinger,Noisy,opus,16000,3.76,train
data/voice_conversion/speechfake_00577.wav,VOICE_CONVERSION,SpeechFake,SPK_Spe_097,hi,SPOOF_VC,DiffSinger,Noisy,opus,16000,3.7,train
data/voice_conversion/speechfake_00578.wav,VOICE_CONVERSION,SpeechFake,SPK_Spe_098,hi,SPOOF_VC,DiffSinger,Noisy,opus,16000,4.79,train
data/voice_conversion/speechfake_00579.wav,VOICE_CONVERSION,SpeechFake,SPK_Spe_099,hi,SPOOF_VC,DiffSinger,Noisy,opus,16000,3.72,validation
data/voice_conversion/speechfake_00580.wav,VOICE_CONVERSION,SpeechFake,SPK_Spe_100,hi,SPOOF_VC,DiffSinger,Noisy,opus,16000,3.79,train
data/voice_conversion/speechfake_00581.wav,VOICE_CONVERSION,SpeechFake,SPK_Spe_101,hi,SPOOF_VC,DiffSinger,Noisy,opus,16000,4.42,validation
data/voice_conversion/speechfake_00582.wav,VOICE_CONVERSION,SpeechFake,SPK_Spe_102,hi,SPOOF_VC,DiffSinger,Noisy,opus,16000,3.89,train
data/voice_conversion/speechfake_00583.wav,VOICE_CONVERSION,SpeechFake,SPK_Spe_103,hi,SPOOF_VC,DiffSinger,Noisy,opus,16000,4.36,train
data/voice_conversion/speechfake_00584.wav,VOICE_CONVERSION,SpeechFake,SPK_Spe_104,hi,SPOOF_VC,DiffSinger,Noisy,opus,16000,4.17,train
data/voice_conversion/speechfake_00585.wav,VOICE_CONVERSION,SpeechFake,SPK_Spe_105,hi,SPOOF_VC,DiffSinger,Noisy,opus,16000,4.1,train
data/voice_conversion/speechfake_00586.wav,VOICE_CONVERSION,SpeechFake,SPK_Spe_106,hi,SPOOF_VC,DiffSinger,Noisy,opus,16000,3.54,test
data/voice_conversion/speechfake_00587.wav,VOICE_CONVERSION,SpeechFake,SPK_Spe_107,hi,SPOOF_VC,DiffSinger,Noisy,opus,16000,4.43,train
data/voice_conversion/speechfake_00588.wav,VOICE_CONVERSION,SpeechFake,SPK_Spe_108,hi,SPOOF_VC,DiffSinger,Noisy,opus,16000,4.68,train
data/voice_conversion/speechfake_00589.wav,VOICE_CONVERSION,SpeechFake,SPK_Spe_109,hi,SPOOF_VC,DiffSinger,Noisy,opus,16000,3.61,validation
data/voice_conversion/speechfake_00590.wav,VOICE_CONVERSION,SpeechFake,SPK_Spe_110,hi,SPOOF_VC,DiffSinger,Noisy,opus,16000,4.74,train
data/voice_conversion/speechfake_00591.wav,VOICE_CONVERSION,SpeechFake,SPK_Spe_111,hi,SPOOF_VC,DiffSinger,Noisy,opus,16000,3.92,train
data/voice_conversion/speechfake_00592.wav,VOICE_CONVERSION,SpeechFake,SPK_Spe_112,hi,SPOOF_VC,DiffSinger,Noisy,opus,16000,3.84,test
data/voice_conversion/speechfake_00593.wav,VOICE_CONVERSION,SpeechFake,SPK_Spe_113,hi,SPOOF_VC,DiffSinger,Noisy,opus,16000,4.36,train
data/voice_conversion/speechfake_00594.wav,VOICE_CONVERSION,SpeechFake,SPK_Spe_114,hi,SPOOF_VC,DiffSinger,Noisy,opus,16000,4.77,train
data/voice_conversion/speechfake_00595.wav,VOICE_CONVERSION,SpeechFake,SPK_Spe_115,hi,SPOOF_VC,DiffSinger,Noisy,opus,16000,4.15,test
data/voice_conversion/speechfake_00596.wav,VOICE_CONVERSION,SpeechFake,SPK_Spe_116,hi,SPOOF_VC,DiffSinger,Noisy,opus,16000,4.03,train
data/voice_conversion/speechfake_00597.wav,VOICE_CONVERSION,SpeechFake,SPK_Spe_117,hi,SPOOF_VC,DiffSinger,Noisy,opus,16000,4.79,test
data/voice_conversion/speechfake_00598.wav,VOICE_CONVERSION,SpeechFake,SPK_Spe_118,hi,SPOOF_VC,DiffSinger,Noisy,opus,16000,3.68,train
data/voice_conversion/speechfake_00599.wav,VOICE_CONVERSION,SpeechFake,SPK_Spe_119,hi,SPOOF_VC,DiffSinger,Noisy,opus,16000,3.68,train
data/voice_conversion/speechfake_00600.wav,VOICE_CONVERSION,SpeechFake,SPK_Spe_000,hi,SPOOF_VC,DiffSinger,Noisy,opus,16000,3.56,train
data/voice_conversion/speechfake_00601.wav,VOICE_CONVERSION,SpeechFake,SPK_Spe_001,hi,SPOOF_VC,DiffSinger,Noisy,opus,16000,4.57,train
data/voice_conversion/speechfake_00602.wav,VOICE_CONVERSION,SpeechFake,SPK_Spe_002,hi,SPOOF_VC,DiffSinger,Noisy,opus,16000,3.23,train
data/voice_conversion/speechfake_00603.wav,VOICE_CONVERSION,SpeechFake,SPK_Spe_003,hi,SPOOF_VC,DiffSinger,Noisy,opus,16000,4.52,train
data/voice_conversion/speechfake_00604.wav,VOICE_CONVERSION,SpeechFake,SPK_Spe_004,hi,SPOOF_VC,DiffSinger,Noisy,opus,16000,4.3,train
data/voice_conversion/speechfake_00605.wav,VOICE_CONVERSION,SpeechFake,SPK_Spe_005,hi,SPOOF_VC,DiffSinger,Noisy,opus,16000,3.64,validation
data/voice_conversion/speechfake_00606.wav,VOICE_CONVERSION,SpeechFake,SPK_Spe_006,hi,SPOOF_VC,DiffSinger,Noisy,opus,16000,4.09,validation
data/voice_conversion/speechfake_00607.wav,VOICE_CONVERSION,SpeechFake,SPK_Spe_007,hi,SPOOF_VC,DiffSinger,Noisy,opus,16000,4.09,validation
data/voice_conversion/speechfake_00608.wav,VOICE_CONVERSION,SpeechFake,SPK_Spe_008,hi,SPOOF_VC,DiffSinger,Noisy,opus,16000,4.68,train
data/voice_conversion/speechfake_00609.wav,VOICE_CONVERSION,SpeechFake,SPK_Spe_009,hi,SPOOF_VC,DiffSinger,Noisy,opus,16000,3.45,train
data/voice_conversion/speechfake_00610.wav,VOICE_CONVERSION,SpeechFake,SPK_Spe_010,hi,SPOOF_VC,DiffSinger,Noisy,opus,16000,3.26,train
data/voice_conversion/speechfake_00611.wav,VOICE_CONVERSION,SpeechFake,SPK_Spe_011,hi,SPOOF_VC,DiffSinger,Noisy,opus,16000,3.77,train
data/voice_conversion/speechfake_00612.wav,VOICE_CONVERSION,SpeechFake,SPK_Spe_012,hi,SPOOF_VC,DiffSinger,Noisy,opus,16000,3.42,validation
data/voice_conversion/speechfake_00613.wav,VOICE_CONVERSION,SpeechFake,SPK_Spe_013,hi,SPOOF_VC,DiffSinger,Noisy,opus,16000,3.79,train
data/voice_conversion/speechfake_00614.wav,VOICE_CONVERSION,SpeechFake,SPK_Spe_014,hi,SPOOF_VC,DiffSinger,Noisy,opus,16000,4.13,train
data/voice_conversion/speechfake_00615.wav,VOICE_CONVERSION,SpeechFake,SPK_Spe_015,hi,SPOOF_VC,DiffSinger,Noisy,opus,16000,3.57,train
data/voice_conversion/speechfake_00616.wav,VOICE_CONVERSION,SpeechFake,SPK_Spe_016,hi,SPOOF_VC,DiffSinger,Noisy,opus,16000,4.5,train
data/voice_conversion/speechfake_00617.wav,VOICE_CONVERSION,SpeechFake,SPK_Spe_017,hi,SPOOF_VC,DiffSinger,Noisy,opus,16000,3.35,train
data/voice_conversion/speechfake_00618.wav,VOICE_CONVERSION,SpeechFake,SPK_Spe_018,hi,SPOOF_VC,DiffSinger,Noisy,opus,16000,3.84,validation
data/voice_conversion/speechfake_00619.wav,VOICE_CONVERSION,SpeechFake,SPK_Spe_019,hi,SPOOF_VC,DiffSinger,Noisy,opus,16000,4.67,test
data/voice_conversion/speechfake_00620.wav,VOICE_CONVERSION,SpeechFake,SPK_Spe_020,hi,SPOOF_VC,DiffSinger,Noisy,opus,16000,4.37,train
data/voice_conversion/speechfake_00621.wav,VOICE_CONVERSION,SpeechFake,SPK_Spe_021,hi,SPOOF_VC,DiffSinger,Noisy,opus,16000,4.36,test
data/voice_conversion/speechfake_00622.wav,VOICE_CONVERSION,SpeechFake,SPK_Spe_022,hi,SPOOF_VC,DiffSinger,Noisy,opus,16000,4.47,train
data/voice_conversion/speechfake_00623.wav,VOICE_CONVERSION,SpeechFake,SPK_Spe_023,hi,SPOOF_VC,DiffSinger,Noisy,opus,16000,3.48,validation
data/voice_conversion/speechfake_00624.wav,VOICE_CONVERSION,SpeechFake,SPK_Spe_024,hi,SPOOF_VC,DiffSinger,Noisy,opus,16000,4.52,test
data/voice_conversion/speechfake_00625.wav,VOICE_CONVERSION,SpeechFake,SPK_Spe_025,hi,SPOOF_VC,DiffSinger,Noisy,opus,16000,4.3,train
data/voice_conversion/speechfake_00626.wav,VOICE_CONVERSION,SpeechFake,SPK_Spe_026,hi,SPOOF_VC,DiffSinger,Noisy,opus,16000,4.12,train
data/voice_conversion/speechfake_00627.wav,VOICE_CONVERSION,SpeechFake,SPK_Spe_027,hi,SPOOF_VC,DiffSinger,Noisy,opus,16000,4.65,validation
data/voice_conversion/speechfake_00628.wav,VOICE_CONVERSION,SpeechFake,SPK_Spe_028,hi,SPOOF_VC,DiffSinger,Noisy,opus,16000,4.15,train
data/voice_conversion/speechfake_00629.wav,VOICE_CONVERSION,SpeechFake,SPK_Spe_029,hi,SPOOF_VC,DiffSinger,Noisy,opus,16000,3.68,train
data/voice_conversion/speechfake_00630.wav,VOICE_CONVERSION,SpeechFake,SPK_Spe_030,hi,SPOOF_VC,DiffSinger,Noisy,opus,16000,4.37,validation
data/voice_conversion/speechfake_00631.wav,VOICE_CONVERSION,SpeechFake,SPK_Spe_031,hi,SPOOF_VC,DiffSinger,Noisy,opus,16000,4.12,train
data/voice_conversion/speechfake_00632.wav,VOICE_CONVERSION,SpeechFake,SPK_Spe_032,hi,SPOOF_VC,DiffSinger,Noisy,opus,16000,3.33,validation
data/voice_conversion/speechfake_00633.wav,VOICE_CONVERSION,SpeechFake,SPK_Spe_033,hi,SPOOF_VC,DiffSinger,Noisy,opus,16000,3.29,validation
data/voice_conversion/speechfake_00634.wav,VOICE_CONVERSION,SpeechFake,SPK_Spe_034,hi,SPOOF_VC,DiffSinger,Noisy,opus,16000,4.43,train
data/voice_conversion/speechfake_00635.wav,VOICE_CONVERSION,SpeechFake,SPK_Spe_035,hi,SPOOF_VC,DiffSinger,Noisy,opus,16000,3.76,train
data/voice_conversion/speechfake_00636.wav,VOICE_CONVERSION,SpeechFake,SPK_Spe_036,hi,SPOOF_VC,DiffSinger,Noisy,opus,16000,4.51,train
data/voice_conversion/speechfake_00637.wav,VOICE_CONVERSION,SpeechFake,SPK_Spe_037,hi,SPOOF_VC,DiffSinger,Noisy,opus,16000,3.87,train
data/voice_conversion/speechfake_00638.wav,VOICE_CONVERSION,SpeechFake,SPK_Spe_038,hi,SPOOF_VC,DiffSinger,Noisy,opus,16000,4.59,train
data/voice_conversion/speechfake_00639.wav,VOICE_CONVERSION,SpeechFake,SPK_Spe_039,hi,SPOOF_VC,DiffSinger,Noisy,opus,16000,4.59,train
data/voice_conversion/speechfake_00640.wav,VOICE_CONVERSION,SpeechFake,SPK_Spe_040,hi,SPOOF_VC,DiffSinger,Noisy,opus,16000,3.56,test
data/voice_conversion/speechfake_00641.wav,VOICE_CONVERSION,SpeechFake,SPK_Spe_041,hi,SPOOF_VC,DiffSinger,Noisy,opus,16000,4.24,train
data/voice_conversion/speechfake_00642.wav,VOICE_CONVERSION,SpeechFake,SPK_Spe_042,hi,SPOOF_VC,DiffSinger,Noisy,opus,16000,4.16,train
data/voice_conversion/speechfake_00643.wav,VOICE_CONVERSION,SpeechFake,SPK_Spe_043,hi,SPOOF_VC,DiffSinger,Noisy,opus,16000,3.22,train
data/voice_conversion/speechfake_00644.wav,VOICE_CONVERSION,SpeechFake,SPK_Spe_044,hi,SPOOF_VC,DiffSinger,Noisy,opus,16000,4.44,train
data/voice_conversion/speechfake_00645.wav,VOICE_CONVERSION,SpeechFake,SPK_Spe_045,hi,SPOOF_VC,DiffSinger,Noisy,opus,16000,3.81,train
data/voice_conversion/speechfake_00646.wav,VOICE_CONVERSION,SpeechFake,SPK_Spe_046,hi,SPOOF_VC,DiffSinger,Noisy,opus,16000,3.69,train
data/voice_conversion/speechfake_00647.wav,VOICE_CONVERSION,SpeechFake,SPK_Spe_047,hi,SPOOF_VC,DiffSinger,Noisy,opus,16000,3.27,test
data/voice_conversion/speechfake_00648.wav,VOICE_CONVERSION,SpeechFake,SPK_Spe_048,hi,SPOOF_VC,DiffSinger,Noisy,opus,16000,4.06,validation
data/voice_conversion/speechfake_00649.wav,VOICE_CONVERSION,SpeechFake,SPK_Spe_049,hi,SPOOF_VC,DiffSinger,Noisy,opus,16000,3.44,validation
data/voice_conversion/speechfake_00650.wav,VOICE_CONVERSION,SpeechFake,SPK_Spe_050,hi,SPOOF_VC,DiffSinger,Noisy,opus,16000,4.0,train
data/voice_conversion/speechfake_00651.wav,VOICE_CONVERSION,SpeechFake,SPK_Spe_051,hi,SPOOF_VC,DiffSinger,Noisy,opus,16000,3.55,train
data/voice_conversion/speechfake_00652.wav,VOICE_CONVERSION,SpeechFake,SPK_Spe_052,hi,SPOOF_VC,DiffSinger,Noisy,opus,16000,3.28,test
data/voice_conversion/speechfake_00653.wav,VOICE_CONVERSION,SpeechFake,SPK_Spe_053,hi,SPOOF_VC,DiffSinger,Noisy,opus,16000,4.37,train
data/voice_conversion/speechfake_00654.wav,VOICE_CONVERSION,SpeechFake,SPK_Spe_054,hi,SPOOF_VC,DiffSinger,Noisy,opus,16000,3.83,train
data/voice_conversion/speechfake_00655.wav,VOICE_CONVERSION,SpeechFake,SPK_Spe_055,hi,SPOOF_VC,DiffSinger,Noisy,opus,16000,3.91,validation
data/voice_conversion/speechfake_00656.wav,VOICE_CONVERSION,SpeechFake,SPK_Spe_056,hi,SPOOF_VC,DiffSinger,Noisy,opus,16000,4.15,train
data/voice_conversion/speechfake_00657.wav,VOICE_CONVERSION,SpeechFake,SPK_Spe_057,hi,SPOOF_VC,DiffSinger,Noisy,opus,16000,4.01,train
data/voice_conversion/speechfake_00658.wav,VOICE_CONVERSION,SpeechFake,SPK_Spe_058,hi,SPOOF_VC,DiffSinger,Noisy,opus,16000,3.56,test
data/voice_conversion/speechfake_00659.wav,VOICE_CONVERSION,SpeechFake,SPK_Spe_059,hi,SPOOF_VC,DiffSinger,Noisy,opus,16000,3.66,train
data/voice_conversion/speechfake_00660.wav,VOICE_CONVERSION,SpeechFake,SPK_Spe_060,hi,SPOOF_VC,DiffSinger,Noisy,opus,16000,3.83,train
data/voice_conversion/speechfake_00661.wav,VOICE_CONVERSION,SpeechFake,SPK_Spe_061,hi,SPOOF_VC,DiffSinger,Noisy,opus,16000,3.41,train
data/voice_conversion/speechfake_00662.wav,VOICE_CONVERSION,SpeechFake,SPK_Spe_062,hi,SPOOF_VC,DiffSinger,Noisy,opus,16000,3.33,train
data/voice_conversion/speechfake_00663.wav,VOICE_CONVERSION,SpeechFake,SPK_Spe_063,hi,SPOOF_VC,DiffSinger,Noisy,opus,16000,4.11,train
data/voice_conversion/speechfake_00664.wav,VOICE_CONVERSION,SpeechFake,SPK_Spe_064,hi,SPOOF_VC,DiffSinger,Noisy,opus,16000,3.28,test
data/voice_conversion/speechfake_00665.wav,VOICE_CONVERSION,SpeechFake,SPK_Spe_065,hi,SPOOF_VC,DiffSinger,Noisy,opus,16000,3.84,train
data/voice_conversion/speechfake_00666.wav,VOICE_CONVERSION,SpeechFake,SPK_Spe_066,hi,SPOOF_VC,DiffSinger,Noisy,opus,16000,3.34,test
data/voice_conversion/speechfake_00667.wav,VOICE_CONVERSION,SpeechFake,SPK_Spe_067,hi,SPOOF_VC,DiffSinger,Noisy,opus,16000,4.0,test
data/voice_conversion/speechfake_00668.wav,VOICE_CONVERSION,SpeechFake,SPK_Spe_068,hi,SPOOF_VC,DiffSinger,Noisy,opus,16000,4.44,train
data/voice_conversion/speechfake_00669.wav,VOICE_CONVERSION,SpeechFake,SPK_Spe_069,hi,SPOOF_VC,DiffSinger,Noisy,opus,16000,3.41,test
data/voice_conversion/speechfake_00670.wav,VOICE_CONVERSION,SpeechFake,SPK_Spe_070,hi,SPOOF_VC,DiffSinger,Noisy,opus,16000,3.42,train
data/voice_conversion/speechfake_00671.wav,VOICE_CONVERSION,SpeechFake,SPK_Spe_071,hi,SPOOF_VC,DiffSinger,Noisy,opus,16000,4.09,train
data/voice_conversion/speechfake_00672.wav,VOICE_CONVERSION,SpeechFake,SPK_Spe_072,hi,SPOOF_VC,DiffSinger,Noisy,opus,16000,3.98,train
data/voice_conversion/speechfake_00673.wav,VOICE_CONVERSION,SpeechFake,SPK_Spe_073,hi,SPOOF_VC,DiffSinger,Noisy,opus,16000,4.24,train
data/voice_conversion/speechfake_00674.wav,VOICE_CONVERSION,SpeechFake,SPK_Spe_074,hi,SPOOF_VC,DiffSinger,Noisy,opus,16000,3.51,test
data/voice_conversion/speechfake_00675.wav,VOICE_CONVERSION,SpeechFake,SPK_Spe_075,hi,SPOOF_VC,DiffSinger,Noisy,opus,16000,4.19,train
data/voice_conversion/speechfake_00676.wav,VOICE_CONVERSION,SpeechFake,SPK_Spe_076,hi,SPOOF_VC,DiffSinger,Noisy,opus,16000,4.38,train
data/voice_conversion/speechfake_00677.wav,VOICE_CONVERSION,SpeechFake,SPK_Spe_077,hi,SPOOF_VC,DiffSinger,Noisy,opus,16000,3.59,train
data/voice_conversion/speechfake_00678.wav,VOICE_CONVERSION,SpeechFake,SPK_Spe_078,hi,SPOOF_VC,DiffSinger,Noisy,opus,16000,3.31,train
data/voice_conversion/speechfake_00679.wav,VOICE_CONVERSION,SpeechFake,SPK_Spe_079,hi,SPOOF_VC,DiffSinger,Noisy,opus,16000,4.44,train
data/voice_conversion/speechfake_00680.wav,VOICE_CONVERSION,SpeechFake,SPK_Spe_080,hi,SPOOF_VC,DiffSinger,Noisy,opus,16000,3.72,train
data/voice_conversion/speechfake_00681.wav,VOICE_CONVERSION,SpeechFake,SPK_Spe_081,hi,SPOOF_VC,DiffSinger,Noisy,opus,16000,4.68,train
data/voice_conversion/speechfake_00682.wav,VOICE_CONVERSION,SpeechFake,SPK_Spe_082,hi,SPOOF_VC,DiffSinger,Noisy,opus,16000,3.34,test
data/voice_conversion/speechfake_00683.wav,VOICE_CONVERSION,SpeechFake,SPK_Spe_083,hi,SPOOF_VC,DiffSinger,Noisy,opus,16000,4.27,train
data/voice_conversion/speechfake_00684.wav,VOICE_CONVERSION,SpeechFake,SPK_Spe_084,hi,SPOOF_VC,DiffSinger,Noisy,opus,16000,3.88,train
data/voice_conversion/speechfake_00685.wav,VOICE_CONVERSION,SpeechFake,SPK_Spe_085,hi,SPOOF_VC,DiffSinger,Noisy,opus,16000,3.76,train
data/voice_conversion/speechfake_00686.wav,VOICE_CONVERSION,SpeechFake,SPK_Spe_086,hi,SPOOF_VC,DiffSinger,Noisy,opus,16000,3.71,test
data/voice_conversion/speechfake_00687.wav,VOICE_CONVERSION,SpeechFake,SPK_Spe_087,hi,SPOOF_VC,DiffSinger,Noisy,opus,16000,4.15,train
data/voice_conversion/speechfake_00688.wav,VOICE_CONVERSION,SpeechFake,SPK_Spe_088,hi,SPOOF_VC,DiffSinger,Noisy,opus,16000,3.24,train
data/voice_conversion/speechfake_00689.wav,VOICE_CONVERSION,SpeechFake,SPK_Spe_089,hi,SPOOF_VC,DiffSinger,Noisy,opus,16000,3.69,train
data/voice_conversion/speechfake_00690.wav,VOICE_CONVERSION,SpeechFake,SPK_Spe_090,hi,SPOOF_VC,DiffSinger,Noisy,opus,16000,4.78,train
data/voice_conversion/speechfake_00691.wav,VOICE_CONVERSION,SpeechFake,SPK_Spe_091,hi,SPOOF_VC,DiffSinger,Noisy,opus,16000,4.19,test
data/voice_conversion/speechfake_00692.wav,VOICE_CONVERSION,SpeechFake,SPK_Spe_092,hi,SPOOF_VC,DiffSinger,Noisy,opus,16000,4.78,validation
data/voice_conversion/speechfake_00693.wav,VOICE_CONVERSION,SpeechFake,SPK_Spe_093,hi,SPOOF_VC,DiffSinger,Noisy,opus,16000,3.91,test
data/voice_conversion/speechfake_00694.wav,VOICE_CONVERSION,SpeechFake,SPK_Spe_094,hi,SPOOF_VC,DiffSinger,Noisy,opus,16000,3.43,train
data/voice_conversion/speechfake_00695.wav,VOICE_CONVERSION,SpeechFake,SPK_Spe_095,hi,SPOOF_VC,DiffSinger,Noisy,opus,16000,3.27,train
data/voice_conversion/speechfake_00696.wav,VOICE_CONVERSION,SpeechFake,SPK_Spe_096,hi,SPOOF_VC,DiffSinger,Noisy,opus,16000,4.51,train
data/voice_conversion/speechfake_00697.wav,VOICE_CONVERSION,SpeechFake,SPK_Spe_097,hi,SPOOF_VC,DiffSinger,Noisy,opus,16000,3.52,train
data/voice_conversion/speechfake_00698.wav,VOICE_CONVERSION,SpeechFake,SPK_Spe_098,hi,SPOOF_VC,DiffSinger,Noisy,opus,16000,3.8,train
data/voice_conversion/speechfake_00699.wav,VOICE_CONVERSION,SpeechFake,SPK_Spe_099,hi,SPOOF_VC,DiffSinger,Noisy,opus,16000,4.41,validation
data/voice_conversion/speechfake_00700.wav,VOICE_CONVERSION,SpeechFake,SPK_Spe_100,hi,SPOOF_VC,DiffSinger,Noisy,opus,16000,4.56,train
data/voice_conversion/speechfake_00701.wav,VOICE_CONVERSION,SpeechFake,SPK_Spe_101,hi,SPOOF_VC,DiffSinger,Noisy,opus,16000,3.38,validation
data/voice_conversion/speechfake_00702.wav,VOICE_CONVERSION,SpeechFake,SPK_Spe_102,hi,SPOOF_VC,DiffSinger,Noisy,opus,16000,3.29,train
data/voice_conversion/speechfake_00703.wav,VOICE_CONVERSION,SpeechFake,SPK_Spe_103,hi,SPOOF_VC,DiffSinger,Noisy,opus,16000,4.72,train
data/voice_conversion/speechfake_00704.wav,VOICE_CONVERSION,SpeechFake,SPK_Spe_104,hi,SPOOF_VC,DiffSinger,Noisy,opus,16000,4.68,train
data/voice_conversion/speechfake_00705.wav,VOICE_CONVERSION,SpeechFake,SPK_Spe_105,hi,SPOOF_VC,DiffSinger,Noisy,opus,16000,4.59,train
data/voice_conversion/speechfake_00706.wav,VOICE_CONVERSION,SpeechFake,SPK_Spe_106,hi,SPOOF_VC,DiffSinger,Noisy,opus,16000,4.51,test
data/voice_conversion/speechfake_00707.wav,VOICE_CONVERSION,SpeechFake,SPK_Spe_107,hi,SPOOF_VC,DiffSinger,Noisy,opus,16000,3.22,train
data/voice_conversion/speechfake_00708.wav,VOICE_CONVERSION,SpeechFake,SPK_Spe_108,hi,SPOOF_VC,DiffSinger,Noisy,opus,16000,4.31,train
data/voice_conversion/speechfake_00709.wav,VOICE_CONVERSION,SpeechFake,SPK_Spe_109,hi,SPOOF_VC,DiffSinger,Noisy,opus,16000,3.38,validation
data/voice_conversion/speechfake_00710.wav,VOICE_CONVERSION,SpeechFake,SPK_Spe_110,hi,SPOOF_VC,DiffSinger,Noisy,opus,16000,3.92,train
data/voice_conversion/speechfake_00711.wav,VOICE_CONVERSION,SpeechFake,SPK_Spe_111,hi,SPOOF_VC,DiffSinger,Noisy,opus,16000,3.24,train
data/voice_conversion/speechfake_00712.wav,VOICE_CONVERSION,SpeechFake,SPK_Spe_112,hi,SPOOF_VC,DiffSinger,Noisy,opus,16000,3.53,test
data/voice_conversion/speechfake_00713.wav,VOICE_CONVERSION,SpeechFake,SPK_Spe_113,hi,SPOOF_VC,DiffSinger,Noisy,opus,16000,4.06,train
data/voice_conversion/speechfake_00714.wav,VOICE_CONVERSION,SpeechFake,SPK_Spe_114,hi,SPOOF_VC,DiffSinger,Noisy,opus,16000,3.53,train
data/voice_conversion/speechfake_00715.wav,VOICE_CONVERSION,SpeechFake,SPK_Spe_115,hi,SPOOF_VC,DiffSinger,Noisy,opus,16000,4.04,test
data/voice_conversion/speechfake_00716.wav,VOICE_CONVERSION,SpeechFake,SPK_Spe_116,hi,SPOOF_VC,DiffSinger,Noisy,opus,16000,3.61,train
data/voice_conversion/speechfake_00717.wav,VOICE_CONVERSION,SpeechFake,SPK_Spe_117,hi,SPOOF_VC,DiffSinger,Noisy,opus,16000,3.97,test
data/voice_conversion/speechfake_00718.wav,VOICE_CONVERSION,SpeechFake,SPK_Spe_118,hi,SPOOF_VC,DiffSinger,Noisy,opus,16000,4.37,train
data/voice_conversion/speechfake_00719.wav,VOICE_CONVERSION,SpeechFake,SPK_Spe_119,hi,SPOOF_VC,DiffSinger,Noisy,opus,16000,3.43,train
data/voice_conversion/speechfake_00720.wav,VOICE_CONVERSION,SpeechFake,SPK_Spe_000,hi,SPOOF_VC,DiffSinger,Noisy,opus,16000,4.32,train
data/voice_conversion/speechfake_00721.wav,VOICE_CONVERSION,SpeechFake,SPK_Spe_001,hi,SPOOF_VC,DiffSinger,Noisy,opus,16000,3.23,train
data/voice_conversion/speechfake_00722.wav,VOICE_CONVERSION,SpeechFake,SPK_Spe_002,hi,SPOOF_VC,DiffSinger,Noisy,opus,16000,4.13,train
data/voice_conversion/speechfake_00723.wav,VOICE_CONVERSION,SpeechFake,SPK_Spe_003,hi,SPOOF_VC,DiffSinger,Noisy,opus,16000,4.26,train
data/voice_conversion/speechfake_00724.wav,VOICE_CONVERSION,SpeechFake,SPK_Spe_004,hi,SPOOF_VC,DiffSinger,Noisy,opus,16000,3.27,train
data/voice_conversion/speechfake_00725.wav,VOICE_CONVERSION,SpeechFake,SPK_Spe_005,hi,SPOOF_VC,DiffSinger,Noisy,opus,16000,3.47,validation
data/voice_conversion/speechfake_00726.wav,VOICE_CONVERSION,SpeechFake,SPK_Spe_006,hi,SPOOF_VC,DiffSinger,Noisy,opus,16000,3.65,validation
data/voice_conversion/speechfake_00727.wav,VOICE_CONVERSION,SpeechFake,SPK_Spe_007,hi,SPOOF_VC,DiffSinger,Noisy,opus,16000,4.46,validation
data/voice_conversion/speechfake_00728.wav,VOICE_CONVERSION,SpeechFake,SPK_Spe_008,hi,SPOOF_VC,DiffSinger,Noisy,opus,16000,4.19,train
data/voice_conversion/speechfake_00729.wav,VOICE_CONVERSION,SpeechFake,SPK_Spe_009,hi,SPOOF_VC,DiffSinger,Noisy,opus,16000,3.28,train
data/voice_conversion/speechfake_00730.wav,VOICE_CONVERSION,SpeechFake,SPK_Spe_010,hi,SPOOF_VC,DiffSinger,Noisy,opus,16000,4.25,train
data/voice_conversion/speechfake_00731.wav,VOICE_CONVERSION,SpeechFake,SPK_Spe_011,hi,SPOOF_VC,DiffSinger,Noisy,opus,16000,3.21,train
data/voice_conversion/speechfake_00732.wav,VOICE_CONVERSION,SpeechFake,SPK_Spe_012,hi,SPOOF_VC,DiffSinger,Noisy,opus,16000,3.82,validation
data/voice_conversion/speechfake_00733.wav,VOICE_CONVERSION,SpeechFake,SPK_Spe_013,hi,SPOOF_VC,DiffSinger,Noisy,opus,16000,3.63,train
data/voice_conversion/speechfake_00734.wav,VOICE_CONVERSION,SpeechFake,SPK_Spe_014,hi,SPOOF_VC,DiffSinger,Noisy,opus,16000,4.56,train
data/voice_conversion/speechfake_00735.wav,VOICE_CONVERSION,SpeechFake,SPK_Spe_015,hi,SPOOF_VC,DiffSinger,Noisy,opus,16000,4.26,train
data/voice_conversion/speechfake_00736.wav,VOICE_CONVERSION,SpeechFake,SPK_Spe_016,hi,SPOOF_VC,DiffSinger,Noisy,opus,16000,4.58,train
data/voice_conversion/speechfake_00737.wav,VOICE_CONVERSION,SpeechFake,SPK_Spe_017,hi,SPOOF_VC,DiffSinger,Noisy,opus,16000,3.23,train
data/voice_conversion/speechfake_00738.wav,VOICE_CONVERSION,SpeechFake,SPK_Spe_018,hi,SPOOF_VC,DiffSinger,Noisy,opus,16000,4.59,validation
data/voice_conversion/speechfake_00739.wav,VOICE_CONVERSION,SpeechFake,SPK_Spe_019,hi,SPOOF_VC,DiffSinger,Noisy,opus,16000,4.24,test
data/voice_conversion/speechfake_00740.wav,VOICE_CONVERSION,SpeechFake,SPK_Spe_020,hi,SPOOF_VC,DiffSinger,Noisy,opus,16000,3.57,train
data/voice_conversion/speechfake_00741.wav,VOICE_CONVERSION,SpeechFake,SPK_Spe_021,hi,SPOOF_VC,DiffSinger,Noisy,opus,16000,3.81,test
data/voice_conversion/speechfake_00742.wav,VOICE_CONVERSION,SpeechFake,SPK_Spe_022,hi,SPOOF_VC,DiffSinger,Noisy,opus,16000,4.76,train
data/voice_conversion/speechfake_00743.wav,VOICE_CONVERSION,SpeechFake,SPK_Spe_023,hi,SPOOF_VC,DiffSinger,Noisy,opus,16000,3.36,validation
data/voice_conversion/speechfake_00744.wav,VOICE_CONVERSION,SpeechFake,SPK_Spe_024,hi,SPOOF_VC,DiffSinger,Noisy,opus,16000,3.7,test
data/voice_conversion/speechfake_00745.wav,VOICE_CONVERSION,SpeechFake,SPK_Spe_025,hi,SPOOF_VC,DiffSinger,Noisy,opus,16000,4.59,train
data/voice_conversion/speechfake_00746.wav,VOICE_CONVERSION,SpeechFake,SPK_Spe_026,hi,SPOOF_VC,DiffSinger,Noisy,opus,16000,4.05,train
data/voice_conversion/speechfake_00747.wav,VOICE_CONVERSION,SpeechFake,SPK_Spe_027,hi,SPOOF_VC,DiffSinger,Noisy,opus,16000,3.5,validation
data/voice_conversion/speechfake_00748.wav,VOICE_CONVERSION,SpeechFake,SPK_Spe_028,hi,SPOOF_VC,DiffSinger,Noisy,opus,16000,4.0,train
data/voice_conversion/speechfake_00749.wav,VOICE_CONVERSION,SpeechFake,SPK_Spe_029,hi,SPOOF_VC,DiffSinger,Noisy,opus,16000,3.93,train
data/voice_conversion/speechfake_00750.wav,VOICE_CONVERSION,SpeechFake,SPK_Spe_030,hi,SPOOF_VC,DiffSinger,Noisy,opus,16000,4.68,validation
data/voice_conversion/speechfake_00751.wav,VOICE_CONVERSION,SpeechFake,SPK_Spe_031,hi,SPOOF_VC,DiffSinger,Noisy,opus,16000,3.23,train
data/voice_conversion/speechfake_00752.wav,VOICE_CONVERSION,SpeechFake,SPK_Spe_032,hi,SPOOF_VC,DiffSinger,Noisy,opus,16000,3.6,validation
data/voice_conversion/speechfake_00753.wav,VOICE_CONVERSION,SpeechFake,SPK_Spe_033,hi,SPOOF_VC,DiffSinger,Noisy,opus,16000,4.05,validation
data/voice_conversion/speechfake_00754.wav,VOICE_CONVERSION,SpeechFake,SPK_Spe_034,hi,SPOOF_VC,DiffSinger,Noisy,opus,16000,3.73,train
data/voice_conversion/speechfake_00755.wav,VOICE_CONVERSION,SpeechFake,SPK_Spe_035,hi,SPOOF_VC,DiffSinger,Noisy,opus,16000,3.83,train
data/voice_conversion/speechfake_00756.wav,VOICE_CONVERSION,SpeechFake,SPK_Spe_036,hi,SPOOF_VC,DiffSinger,Noisy,opus,16000,3.45,train
data/voice_conversion/speechfake_00757.wav,VOICE_CONVERSION,SpeechFake,SPK_Spe_037,hi,SPOOF_VC,DiffSinger,Noisy,opus,16000,3.75,train
data/voice_conversion/speechfake_00758.wav,VOICE_CONVERSION,SpeechFake,SPK_Spe_038,hi,SPOOF_VC,DiffSinger,Noisy,opus,16000,3.76,train
data/voice_conversion/speechfake_00759.wav,VOICE_CONVERSION,SpeechFake,SPK_Spe_039,hi,SPOOF_VC,DiffSinger,Noisy,opus,16000,4.2,train
data/voice_conversion/speechfake_00760.wav,VOICE_CONVERSION,SpeechFake,SPK_Spe_040,hi,SPOOF_VC,DiffSinger,Noisy,opus,16000,3.58,test
data/voice_conversion/speechfake_00761.wav,VOICE_CONVERSION,SpeechFake,SPK_Spe_041,hi,SPOOF_VC,DiffSinger,Noisy,opus,16000,4.77,train
data/voice_conversion/speechfake_00762.wav,VOICE_CONVERSION,SpeechFake,SPK_Spe_042,hi,SPOOF_VC,DiffSinger,Noisy,opus,16000,4.0,train
data/voice_conversion/speechfake_00763.wav,VOICE_CONVERSION,SpeechFake,SPK_Spe_043,hi,SPOOF_VC,DiffSinger,Noisy,opus,16000,4.5,train
data/voice_conversion/speechfake_00764.wav,VOICE_CONVERSION,SpeechFake,SPK_Spe_044,hi,SPOOF_VC,DiffSinger,Noisy,opus,16000,4.2,train
data/voice_conversion/speechfake_00765.wav,VOICE_CONVERSION,SpeechFake,SPK_Spe_045,hi,SPOOF_VC,DiffSinger,Noisy,opus,16000,4.61,train
data/voice_conversion/speechfake_00766.wav,VOICE_CONVERSION,SpeechFake,SPK_Spe_046,hi,SPOOF_VC,DiffSinger,Noisy,opus,16000,4.62,train
data/voice_conversion/speechfake_00767.wav,VOICE_CONVERSION,SpeechFake,SPK_Spe_047,hi,SPOOF_VC,DiffSinger,Noisy,opus,16000,4.5,test
data/voice_conversion/speechfake_00768.wav,VOICE_CONVERSION,SpeechFake,SPK_Spe_048,hi,SPOOF_VC,DiffSinger,Noisy,opus,16000,3.25,validation
data/voice_conversion/speechfake_00769.wav,VOICE_CONVERSION,SpeechFake,SPK_Spe_049,hi,SPOOF_VC,DiffSinger,Noisy,opus,16000,4.09,validation
data/voice_conversion/speechfake_00770.wav,VOICE_CONVERSION,SpeechFake,SPK_Spe_050,hi,SPOOF_VC,DiffSinger,Noisy,opus,16000,3.65,train
data/voice_conversion/speechfake_00771.wav,VOICE_CONVERSION,SpeechFake,SPK_Spe_051,hi,SPOOF_VC,DiffSinger,Noisy,opus,16000,3.44,train
data/voice_conversion/speechfake_00772.wav,VOICE_CONVERSION,SpeechFake,SPK_Spe_052,hi,SPOOF_VC,DiffSinger,Noisy,opus,16000,4.64,test
data/voice_conversion/speechfake_00773.wav,VOICE_CONVERSION,SpeechFake,SPK_Spe_053,hi,SPOOF_VC,DiffSinger,Noisy,opus,16000,4.25,train
data/voice_conversion/speechfake_00774.wav,VOICE_CONVERSION,SpeechFake,SPK_Spe_054,hi,SPOOF_VC,DiffSinger,Noisy,opus,16000,3.34,train
data/voice_conversion/speechfake_00775.wav,VOICE_CONVERSION,SpeechFake,SPK_Spe_055,hi,SPOOF_VC,DiffSinger,Noisy,opus,16000,3.81,validation
data/voice_conversion/speechfake_00776.wav,VOICE_CONVERSION,SpeechFake,SPK_Spe_056,hi,SPOOF_VC,DiffSinger,Noisy,opus,16000,4.74,train
data/voice_conversion/speechfake_00777.wav,VOICE_CONVERSION,SpeechFake,SPK_Spe_057,hi,SPOOF_VC,DiffSinger,Noisy,opus,16000,4.18,train
data/voice_conversion/speechfake_00778.wav,VOICE_CONVERSION,SpeechFake,SPK_Spe_058,hi,SPOOF_VC,DiffSinger,Noisy,opus,16000,4.2,test
data/voice_conversion/speechfake_00779.wav,VOICE_CONVERSION,SpeechFake,SPK_Spe_059,hi,SPOOF_VC,DiffSinger,Noisy,opus,16000,3.56,train
data/voice_conversion/speechfake_00780.wav,VOICE_CONVERSION,SpeechFake,SPK_Spe_060,hi,SPOOF_VC,DiffSinger,Noisy,opus,16000,3.58,train
data/voice_conversion/speechfake_00781.wav,VOICE_CONVERSION,SpeechFake,SPK_Spe_061,hi,SPOOF_VC,DiffSinger,Noisy,opus,16000,3.44,train
data/voice_conversion/speechfake_00782.wav,VOICE_CONVERSION,SpeechFake,SPK_Spe_062,hi,SPOOF_VC,DiffSinger,Noisy,opus,16000,4.75,train
data/voice_conversion/speechfake_00783.wav,VOICE_CONVERSION,SpeechFake,SPK_Spe_063,hi,SPOOF_VC,DiffSinger,Noisy,opus,16000,4.66,train
data/voice_conversion/speechfake_00784.wav,VOICE_CONVERSION,SpeechFake,SPK_Spe_064,hi,SPOOF_VC,DiffSinger,Noisy,opus,16000,3.73,test
data/voice_conversion/speechfake_00785.wav,VOICE_CONVERSION,SpeechFake,SPK_Spe_065,hi,SPOOF_VC,DiffSinger,Noisy,opus,16000,4.07,train
data/voice_conversion/speechfake_00786.wav,VOICE_CONVERSION,SpeechFake,SPK_Spe_066,hi,SPOOF_VC,DiffSinger,Noisy,opus,16000,3.53,test
data/voice_conversion/speechfake_00787.wav,VOICE_CONVERSION,SpeechFake,SPK_Spe_067,hi,SPOOF_VC,DiffSinger,Noisy,opus,16000,3.42,test
data/voice_conversion/speechfake_00788.wav,VOICE_CONVERSION,SpeechFake,SPK_Spe_068,hi,SPOOF_VC,DiffSinger,Noisy,opus,16000,4.07,train
data/voice_conversion/speechfake_00789.wav,VOICE_CONVERSION,SpeechFake,SPK_Spe_069,hi,SPOOF_VC,DiffSinger,Noisy,opus,16000,4.48,test
data/voice_conversion/speechfake_00790.wav,VOICE_CONVERSION,SpeechFake,SPK_Spe_070,hi,SPOOF_VC,DiffSinger,Noisy,opus,16000,4.58,train
data/voice_conversion/speechfake_00791.wav,VOICE_CONVERSION,SpeechFake,SPK_Spe_071,hi,SPOOF_VC,DiffSinger,Noisy,opus,16000,3.69,train
data/voice_conversion/speechfake_00792.wav,VOICE_CONVERSION,SpeechFake,SPK_Spe_072,hi,SPOOF_VC,DiffSinger,Noisy,opus,16000,4.33,train
data/voice_conversion/speechfake_00793.wav,VOICE_CONVERSION,SpeechFake,SPK_Spe_073,hi,SPOOF_VC,DiffSinger,Noisy,opus,16000,4.04,train
data/voice_conversion/speechfake_00794.wav,VOICE_CONVERSION,SpeechFake,SPK_Spe_074,hi,SPOOF_VC,DiffSinger,Noisy,opus,16000,3.42,test
data/voice_conversion/speechfake_00795.wav,VOICE_CONVERSION,SpeechFake,SPK_Spe_075,hi,SPOOF_VC,DiffSinger,Noisy,opus,16000,4.79,train
data/voice_conversion/speechfake_00796.wav,VOICE_CONVERSION,SpeechFake,SPK_Spe_076,hi,SPOOF_VC,DiffSinger,Noisy,opus,16000,4.76,train
data/voice_conversion/speechfake_00797.wav,VOICE_CONVERSION,SpeechFake,SPK_Spe_077,hi,SPOOF_VC,DiffSinger,Noisy,opus,16000,3.43,train
data/voice_conversion/speechfake_00798.wav,VOICE_CONVERSION,SpeechFake,SPK_Spe_078,hi,SPOOF_VC,DiffSinger,Noisy,opus,16000,4.69,train
data/voice_conversion/speechfake_00799.wav,VOICE_CONVERSION,SpeechFake,SPK_Spe_079,hi,SPOOF_VC,DiffSinger,Noisy,opus,16000,4.67,train
data/voice_conversion/speechfake_00800.wav,VOICE_CONVERSION,SpeechFake,SPK_Spe_080,hi,SPOOF_VC,DiffSinger,Noisy,opus,16000,3.71,train
data/real/speechfake_00001.wav,REAL,SpeechFake,SPK_Spe_001,hi,BONAFIDE,HUMAN,Phone / VoIP,g711_alaw,8000,4.59,train
data/real/speechfake_00002.wav,REAL,SpeechFake,SPK_Spe_002,hi,BONAFIDE,HUMAN,Phone / VoIP,g711_alaw,8000,5.22,train
data/real/speechfake_00003.wav,REAL,SpeechFake,SPK_Spe_003,hi,BONAFIDE,HUMAN,Phone / VoIP,g711_alaw,8000,3.89,train
data/real/speechfake_00004.wav,REAL,SpeechFake,SPK_Spe_004,hi,BONAFIDE,HUMAN,Phone / VoIP,g711_alaw,8000,4.21,train
data/real/speechfake_00005.wav,REAL,SpeechFake,SPK_Spe_005,hi,BONAFIDE,HUMAN,Phone / VoIP,g711_alaw,8000,5.11,validation
data/real/speechfake_00006.wav,REAL,SpeechFake,SPK_Spe_006,hi,BONAFIDE,HUMAN,Phone / VoIP,g711_alaw,8000,4.86,validation
data/real/speechfake_00007.wav,REAL,SpeechFake,SPK_Spe_007,hi,BONAFIDE,HUMAN,Phone / VoIP,g711_alaw,8000,4.92,validation
data/real/speechfake_00008.wav,REAL,SpeechFake,SPK_Spe_008,hi,BONAFIDE,HUMAN,Phone / VoIP,g711_alaw,8000,5.11,train
data/real/speechfake_00009.wav,REAL,SpeechFake,SPK_Spe_009,hi,BONAFIDE,HUMAN,Phone / VoIP,g711_alaw,8000,4.36,train
data/real/speechfake_00010.wav,REAL,SpeechFake,SPK_Spe_010,hi,BONAFIDE,HUMAN,Phone / VoIP,g711_alaw,8000,4.36,train
data/real/speechfake_00011.wav,REAL,SpeechFake,SPK_Spe_011,hi,BONAFIDE,HUMAN,Phone / VoIP,g711_alaw,8000,4.41,train
data/real/speechfake_00012.wav,REAL,SpeechFake,SPK_Spe_012,hi,BONAFIDE,HUMAN,Phone / VoIP,g711_alaw,8000,5.19,validation
data/real/speechfake_00013.wav,REAL,SpeechFake,SPK_Spe_013,hi,BONAFIDE,HUMAN,Phone / VoIP,g711_alaw,8000,5.13,train
data/real/speechfake_00014.wav,REAL,SpeechFake,SPK_Spe_014,hi,BONAFIDE,HUMAN,Phone / VoIP,g711_alaw,8000,5.19,train
data/real/speechfake_00015.wav,REAL,SpeechFake,SPK_Spe_015,hi,BONAFIDE,HUMAN,Phone / VoIP,g711_alaw,8000,4.14,train
data/real/speechfake_00016.wav,REAL,SpeechFake,SPK_Spe_016,hi,BONAFIDE,HUMAN,Phone / VoIP,g711_alaw,8000,4.95,train
data/real/speechfake_00017.wav,REAL,SpeechFake,SPK_Spe_017,hi,BONAFIDE,HUMAN,Phone / VoIP,g711_alaw,8000,3.87,train
data/real/speechfake_00018.wav,REAL,SpeechFake,SPK_Spe_018,hi,BONAFIDE,HUMAN,Phone / VoIP,g711_alaw,8000,4.0,validation
data/real/speechfake_00019.wav,REAL,SpeechFake,SPK_Spe_019,hi,BONAFIDE,HUMAN,Phone / VoIP,g711_alaw,8000,4.92,test
data/real/speechfake_00020.wav,REAL,SpeechFake,SPK_Spe_020,hi,BONAFIDE,HUMAN,Phone / VoIP,g711_alaw,8000,4.68,train
data/real/speechfake_00021.wav,REAL,SpeechFake,SPK_Spe_021,hi,BONAFIDE,HUMAN,Phone / VoIP,g711_alaw,8000,4.13,test
data/real/speechfake_00022.wav,REAL,SpeechFake,SPK_Spe_022,hi,BONAFIDE,HUMAN,Phone / VoIP,g711_alaw,8000,4.61,train
data/real/speechfake_00023.wav,REAL,SpeechFake,SPK_Spe_023,hi,BONAFIDE,HUMAN,Phone / VoIP,g711_alaw,8000,4.07,validation
data/real/speechfake_00024.wav,REAL,SpeechFake,SPK_Spe_024,hi,BONAFIDE,HUMAN,Phone / VoIP,g711_alaw,8000,4.07,test
data/real/speechfake_00025.wav,REAL,SpeechFake,SPK_Spe_025,hi,BONAFIDE,HUMAN,Phone / VoIP,g711_alaw,8000,4.8,train
data/real/speechfake_00026.wav,REAL,SpeechFake,SPK_Spe_026,hi,BONAFIDE,HUMAN,Phone / VoIP,g711_alaw,8000,4.27,train
data/real/speechfake_00027.wav,REAL,SpeechFake,SPK_Spe_027,hi,BONAFIDE,HUMAN,Phone / VoIP,g711_alaw,8000,4.8,validation
data/real/speechfake_00028.wav,REAL,SpeechFake,SPK_Spe_028,hi,BONAFIDE,HUMAN,Phone / VoIP,g711_alaw,8000,4.46,train
data/real/speechfake_00029.wav,REAL,SpeechFake,SPK_Spe_029,hi,BONAFIDE,HUMAN,Phone / VoIP,g711_alaw,8000,4.5,train
data/real/speechfake_00030.wav,REAL,SpeechFake,SPK_Spe_030,hi,BONAFIDE,HUMAN,Phone / VoIP,g711_alaw,8000,4.67,validation
data/real/speechfake_00031.wav,REAL,SpeechFake,SPK_Spe_031,hi,BONAFIDE,HUMAN,Phone / VoIP,g711_alaw,8000,4.84,train
data/real/speechfake_00032.wav,REAL,SpeechFake,SPK_Spe_032,hi,BONAFIDE,HUMAN,Phone / VoIP,g711_alaw,8000,4.3,validation
data/real/speechfake_00033.wav,REAL,SpeechFake,SPK_Spe_033,hi,BONAFIDE,HUMAN,Phone / VoIP,g711_alaw,8000,5.06,validation
data/real/speechfake_00034.wav,REAL,SpeechFake,SPK_Spe_034,hi,BONAFIDE,HUMAN,Phone / VoIP,g711_alaw,8000,4.49,train
data/real/speechfake_00035.wav,REAL,SpeechFake,SPK_Spe_035,hi,BONAFIDE,HUMAN,Phone / VoIP,g711_alaw,8000,3.92,train
data/real/speechfake_00036.wav,REAL,SpeechFake,SPK_Spe_036,hi,BONAFIDE,HUMAN,Phone / VoIP,g711_alaw,8000,4.01,train
data/real/speechfake_00037.wav,REAL,SpeechFake,SPK_Spe_037,hi,BONAFIDE,HUMAN,Phone / VoIP,g711_alaw,8000,3.75,train
data/real/speechfake_00038.wav,REAL,SpeechFake,SPK_Spe_038,hi,BONAFIDE,HUMAN,Phone / VoIP,g711_alaw,8000,4.92,train
data/real/speechfake_00039.wav,REAL,SpeechFake,SPK_Spe_039,hi,BONAFIDE,HUMAN,Phone / VoIP,g711_alaw,8000,3.72,train
data/real/speechfake_00040.wav,REAL,SpeechFake,SPK_Spe_040,hi,BONAFIDE,HUMAN,Phone / VoIP,g711_alaw,8000,4.13,test
data/real/speechfake_00041.wav,REAL,SpeechFake,SPK_Spe_041,hi,BONAFIDE,HUMAN,Phone / VoIP,g711_alaw,8000,4.36,train
data/real/speechfake_00042.wav,REAL,SpeechFake,SPK_Spe_042,hi,BONAFIDE,HUMAN,Phone / VoIP,g711_alaw,8000,4.89,train
data/real/speechfake_00043.wav,REAL,SpeechFake,SPK_Spe_043,hi,BONAFIDE,HUMAN,Phone / VoIP,g711_alaw,8000,5.28,train
data/real/speechfake_00044.wav,REAL,SpeechFake,SPK_Spe_044,hi,BONAFIDE,HUMAN,Phone / VoIP,g711_alaw,8000,4.91,train
data/real/speechfake_00045.wav,REAL,SpeechFake,SPK_Spe_045,hi,BONAFIDE,HUMAN,Phone / VoIP,g711_alaw,8000,3.81,train
data/real/speechfake_00046.wav,REAL,SpeechFake,SPK_Spe_046,hi,BONAFIDE,HUMAN,Phone / VoIP,g711_alaw,8000,5.18,train
data/real/speechfake_00047.wav,REAL,SpeechFake,SPK_Spe_047,hi,BONAFIDE,HUMAN,Phone / VoIP,g711_alaw,8000,5.28,test
data/real/speechfake_00048.wav,REAL,SpeechFake,SPK_Spe_048,hi,BONAFIDE,HUMAN,Phone / VoIP,g711_alaw,8000,5.09,validation
data/real/speechfake_00049.wav,REAL,SpeechFake,SPK_Spe_049,hi,BONAFIDE,HUMAN,Phone / VoIP,g711_alaw,8000,4.48,validation
data/real/speechfake_00050.wav,REAL,SpeechFake,SPK_Spe_050,hi,BONAFIDE,HUMAN,Phone / VoIP,g711_alaw,8000,4.22,train
data/real/speechfake_00051.wav,REAL,SpeechFake,SPK_Spe_051,hi,BONAFIDE,HUMAN,Phone / VoIP,g711_alaw,8000,4.43,train
data/real/speechfake_00052.wav,REAL,SpeechFake,SPK_Spe_052,hi,BONAFIDE,HUMAN,Phone / VoIP,g711_alaw,8000,4.09,test
data/real/speechfake_00053.wav,REAL,SpeechFake,SPK_Spe_053,hi,BONAFIDE,HUMAN,Phone / VoIP,g711_alaw,8000,4.35,train
data/real/speechfake_00054.wav,REAL,SpeechFake,SPK_Spe_054,hi,BONAFIDE,HUMAN,Phone / VoIP,g711_alaw,8000,3.77,train
data/real/speechfake_00055.wav,REAL,SpeechFake,SPK_Spe_055,hi,BONAFIDE,HUMAN,Phone / VoIP,g711_alaw,8000,4.88,validation
data/real/speechfake_00056.wav,REAL,SpeechFake,SPK_Spe_056,hi,BONAFIDE,HUMAN,Phone / VoIP,g711_alaw,8000,4.31,train
data/real/speechfake_00057.wav,REAL,SpeechFake,SPK_Spe_057,hi,BONAFIDE,HUMAN,Phone / VoIP,g711_alaw,8000,4.2,train
data/real/speechfake_00058.wav,REAL,SpeechFake,SPK_Spe_058,hi,BONAFIDE,HUMAN,Phone / VoIP,g711_alaw,8000,4.68,test
data/real/speechfake_00059.wav,REAL,SpeechFake,SPK_Spe_059,hi,BONAFIDE,HUMAN,Phone / VoIP,g711_alaw,8000,4.89,train
data/real/speechfake_00060.wav,REAL,SpeechFake,SPK_Spe_060,hi,BONAFIDE,HUMAN,Phone / VoIP,g711_alaw,8000,4.65,train
data/real/speechfake_00061.wav,REAL,SpeechFake,SPK_Spe_061,hi,BONAFIDE,HUMAN,Phone / VoIP,g711_alaw,8000,4.54,train
data/real/speechfake_00062.wav,REAL,SpeechFake,SPK_Spe_062,hi,BONAFIDE,HUMAN,Phone / VoIP,g711_alaw,8000,5.1,train
data/real/speechfake_00063.wav,REAL,SpeechFake,SPK_Spe_063,hi,BONAFIDE,HUMAN,Phone / VoIP,g711_alaw,8000,4.96,train
data/real/speechfake_00064.wav,REAL,SpeechFake,SPK_Spe_064,hi,BONAFIDE,HUMAN,Phone / VoIP,g711_alaw,8000,4.53,test
data/real/speechfake_00065.wav,REAL,SpeechFake,SPK_Spe_065,hi,BONAFIDE,HUMAN,Phone / VoIP,g711_alaw,8000,4.42,train
data/real/speechfake_00066.wav,REAL,SpeechFake,SPK_Spe_066,hi,BONAFIDE,HUMAN,Phone / VoIP,g711_alaw,8000,5.02,test
data/real/speechfake_00067.wav,REAL,SpeechFake,SPK_Spe_067,hi,BONAFIDE,HUMAN,Phone / VoIP,g711_alaw,8000,3.77,test
data/real/speechfake_00068.wav,REAL,SpeechFake,SPK_Spe_068,hi,BONAFIDE,HUMAN,Phone / VoIP,g711_alaw,8000,5.29,train
data/real/speechfake_00069.wav,REAL,SpeechFake,SPK_Spe_069,hi,BONAFIDE,HUMAN,Phone / VoIP,g711_alaw,8000,4.53,test
data/real/speechfake_00070.wav,REAL,SpeechFake,SPK_Spe_070,hi,BONAFIDE,HUMAN,Phone / VoIP,g711_alaw,8000,4.33,train
data/real/speechfake_00071.wav,REAL,SpeechFake,SPK_Spe_071,hi,BONAFIDE,HUMAN,Phone / VoIP,g711_alaw,8000,4.88,train
data/real/speechfake_00072.wav,REAL,SpeechFake,SPK_Spe_072,hi,BONAFIDE,HUMAN,Phone / VoIP,g711_alaw,8000,4.59,train
data/real/speechfake_00073.wav,REAL,SpeechFake,SPK_Spe_073,hi,BONAFIDE,HUMAN,Phone / VoIP,g711_alaw,8000,4.53,train
data/real/speechfake_00074.wav,REAL,SpeechFake,SPK_Spe_074,hi,BONAFIDE,HUMAN,Phone / VoIP,g711_alaw,8000,4.71,test
data/real/speechfake_00075.wav,REAL,SpeechFake,SPK_Spe_075,hi,BONAFIDE,HUMAN,Phone / VoIP,g711_alaw,8000,3.78,train
data/real/speechfake_00076.wav,REAL,SpeechFake,SPK_Spe_076,hi,BONAFIDE,HUMAN,Phone / VoIP,g711_alaw,8000,4.17,train
data/real/speechfake_00077.wav,REAL,SpeechFake,SPK_Spe_077,hi,BONAFIDE,HUMAN,Phone / VoIP,g711_alaw,8000,4.34,train
data/real/speechfake_00078.wav,REAL,SpeechFake,SPK_Spe_078,hi,BONAFIDE,HUMAN,Phone / VoIP,g711_alaw,8000,4.19,train
data/real/speechfake_00079.wav,REAL,SpeechFake,SPK_Spe_079,hi,BONAFIDE,HUMAN,Phone / VoIP,g711_alaw,8000,5.02,train
data/real/speechfake_00080.wav,REAL,SpeechFake,SPK_Spe_080,hi,BONAFIDE,HUMAN,Phone / VoIP,g711_alaw,8000,4.44,train
data/real/speechfake_00081.wav,REAL,SpeechFake,SPK_Spe_081,hi,BONAFIDE,HUMAN,Phone / VoIP,g711_alaw,8000,4.38,train
data/real/speechfake_00082.wav,REAL,SpeechFake,SPK_Spe_082,hi,BONAFIDE,HUMAN,Phone / VoIP,g711_alaw,8000,4.68,test
data/real/speechfake_00083.wav,REAL,SpeechFake,SPK_Spe_083,hi,BONAFIDE,HUMAN,Phone / VoIP,g711_alaw,8000,3.79,train
data/real/speechfake_00084.wav,REAL,SpeechFake,SPK_Spe_084,hi,BONAFIDE,HUMAN,Phone / VoIP,g711_alaw,8000,4.53,train
data/real/speechfake_00085.wav,REAL,SpeechFake,SPK_Spe_085,hi,BONAFIDE,HUMAN,Phone / VoIP,g711_alaw,8000,3.93,train
data/real/speechfake_00086.wav,REAL,SpeechFake,SPK_Spe_086,hi,BONAFIDE,HUMAN,Phone / VoIP,g711_alaw,8000,5.03,test
data/real/speechfake_00087.wav,REAL,SpeechFake,SPK_Spe_087,hi,BONAFIDE,HUMAN,Phone / VoIP,g711_alaw,8000,4.42,train
data/real/speechfake_00088.wav,REAL,SpeechFake,SPK_Spe_088,hi,BONAFIDE,HUMAN,Phone / VoIP,g711_alaw,8000,4.86,train
data/real/speechfake_00089.wav,REAL,SpeechFake,SPK_Spe_089,hi,BONAFIDE,HUMAN,Phone / VoIP,g711_alaw,8000,3.88,train
data/real/speechfake_00090.wav,REAL,SpeechFake,SPK_Spe_090,hi,BONAFIDE,HUMAN,Phone / VoIP,g711_alaw,8000,4.95,train
data/real/speechfake_00091.wav,REAL,SpeechFake,SPK_Spe_091,hi,BONAFIDE,HUMAN,Phone / VoIP,g711_alaw,8000,5.2,test
data/real/speechfake_00092.wav,REAL,SpeechFake,SPK_Spe_092,hi,BONAFIDE,HUMAN,Phone / VoIP,g711_alaw,8000,4.81,validation
data/real/speechfake_00093.wav,REAL,SpeechFake,SPK_Spe_093,hi,BONAFIDE,HUMAN,Phone / VoIP,g711_alaw,8000,3.92,test
data/real/speechfake_00094.wav,REAL,SpeechFake,SPK_Spe_094,hi,BONAFIDE,HUMAN,Phone / VoIP,g711_alaw,8000,4.36,train
data/real/speechfake_00095.wav,REAL,SpeechFake,SPK_Spe_095,hi,BONAFIDE,HUMAN,Phone / VoIP,g711_alaw,8000,4.42,train
data/real/speechfake_00096.wav,REAL,SpeechFake,SPK_Spe_096,hi,BONAFIDE,HUMAN,Phone / VoIP,g711_alaw,8000,3.99,train
data/real/speechfake_00097.wav,REAL,SpeechFake,SPK_Spe_097,hi,BONAFIDE,HUMAN,Phone / VoIP,g711_alaw,8000,4.64,train
data/real/speechfake_00098.wav,REAL,SpeechFake,SPK_Spe_098,hi,BONAFIDE,HUMAN,Phone / VoIP,g711_alaw,8000,4.84,train
data/real/speechfake_00099.wav,REAL,SpeechFake,SPK_Spe_099,hi,BONAFIDE,HUMAN,Phone / VoIP,g711_alaw,8000,4.02,validation
data/real/speechfake_00100.wav,REAL,SpeechFake,SPK_Spe_100,hi,BONAFIDE,HUMAN,Phone / VoIP,g711_alaw,8000,4.43,train
data/real/speechfake_00101.wav,REAL,SpeechFake,SPK_Spe_101,hi,BONAFIDE,HUMAN,Phone / VoIP,g711_alaw,8000,4.1,validation
data/real/speechfake_00102.wav,REAL,SpeechFake,SPK_Spe_102,hi,BONAFIDE,HUMAN,Phone / VoIP,g711_alaw,8000,4.81,train
data/real/speechfake_00103.wav,REAL,SpeechFake,SPK_Spe_103,hi,BONAFIDE,HUMAN,Phone / VoIP,g711_alaw,8000,5.15,train
data/real/speechfake_00104.wav,REAL,SpeechFake,SPK_Spe_104,hi,BONAFIDE,HUMAN,Phone / VoIP,g711_alaw,8000,4.97,train
data/real/speechfake_00105.wav,REAL,SpeechFake,SPK_Spe_105,hi,BONAFIDE,HUMAN,Phone / VoIP,g711_alaw,8000,4.85,train
data/real/speechfake_00106.wav,REAL,SpeechFake,SPK_Spe_106,hi,BONAFIDE,HUMAN,Phone / VoIP,g711_alaw,8000,3.9,test
data/real/speechfake_00107.wav,REAL,SpeechFake,SPK_Spe_107,hi,BONAFIDE,HUMAN,Phone / VoIP,g711_alaw,8000,3.88,train
data/real/speechfake_00108.wav,REAL,SpeechFake,SPK_Spe_108,hi,BONAFIDE,HUMAN,Phone / VoIP,g711_alaw,8000,4.42,train
data/real/speechfake_00109.wav,REAL,SpeechFake,SPK_Spe_109,hi,BONAFIDE,HUMAN,Phone / VoIP,g711_alaw,8000,4.28,validation
data/real/speechfake_00110.wav,REAL,SpeechFake,SPK_Spe_110,hi,BONAFIDE,HUMAN,Phone / VoIP,g711_alaw,8000,4.54,train
data/real/speechfake_00111.wav,REAL,SpeechFake,SPK_Spe_111,hi,BONAFIDE,HUMAN,Phone / VoIP,g711_alaw,8000,4.31,train
data/real/speechfake_00112.wav,REAL,SpeechFake,SPK_Spe_112,hi,BONAFIDE,HUMAN,Phone / VoIP,g711_alaw,8000,4.97,test
data/real/speechfake_00113.wav,REAL,SpeechFake,SPK_Spe_113,hi,BONAFIDE,HUMAN,Phone / VoIP,g711_alaw,8000,4.52,train
data/real/speechfake_00114.wav,REAL,SpeechFake,SPK_Spe_114,hi,BONAFIDE,HUMAN,Phone / VoIP,g711_alaw,8000,5.22,train
data/real/speechfake_00115.wav,REAL,SpeechFake,SPK_Spe_115,hi,BONAFIDE,HUMAN,Phone / VoIP,g711_alaw,8000,4.31,test
data/real/speechfake_00116.wav,REAL,SpeechFake,SPK_Spe_116,hi,BONAFIDE,HUMAN,Phone / VoIP,g711_alaw,8000,4.31,train
data/real/speechfake_00117.wav,REAL,SpeechFake,SPK_Spe_117,hi,BONAFIDE,HUMAN,Phone / VoIP,g711_alaw,8000,4.93,test
data/real/speechfake_00118.wav,REAL,SpeechFake,SPK_Spe_118,hi,BONAFIDE,HUMAN,Phone / VoIP,g711_alaw,8000,5.16,train
data/real/speechfake_00119.wav,REAL,SpeechFake,SPK_Spe_119,hi,BONAFIDE,HUMAN,Phone / VoIP,g711_alaw,8000,4.6,train
data/real/speechfake_00120.wav,REAL,SpeechFake,SPK_Spe_000,hi,BONAFIDE,HUMAN,Phone / VoIP,g711_alaw,8000,4.76,train
data/real/speechfake_00121.wav,REAL,SpeechFake,SPK_Spe_001,hi,BONAFIDE,HUMAN,Phone / VoIP,g711_alaw,8000,3.94,train
data/real/speechfake_00122.wav,REAL,SpeechFake,SPK_Spe_002,hi,BONAFIDE,HUMAN,Phone / VoIP,g711_alaw,8000,5.09,train
data/real/speechfake_00123.wav,REAL,SpeechFake,SPK_Spe_003,hi,BONAFIDE,HUMAN,Phone / VoIP,g711_alaw,8000,3.99,train
data/real/speechfake_00124.wav,REAL,SpeechFake,SPK_Spe_004,hi,BONAFIDE,HUMAN,Phone / VoIP,g711_alaw,8000,4.84,train
data/real/speechfake_00125.wav,REAL,SpeechFake,SPK_Spe_005,hi,BONAFIDE,HUMAN,Phone / VoIP,g711_alaw,8000,4.37,validation
data/real/speechfake_00126.wav,REAL,SpeechFake,SPK_Spe_006,hi,BONAFIDE,HUMAN,Phone / VoIP,g711_alaw,8000,4.2,validation
data/real/speechfake_00127.wav,REAL,SpeechFake,SPK_Spe_007,hi,BONAFIDE,HUMAN,Phone / VoIP,g711_alaw,8000,4.93,validation
data/real/speechfake_00128.wav,REAL,SpeechFake,SPK_Spe_008,hi,BONAFIDE,HUMAN,Phone / VoIP,g711_alaw,8000,4.41,train
data/real/speechfake_00129.wav,REAL,SpeechFake,SPK_Spe_009,hi,BONAFIDE,HUMAN,Phone / VoIP,g711_alaw,8000,4.7,train
data/real/speechfake_00130.wav,REAL,SpeechFake,SPK_Spe_010,hi,BONAFIDE,HUMAN,Phone / VoIP,g711_alaw,8000,3.89,train
data/real/speechfake_00131.wav,REAL,SpeechFake,SPK_Spe_011,hi,BONAFIDE,HUMAN,Phone / VoIP,g711_alaw,8000,3.91,train
data/real/speechfake_00132.wav,REAL,SpeechFake,SPK_Spe_012,hi,BONAFIDE,HUMAN,Phone / VoIP,g711_alaw,8000,4.02,validation
data/real/speechfake_00133.wav,REAL,SpeechFake,SPK_Spe_013,hi,BONAFIDE,HUMAN,Phone / VoIP,g711_alaw,8000,4.7,train
data/real/speechfake_00134.wav,REAL,SpeechFake,SPK_Spe_014,hi,BONAFIDE,HUMAN,Phone / VoIP,g711_alaw,8000,4.1,train
data/real/speechfake_00135.wav,REAL,SpeechFake,SPK_Spe_015,hi,BONAFIDE,HUMAN,Phone / VoIP,g711_alaw,8000,4.43,train
data/real/speechfake_00136.wav,REAL,SpeechFake,SPK_Spe_016,hi,BONAFIDE,HUMAN,Phone / VoIP,g711_alaw,8000,5.07,train
data/real/speechfake_00137.wav,REAL,SpeechFake,SPK_Spe_017,hi,BONAFIDE,HUMAN,Phone / VoIP,g711_alaw,8000,4.57,train
data/real/speechfake_00138.wav,REAL,SpeechFake,SPK_Spe_018,hi,BONAFIDE,HUMAN,Phone / VoIP,g711_alaw,8000,3.71,validation
data/real/speechfake_00139.wav,REAL,SpeechFake,SPK_Spe_019,hi,BONAFIDE,HUMAN,Phone / VoIP,g711_alaw,8000,5.11,test
data/real/speechfake_00140.wav,REAL,SpeechFake,SPK_Spe_020,hi,BONAFIDE,HUMAN,Phone / VoIP,g711_alaw,8000,4.08,train
data/real/speechfake_00141.wav,REAL,SpeechFake,SPK_Spe_021,hi,BONAFIDE,HUMAN,Phone / VoIP,g711_alaw,8000,4.64,test
data/real/speechfake_00142.wav,REAL,SpeechFake,SPK_Spe_022,hi,BONAFIDE,HUMAN,Phone / VoIP,g711_alaw,8000,4.46,train
data/real/speechfake_00143.wav,REAL,SpeechFake,SPK_Spe_023,hi,BONAFIDE,HUMAN,Phone / VoIP,g711_alaw,8000,4.36,validation
data/real/speechfake_00144.wav,REAL,SpeechFake,SPK_Spe_024,hi,BONAFIDE,HUMAN,Phone / VoIP,g711_alaw,8000,3.83,test
data/real/speechfake_00145.wav,REAL,SpeechFake,SPK_Spe_025,hi,BONAFIDE,HUMAN,Phone / VoIP,g711_alaw,8000,4.66,train
data/real/speechfake_00146.wav,REAL,SpeechFake,SPK_Spe_026,hi,BONAFIDE,HUMAN,Phone / VoIP,g711_alaw,8000,4.09,train
data/real/speechfake_00147.wav,REAL,SpeechFake,SPK_Spe_027,hi,BONAFIDE,HUMAN,Phone / VoIP,g711_alaw,8000,4.58,validation
data/real/speechfake_00148.wav,REAL,SpeechFake,SPK_Spe_028,hi,BONAFIDE,HUMAN,Phone / VoIP,g711_alaw,8000,4.69,train
data/real/speechfake_00149.wav,REAL,SpeechFake,SPK_Spe_029,hi,BONAFIDE,HUMAN,Phone / VoIP,g711_alaw,8000,4.59,train
data/real/speechfake_00150.wav,REAL,SpeechFake,SPK_Spe_030,hi,BONAFIDE,HUMAN,Phone / VoIP,g711_alaw,8000,5.02,validation
data/real/speechfake_00151.wav,REAL,SpeechFake,SPK_Spe_031,hi,BONAFIDE,HUMAN,Phone / VoIP,g711_alaw,8000,3.78,train
data/real/speechfake_00152.wav,REAL,SpeechFake,SPK_Spe_032,hi,BONAFIDE,HUMAN,Phone / VoIP,g711_alaw,8000,3.94,validation
data/real/speechfake_00153.wav,REAL,SpeechFake,SPK_Spe_033,hi,BONAFIDE,HUMAN,Phone / VoIP,g711_alaw,8000,4.75,validation
data/real/speechfake_00154.wav,REAL,SpeechFake,SPK_Spe_034,hi,BONAFIDE,HUMAN,Phone / VoIP,g711_alaw,8000,3.76,train
data/real/speechfake_00155.wav,REAL,SpeechFake,SPK_Spe_035,hi,BONAFIDE,HUMAN,Phone / VoIP,g711_alaw,8000,5.07,train
data/real/speechfake_00156.wav,REAL,SpeechFake,SPK_Spe_036,hi,BONAFIDE,HUMAN,Phone / VoIP,g711_alaw,8000,4.77,train
data/real/speechfake_00157.wav,REAL,SpeechFake,SPK_Spe_037,hi,BONAFIDE,HUMAN,Phone / VoIP,g711_alaw,8000,5.04,train
data/real/speechfake_00158.wav,REAL,SpeechFake,SPK_Spe_038,hi,BONAFIDE,HUMAN,Phone / VoIP,g711_alaw,8000,4.18,train
data/real/speechfake_00159.wav,REAL,SpeechFake,SPK_Spe_039,hi,BONAFIDE,HUMAN,Phone / VoIP,g711_alaw,8000,5.17,train
data/real/speechfake_00160.wav,REAL,SpeechFake,SPK_Spe_040,hi,BONAFIDE,HUMAN,Phone / VoIP,g711_alaw,8000,3.78,test
data/real/speechfake_00161.wav,REAL,SpeechFake,SPK_Spe_041,hi,BONAFIDE,HUMAN,Phone / VoIP,g711_alaw,8000,4.37,train
data/real/speechfake_00162.wav,REAL,SpeechFake,SPK_Spe_042,hi,BONAFIDE,HUMAN,Phone / VoIP,g711_alaw,8000,3.99,train
data/real/speechfake_00163.wav,REAL,SpeechFake,SPK_Spe_043,hi,BONAFIDE,HUMAN,Phone / VoIP,g711_alaw,8000,4.78,train
data/real/speechfake_00164.wav,REAL,SpeechFake,SPK_Spe_044,hi,BONAFIDE,HUMAN,Phone / VoIP,g711_alaw,8000,4.68,train
data/real/speechfake_00165.wav,REAL,SpeechFake,SPK_Spe_045,hi,BONAFIDE,HUMAN,Phone / VoIP,g711_alaw,8000,4.81,train
data/real/speechfake_00166.wav,REAL,SpeechFake,SPK_Spe_046,hi,BONAFIDE,HUMAN,Phone / VoIP,g711_alaw,8000,4.65,train
data/real/speechfake_00167.wav,REAL,SpeechFake,SPK_Spe_047,hi,BONAFIDE,HUMAN,Phone / VoIP,g711_alaw,8000,4.96,test
data/real/speechfake_00168.wav,REAL,SpeechFake,SPK_Spe_048,hi,BONAFIDE,HUMAN,Phone / VoIP,g711_alaw,8000,3.98,validation
data/real/speechfake_00169.wav,REAL,SpeechFake,SPK_Spe_049,hi,BONAFIDE,HUMAN,Phone / VoIP,g711_alaw,8000,4.43,validation
data/real/speechfake_00170.wav,REAL,SpeechFake,SPK_Spe_050,hi,BONAFIDE,HUMAN,Phone / VoIP,g711_alaw,8000,4.63,train
data/real/speechfake_00171.wav,REAL,SpeechFake,SPK_Spe_051,hi,BONAFIDE,HUMAN,Phone / VoIP,g711_alaw,8000,5.19,train
data/real/speechfake_00172.wav,REAL,SpeechFake,SPK_Spe_052,hi,BONAFIDE,HUMAN,Phone / VoIP,g711_alaw,8000,3.85,test
data/real/speechfake_00173.wav,REAL,SpeechFake,SPK_Spe_053,hi,BONAFIDE,HUMAN,Phone / VoIP,g711_alaw,8000,4.18,train
data/real/speechfake_00174.wav,REAL,SpeechFake,SPK_Spe_054,hi,BONAFIDE,HUMAN,Phone / VoIP,g711_alaw,8000,4.29,train
data/real/speechfake_00175.wav,REAL,SpeechFake,SPK_Spe_055,hi,BONAFIDE,HUMAN,Phone / VoIP,g711_alaw,8000,4.31,validation
data/real/speechfake_00176.wav,REAL,SpeechFake,SPK_Spe_056,hi,BONAFIDE,HUMAN,Phone / VoIP,g711_alaw,8000,3.81,train
data/real/speechfake_00177.wav,REAL,SpeechFake,SPK_Spe_057,hi,BONAFIDE,HUMAN,Phone / VoIP,g711_alaw,8000,4.38,train
data/real/speechfake_00178.wav,REAL,SpeechFake,SPK_Spe_058,hi,BONAFIDE,HUMAN,Phone / VoIP,g711_alaw,8000,4.58,test
data/real/speechfake_00179.wav,REAL,SpeechFake,SPK_Spe_059,hi,BONAFIDE,HUMAN,Phone / VoIP,g711_alaw,8000,4.17,train
data/real/speechfake_00180.wav,REAL,SpeechFake,SPK_Spe_060,hi,BONAFIDE,HUMAN,Phone / VoIP,g711_alaw,8000,3.92,train
data/real/speechfake_00181.wav,REAL,SpeechFake,SPK_Spe_061,hi,BONAFIDE,HUMAN,Phone / VoIP,g711_alaw,8000,4.81,train
data/real/speechfake_00182.wav,REAL,SpeechFake,SPK_Spe_062,hi,BONAFIDE,HUMAN,Phone / VoIP,g711_alaw,8000,4.14,train
data/real/speechfake_00183.wav,REAL,SpeechFake,SPK_Spe_063,hi,BONAFIDE,HUMAN,Phone / VoIP,g711_alaw,8000,4.54,train
data/real/speechfake_00184.wav,REAL,SpeechFake,SPK_Spe_064,hi,BONAFIDE,HUMAN,Phone / VoIP,g711_alaw,8000,4.54,test
data/real/speechfake_00185.wav,REAL,SpeechFake,SPK_Spe_065,hi,BONAFIDE,HUMAN,Phone / VoIP,g711_alaw,8000,4.81,train
data/real/speechfake_00186.wav,REAL,SpeechFake,SPK_Spe_066,hi,BONAFIDE,HUMAN,Phone / VoIP,g711_alaw,8000,4.68,test
data/real/speechfake_00187.wav,REAL,SpeechFake,SPK_Spe_067,hi,BONAFIDE,HUMAN,Phone / VoIP,g711_alaw,8000,3.87,test
data/real/speechfake_00188.wav,REAL,SpeechFake,SPK_Spe_068,hi,BONAFIDE,HUMAN,Phone / VoIP,g711_alaw,8000,4.87,train
data/real/speechfake_00189.wav,REAL,SpeechFake,SPK_Spe_069,hi,BONAFIDE,HUMAN,Phone / VoIP,g711_alaw,8000,4.71,test
data/real/speechfake_00190.wav,REAL,SpeechFake,SPK_Spe_070,hi,BONAFIDE,HUMAN,Phone / VoIP,g711_alaw,8000,5.28,train
data/real/speechfake_00191.wav,REAL,SpeechFake,SPK_Spe_071,hi,BONAFIDE,HUMAN,Phone / VoIP,g711_alaw,8000,4.47,train
data/real/speechfake_00192.wav,REAL,SpeechFake,SPK_Spe_072,hi,BONAFIDE,HUMAN,Phone / VoIP,g711_alaw,8000,4.8,train
data/real/speechfake_00193.wav,REAL,SpeechFake,SPK_Spe_073,hi,BONAFIDE,HUMAN,Phone / VoIP,g711_alaw,8000,5.19,train
data/real/speechfake_00194.wav,REAL,SpeechFake,SPK_Spe_074,hi,BONAFIDE,HUMAN,Phone / VoIP,g711_alaw,8000,5.28,test
data/real/speechfake_00195.wav,REAL,SpeechFake,SPK_Spe_075,hi,BONAFIDE,HUMAN,Phone / VoIP,g711_alaw,8000,4.16,train
data/real/speechfake_00196.wav,REAL,SpeechFake,SPK_Spe_076,hi,BONAFIDE,HUMAN,Phone / VoIP,g711_alaw,8000,4.67,train
data/real/speechfake_00197.wav,REAL,SpeechFake,SPK_Spe_077,hi,BONAFIDE,HUMAN,Phone / VoIP,g711_alaw,8000,4.21,train
data/real/speechfake_00198.wav,REAL,SpeechFake,SPK_Spe_078,hi,BONAFIDE,HUMAN,Phone / VoIP,g711_alaw,8000,4.54,train
data/real/speechfake_00199.wav,REAL,SpeechFake,SPK_Spe_079,hi,BONAFIDE,HUMAN,Phone / VoIP,g711_alaw,8000,5.29,train
data/real/speechfake_00200.wav,REAL,SpeechFake,SPK_Spe_080,hi,BONAFIDE,HUMAN,Phone / VoIP,g711_alaw,8000,4.27,train
data/real/speechfake_00201.wav,REAL,SpeechFake,SPK_Spe_081,hi,BONAFIDE,HUMAN,Phone / VoIP,g711_alaw,8000,3.91,train
data/real/speechfake_00202.wav,REAL,SpeechFake,SPK_Spe_082,hi,BONAFIDE,HUMAN,Phone / VoIP,g711_alaw,8000,4.6,test
data/real/speechfake_00203.wav,REAL,SpeechFake,SPK_Spe_083,hi,BONAFIDE,HUMAN,Phone / VoIP,g711_alaw,8000,4.53,train
data/real/speechfake_00204.wav,REAL,SpeechFake,SPK_Spe_084,hi,BONAFIDE,HUMAN,Phone / VoIP,g711_alaw,8000,4.71,train
data/real/speechfake_00205.wav,REAL,SpeechFake,SPK_Spe_085,hi,BONAFIDE,HUMAN,Phone / VoIP,g711_alaw,8000,4.49,train
data/real/speechfake_00206.wav,REAL,SpeechFake,SPK_Spe_086,hi,BONAFIDE,HUMAN,Phone / VoIP,g711_alaw,8000,3.99,test
data/real/speechfake_00207.wav,REAL,SpeechFake,SPK_Spe_087,hi,BONAFIDE,HUMAN,Phone / VoIP,g711_alaw,8000,4.68,train
data/real/speechfake_00208.wav,REAL,SpeechFake,SPK_Spe_088,hi,BONAFIDE,HUMAN,Phone / VoIP,g711_alaw,8000,4.83,train
data/real/speechfake_00209.wav,REAL,SpeechFake,SPK_Spe_089,hi,BONAFIDE,HUMAN,Phone / VoIP,g711_alaw,8000,5.27,train
data/real/speechfake_00210.wav,REAL,SpeechFake,SPK_Spe_090,hi,BONAFIDE,HUMAN,Phone / VoIP,g711_alaw,8000,3.7,train
data/real/speechfake_00211.wav,REAL,SpeechFake,SPK_Spe_091,hi,BONAFIDE,HUMAN,Phone / VoIP,g711_alaw,8000,3.74,test
data/real/speechfake_00212.wav,REAL,SpeechFake,SPK_Spe_092,hi,BONAFIDE,HUMAN,Phone / VoIP,g711_alaw,8000,4.7,validation
data/real/speechfake_00213.wav,REAL,SpeechFake,SPK_Spe_093,hi,BONAFIDE,HUMAN,Phone / VoIP,g711_alaw,8000,3.89,test
data/real/speechfake_00214.wav,REAL,SpeechFake,SPK_Spe_094,hi,BONAFIDE,HUMAN,Phone / VoIP,g711_alaw,8000,5.06,train
data/real/speechfake_00215.wav,REAL,SpeechFake,SPK_Spe_095,hi,BONAFIDE,HUMAN,Phone / VoIP,g711_alaw,8000,4.98,train
data/real/speechfake_00216.wav,REAL,SpeechFake,SPK_Spe_096,hi,BONAFIDE,HUMAN,Phone / VoIP,g711_alaw,8000,5.3,train
data/real/speechfake_00217.wav,REAL,SpeechFake,SPK_Spe_097,hi,BONAFIDE,HUMAN,Phone / VoIP,g711_alaw,8000,4.36,train
data/real/speechfake_00218.wav,REAL,SpeechFake,SPK_Spe_098,hi,BONAFIDE,HUMAN,Phone / VoIP,g711_alaw,8000,4.23,train
data/real/speechfake_00219.wav,REAL,SpeechFake,SPK_Spe_099,hi,BONAFIDE,HUMAN,Phone / VoIP,g711_alaw,8000,4.6,validation
data/real/speechfake_00220.wav,REAL,SpeechFake,SPK_Spe_100,hi,BONAFIDE,HUMAN,Phone / VoIP,g711_alaw,8000,4.72,train
data/real/speechfake_00221.wav,REAL,SpeechFake,SPK_Spe_101,hi,BONAFIDE,HUMAN,Phone / VoIP,g711_alaw,8000,3.72,validation
data/real/speechfake_00222.wav,REAL,SpeechFake,SPK_Spe_102,hi,BONAFIDE,HUMAN,Phone / VoIP,g711_alaw,8000,4.02,train
data/real/speechfake_00223.wav,REAL,SpeechFake,SPK_Spe_103,hi,BONAFIDE,HUMAN,Phone / VoIP,g711_alaw,8000,4.15,train
data/real/speechfake_00224.wav,REAL,SpeechFake,SPK_Spe_104,hi,BONAFIDE,HUMAN,Phone / VoIP,g711_alaw,8000,4.96,train
data/real/speechfake_00225.wav,REAL,SpeechFake,SPK_Spe_105,hi,BONAFIDE,HUMAN,Phone / VoIP,g711_alaw,8000,4.19,train
data/real/speechfake_00226.wav,REAL,SpeechFake,SPK_Spe_106,hi,BONAFIDE,HUMAN,Phone / VoIP,g711_alaw,8000,4.51,test
data/real/speechfake_00227.wav,REAL,SpeechFake,SPK_Spe_107,hi,BONAFIDE,HUMAN,Phone / VoIP,g711_alaw,8000,4.22,train
data/real/speechfake_00228.wav,REAL,SpeechFake,SPK_Spe_108,hi,BONAFIDE,HUMAN,Phone / VoIP,g711_alaw,8000,3.71,train
data/real/speechfake_00229.wav,REAL,SpeechFake,SPK_Spe_109,hi,BONAFIDE,HUMAN,Phone / VoIP,g711_alaw,8000,4.8,validation
data/real/speechfake_00230.wav,REAL,SpeechFake,SPK_Spe_110,hi,BONAFIDE,HUMAN,Phone / VoIP,g711_alaw,8000,4.25,train
data/real/speechfake_00231.wav,REAL,SpeechFake,SPK_Spe_111,hi,BONAFIDE,HUMAN,Phone / VoIP,g711_alaw,8000,4.86,train
data/real/speechfake_00232.wav,REAL,SpeechFake,SPK_Spe_112,hi,BONAFIDE,HUMAN,Phone / VoIP,g711_alaw,8000,4.69,test
data/real/speechfake_00233.wav,REAL,SpeechFake,SPK_Spe_113,hi,BONAFIDE,HUMAN,Phone / VoIP,g711_alaw,8000,3.75,train
data/real/speechfake_00234.wav,REAL,SpeechFake,SPK_Spe_114,hi,BONAFIDE,HUMAN,Phone / VoIP,g711_alaw,8000,3.98,train
data/real/speechfake_00235.wav,REAL,SpeechFake,SPK_Spe_115,hi,BONAFIDE,HUMAN,Phone / VoIP,g711_alaw,8000,4.23,test
data/real/speechfake_00236.wav,REAL,SpeechFake,SPK_Spe_116,hi,BONAFIDE,HUMAN,Phone / VoIP,g711_alaw,8000,4.24,train
data/real/speechfake_00237.wav,REAL,SpeechFake,SPK_Spe_117,hi,BONAFIDE,HUMAN,Phone / VoIP,g711_alaw,8000,4.78,test
data/real/speechfake_00238.wav,REAL,SpeechFake,SPK_Spe_118,hi,BONAFIDE,HUMAN,Phone / VoIP,g711_alaw,8000,5.17,train
data/real/speechfake_00239.wav,REAL,SpeechFake,SPK_Spe_119,hi,BONAFIDE,HUMAN,Phone / VoIP,g711_alaw,8000,4.98,train
data/real/speechfake_00240.wav,REAL,SpeechFake,SPK_Spe_000,hi,BONAFIDE,HUMAN,Phone / VoIP,g711_alaw,8000,4.73,train
data/real/speechfake_00241.wav,REAL,SpeechFake,SPK_Spe_001,hi,BONAFIDE,HUMAN,Phone / VoIP,g711_alaw,8000,4.47,train
data/real/speechfake_00242.wav,REAL,SpeechFake,SPK_Spe_002,hi,BONAFIDE,HUMAN,Phone / VoIP,g711_alaw,8000,4.7,train
data/real/speechfake_00243.wav,REAL,SpeechFake,SPK_Spe_003,hi,BONAFIDE,HUMAN,Phone / VoIP,g711_alaw,8000,5.13,train
data/real/speechfake_00244.wav,REAL,SpeechFake,SPK_Spe_004,hi,BONAFIDE,HUMAN,Phone / VoIP,g711_alaw,8000,4.56,train
data/real/speechfake_00245.wav,REAL,SpeechFake,SPK_Spe_005,hi,BONAFIDE,HUMAN,Phone / VoIP,g711_alaw,8000,4.24,validation
data/real/speechfake_00246.wav,REAL,SpeechFake,SPK_Spe_006,hi,BONAFIDE,HUMAN,Phone / VoIP,g711_alaw,8000,4.95,validation
data/real/speechfake_00247.wav,REAL,SpeechFake,SPK_Spe_007,hi,BONAFIDE,HUMAN,Phone / VoIP,g711_alaw,8000,4.36,validation
data/real/speechfake_00248.wav,REAL,SpeechFake,SPK_Spe_008,hi,BONAFIDE,HUMAN,Phone / VoIP,g711_alaw,8000,4.89,train
data/real/speechfake_00249.wav,REAL,SpeechFake,SPK_Spe_009,hi,BONAFIDE,HUMAN,Phone / VoIP,g711_alaw,8000,5.04,train
data/real/speechfake_00250.wav,REAL,SpeechFake,SPK_Spe_010,hi,BONAFIDE,HUMAN,Phone / VoIP,g711_alaw,8000,4.18,train
data/real/speechfake_00251.wav,REAL,SpeechFake,SPK_Spe_011,hi,BONAFIDE,HUMAN,Phone / VoIP,g711_alaw,8000,4.86,train
data/real/speechfake_00252.wav,REAL,SpeechFake,SPK_Spe_012,hi,BONAFIDE,HUMAN,Phone / VoIP,g711_alaw,8000,4.2,validation
data/real/speechfake_00253.wav,REAL,SpeechFake,SPK_Spe_013,hi,BONAFIDE,HUMAN,Phone / VoIP,g711_alaw,8000,4.56,train
data/real/speechfake_00254.wav,REAL,SpeechFake,SPK_Spe_014,hi,BONAFIDE,HUMAN,Phone / VoIP,g711_alaw,8000,4.03,train
data/real/speechfake_00255.wav,REAL,SpeechFake,SPK_Spe_015,hi,BONAFIDE,HUMAN,Phone / VoIP,g711_alaw,8000,4.8,train
data/real/speechfake_00256.wav,REAL,SpeechFake,SPK_Spe_016,hi,BONAFIDE,HUMAN,Phone / VoIP,g711_alaw,8000,4.98,train
data/real/speechfake_00257.wav,REAL,SpeechFake,SPK_Spe_017,hi,BONAFIDE,HUMAN,Phone / VoIP,g711_alaw,8000,5.12,train
data/real/speechfake_00258.wav,REAL,SpeechFake,SPK_Spe_018,hi,BONAFIDE,HUMAN,Phone / VoIP,g711_alaw,8000,4.27,validation
data/real/speechfake_00259.wav,REAL,SpeechFake,SPK_Spe_019,hi,BONAFIDE,HUMAN,Phone / VoIP,g711_alaw,8000,5.25,test
data/real/speechfake_00260.wav,REAL,SpeechFake,SPK_Spe_020,hi,BONAFIDE,HUMAN,Phone / VoIP,g711_alaw,8000,4.15,train
data/real/speechfake_00261.wav,REAL,SpeechFake,SPK_Spe_021,hi,BONAFIDE,HUMAN,Phone / VoIP,g711_alaw,8000,3.75,test
data/real/speechfake_00262.wav,REAL,SpeechFake,SPK_Spe_022,hi,BONAFIDE,HUMAN,Phone / VoIP,g711_alaw,8000,5.27,train
data/real/speechfake_00263.wav,REAL,SpeechFake,SPK_Spe_023,hi,BONAFIDE,HUMAN,Phone / VoIP,g711_alaw,8000,4.7,validation
data/real/speechfake_00264.wav,REAL,SpeechFake,SPK_Spe_024,hi,BONAFIDE,HUMAN,Phone / VoIP,g711_alaw,8000,5.05,test
data/real/speechfake_00265.wav,REAL,SpeechFake,SPK_Spe_025,hi,BONAFIDE,HUMAN,Phone / VoIP,g711_alaw,8000,4.61,train
data/real/speechfake_00266.wav,REAL,SpeechFake,SPK_Spe_026,hi,BONAFIDE,HUMAN,Phone / VoIP,g711_alaw,8000,4.32,train
data/real/speechfake_00267.wav,REAL,SpeechFake,SPK_Spe_027,hi,BONAFIDE,HUMAN,Phone / VoIP,g711_alaw,8000,4.65,validation
data/real/speechfake_00268.wav,REAL,SpeechFake,SPK_Spe_028,hi,BONAFIDE,HUMAN,Phone / VoIP,g711_alaw,8000,5.08,train
data/real/speechfake_00269.wav,REAL,SpeechFake,SPK_Spe_029,hi,BONAFIDE,HUMAN,Phone / VoIP,g711_alaw,8000,4.9,train
data/real/speechfake_00270.wav,REAL,SpeechFake,SPK_Spe_030,hi,BONAFIDE,HUMAN,Phone / VoIP,g711_alaw,8000,4.83,validation
data/real/speechfake_00271.wav,REAL,SpeechFake,SPK_Spe_031,hi,BONAFIDE,HUMAN,Phone / VoIP,g711_alaw,8000,4.2,train
data/real/speechfake_00272.wav,REAL,SpeechFake,SPK_Spe_032,hi,BONAFIDE,HUMAN,Phone / VoIP,g711_alaw,8000,3.75,validation
data/real/speechfake_00273.wav,REAL,SpeechFake,SPK_Spe_033,hi,BONAFIDE,HUMAN,Phone / VoIP,g711_alaw,8000,4.36,validation
data/real/speechfake_00274.wav,REAL,SpeechFake,SPK_Spe_034,hi,BONAFIDE,HUMAN,Phone / VoIP,g711_alaw,8000,4.5,train
data/real/speechfake_00275.wav,REAL,SpeechFake,SPK_Spe_035,hi,BONAFIDE,HUMAN,Phone / VoIP,g711_alaw,8000,4.08,train
data/real/speechfake_00276.wav,REAL,SpeechFake,SPK_Spe_036,hi,BONAFIDE,HUMAN,Phone / VoIP,g711_alaw,8000,4.42,train
data/real/speechfake_00277.wav,REAL,SpeechFake,SPK_Spe_037,hi,BONAFIDE,HUMAN,Phone / VoIP,g711_alaw,8000,5.22,train
data/real/speechfake_00278.wav,REAL,SpeechFake,SPK_Spe_038,hi,BONAFIDE,HUMAN,Phone / VoIP,g711_alaw,8000,4.05,train
data/real/speechfake_00279.wav,REAL,SpeechFake,SPK_Spe_039,hi,BONAFIDE,HUMAN,Phone / VoIP,g711_alaw,8000,4.18,train
data/real/speechfake_00280.wav,REAL,SpeechFake,SPK_Spe_040,hi,BONAFIDE,HUMAN,Phone / VoIP,g711_alaw,8000,3.88,test
data/real/speechfake_00281.wav,REAL,SpeechFake,SPK_Spe_041,hi,BONAFIDE,HUMAN,Phone / VoIP,g711_alaw,8000,4.96,train
data/real/speechfake_00282.wav,REAL,SpeechFake,SPK_Spe_042,hi,BONAFIDE,HUMAN,Phone / VoIP,g711_alaw,8000,4.94,train
data/real/speechfake_00283.wav,REAL,SpeechFake,SPK_Spe_043,hi,BONAFIDE,HUMAN,Phone / VoIP,g711_alaw,8000,5.16,train
data/real/speechfake_00284.wav,REAL,SpeechFake,SPK_Spe_044,hi,BONAFIDE,HUMAN,Phone / VoIP,g711_alaw,8000,4.41,train
data/real/speechfake_00285.wav,REAL,SpeechFake,SPK_Spe_045,hi,BONAFIDE,HUMAN,Phone / VoIP,g711_alaw,8000,3.74,train
data/real/speechfake_00286.wav,REAL,SpeechFake,SPK_Spe_046,hi,BONAFIDE,HUMAN,Phone / VoIP,g711_alaw,8000,4.47,train
data/real/speechfake_00287.wav,REAL,SpeechFake,SPK_Spe_047,hi,BONAFIDE,HUMAN,Phone / VoIP,g711_alaw,8000,4.5,test
data/real/speechfake_00288.wav,REAL,SpeechFake,SPK_Spe_048,hi,BONAFIDE,HUMAN,Phone / VoIP,g711_alaw,8000,4.0,validation
data/real/speechfake_00289.wav,REAL,SpeechFake,SPK_Spe_049,hi,BONAFIDE,HUMAN,Phone / VoIP,g711_alaw,8000,5.18,validation
data/real/speechfake_00290.wav,REAL,SpeechFake,SPK_Spe_050,hi,BONAFIDE,HUMAN,Phone / VoIP,g711_alaw,8000,4.87,train
data/real/speechfake_00291.wav,REAL,SpeechFake,SPK_Spe_051,hi,BONAFIDE,HUMAN,Phone / VoIP,g711_alaw,8000,4.54,train
data/real/speechfake_00292.wav,REAL,SpeechFake,SPK_Spe_052,hi,BONAFIDE,HUMAN,Phone / VoIP,g711_alaw,8000,4.94,test
data/real/speechfake_00293.wav,REAL,SpeechFake,SPK_Spe_053,hi,BONAFIDE,HUMAN,Phone / VoIP,g711_alaw,8000,3.93,train
data/real/speechfake_00294.wav,REAL,SpeechFake,SPK_Spe_054,hi,BONAFIDE,HUMAN,Phone / VoIP,g711_alaw,8000,5.09,train
data/real/speechfake_00295.wav,REAL,SpeechFake,SPK_Spe_055,hi,BONAFIDE,HUMAN,Phone / VoIP,g711_alaw,8000,5.02,validation
data/real/speechfake_00296.wav,REAL,SpeechFake,SPK_Spe_056,hi,BONAFIDE,HUMAN,Phone / VoIP,g711_alaw,8000,5.2,train
data/real/speechfake_00297.wav,REAL,SpeechFake,SPK_Spe_057,hi,BONAFIDE,HUMAN,Phone / VoIP,g711_alaw,8000,4.78,train
data/real/speechfake_00298.wav,REAL,SpeechFake,SPK_Spe_058,hi,BONAFIDE,HUMAN,Phone / VoIP,g711_alaw,8000,3.91,test
data/real/speechfake_00299.wav,REAL,SpeechFake,SPK_Spe_059,hi,BONAFIDE,HUMAN,Phone / VoIP,g711_alaw,8000,4.86,train
data/real/speechfake_00300.wav,REAL,SpeechFake,SPK_Spe_060,hi,BONAFIDE,HUMAN,Phone / VoIP,g711_alaw,8000,4.43,train
data/real/speechfake_00301.wav,REAL,SpeechFake,SPK_Spe_061,hi,BONAFIDE,HUMAN,Phone / VoIP,g711_alaw,8000,4.84,train
data/real/speechfake_00302.wav,REAL,SpeechFake,SPK_Spe_062,hi,BONAFIDE,HUMAN,Phone / VoIP,g711_alaw,8000,4.54,train
data/real/speechfake_00303.wav,REAL,SpeechFake,SPK_Spe_063,hi,BONAFIDE,HUMAN,Phone / VoIP,g711_alaw,8000,3.71,train
data/real/speechfake_00304.wav,REAL,SpeechFake,SPK_Spe_064,hi,BONAFIDE,HUMAN,Phone / VoIP,g711_alaw,8000,5.19,test
data/real/speechfake_00305.wav,REAL,SpeechFake,SPK_Spe_065,hi,BONAFIDE,HUMAN,Phone / VoIP,g711_alaw,8000,4.8,train
data/real/speechfake_00306.wav,REAL,SpeechFake,SPK_Spe_066,hi,BONAFIDE,HUMAN,Phone / VoIP,g711_alaw,8000,4.65,test
data/real/speechfake_00307.wav,REAL,SpeechFake,SPK_Spe_067,hi,BONAFIDE,HUMAN,Phone / VoIP,g711_alaw,8000,3.84,test
data/real/speechfake_00308.wav,REAL,SpeechFake,SPK_Spe_068,hi,BONAFIDE,HUMAN,Phone / VoIP,g711_alaw,8000,4.45,train
data/real/speechfake_00309.wav,REAL,SpeechFake,SPK_Spe_069,hi,BONAFIDE,HUMAN,Phone / VoIP,g711_alaw,8000,3.77,test
data/real/speechfake_00310.wav,REAL,SpeechFake,SPK_Spe_070,hi,BONAFIDE,HUMAN,Phone / VoIP,g711_alaw,8000,4.53,train
data/real/speechfake_00311.wav,REAL,SpeechFake,SPK_Spe_071,hi,BONAFIDE,HUMAN,Phone / VoIP,g711_alaw,8000,4.75,train
data/real/speechfake_00312.wav,REAL,SpeechFake,SPK_Spe_072,hi,BONAFIDE,HUMAN,Phone / VoIP,g711_alaw,8000,4.2,train
data/real/speechfake_00313.wav,REAL,SpeechFake,SPK_Spe_073,hi,BONAFIDE,HUMAN,Phone / VoIP,g711_alaw,8000,4.62,train
data/real/speechfake_00314.wav,REAL,SpeechFake,SPK_Spe_074,hi,BONAFIDE,HUMAN,Phone / VoIP,g711_alaw,8000,4.2,test
data/real/speechfake_00315.wav,REAL,SpeechFake,SPK_Spe_075,hi,BONAFIDE,HUMAN,Phone / VoIP,g711_alaw,8000,5.13,train
data/real/speechfake_00316.wav,REAL,SpeechFake,SPK_Spe_076,hi,BONAFIDE,HUMAN,Phone / VoIP,g711_alaw,8000,4.21,train
data/real/speechfake_00317.wav,REAL,SpeechFake,SPK_Spe_077,hi,BONAFIDE,HUMAN,Phone / VoIP,g711_alaw,8000,4.01,train
data/real/speechfake_00318.wav,REAL,SpeechFake,SPK_Spe_078,hi,BONAFIDE,HUMAN,Phone / VoIP,g711_alaw,8000,4.14,train
data/real/speechfake_00319.wav,REAL,SpeechFake,SPK_Spe_079,hi,BONAFIDE,HUMAN,Phone / VoIP,g711_alaw,8000,4.21,train
data/real/speechfake_00320.wav,REAL,SpeechFake,SPK_Spe_080,hi,BONAFIDE,HUMAN,Phone / VoIP,g711_alaw,8000,4.41,train
data/real/speechfake_00321.wav,REAL,SpeechFake,SPK_Spe_081,hi,BONAFIDE,HUMAN,Phone / VoIP,g711_alaw,8000,3.89,train
data/real/speechfake_00322.wav,REAL,SpeechFake,SPK_Spe_082,hi,BONAFIDE,HUMAN,Phone / VoIP,g711_alaw,8000,3.94,test
data/real/speechfake_00323.wav,REAL,SpeechFake,SPK_Spe_083,hi,BONAFIDE,HUMAN,Phone / VoIP,g711_alaw,8000,4.14,train
data/real/speechfake_00324.wav,REAL,SpeechFake,SPK_Spe_084,hi,BONAFIDE,HUMAN,Phone / VoIP,g711_alaw,8000,3.72,train
data/real/speechfake_00325.wav,REAL,SpeechFake,SPK_Spe_085,hi,BONAFIDE,HUMAN,Phone / VoIP,g711_alaw,8000,4.7,train
data/real/speechfake_00326.wav,REAL,SpeechFake,SPK_Spe_086,hi,BONAFIDE,HUMAN,Phone / VoIP,g711_alaw,8000,4.52,test
data/real/speechfake_00327.wav,REAL,SpeechFake,SPK_Spe_087,hi,BONAFIDE,HUMAN,Phone / VoIP,g711_alaw,8000,4.03,train
data/real/speechfake_00328.wav,REAL,SpeechFake,SPK_Spe_088,hi,BONAFIDE,HUMAN,Phone / VoIP,g711_alaw,8000,4.26,train
data/real/speechfake_00329.wav,REAL,SpeechFake,SPK_Spe_089,hi,BONAFIDE,HUMAN,Phone / VoIP,g711_alaw,8000,4.21,train
data/real/speechfake_00330.wav,REAL,SpeechFake,SPK_Spe_090,hi,BONAFIDE,HUMAN,Phone / VoIP,g711_alaw,8000,3.93,train
data/real/speechfake_00331.wav,REAL,SpeechFake,SPK_Spe_091,hi,BONAFIDE,HUMAN,Phone / VoIP,g711_alaw,8000,4.83,test
data/real/speechfake_00332.wav,REAL,SpeechFake,SPK_Spe_092,hi,BONAFIDE,HUMAN,Phone / VoIP,g711_alaw,8000,4.15,validation
data/real/speechfake_00333.wav,REAL,SpeechFake,SPK_Spe_093,hi,BONAFIDE,HUMAN,Phone / VoIP,g711_alaw,8000,4.09,test
data/real/speechfake_00334.wav,REAL,SpeechFake,SPK_Spe_094,hi,BONAFIDE,HUMAN,Phone / VoIP,g711_alaw,8000,3.81,train
data/real/speechfake_00335.wav,REAL,SpeechFake,SPK_Spe_095,hi,BONAFIDE,HUMAN,Phone / VoIP,g711_alaw,8000,4.68,train
data/real/speechfake_00336.wav,REAL,SpeechFake,SPK_Spe_096,hi,BONAFIDE,HUMAN,Phone / VoIP,g711_alaw,8000,4.24,train
data/real/speechfake_00337.wav,REAL,SpeechFake,SPK_Spe_097,hi,BONAFIDE,HUMAN,Phone / VoIP,g711_alaw,8000,4.41,train
data/real/speechfake_00338.wav,REAL,SpeechFake,SPK_Spe_098,hi,BONAFIDE,HUMAN,Phone / VoIP,g711_alaw,8000,3.91,train
data/real/speechfake_00339.wav,REAL,SpeechFake,SPK_Spe_099,hi,BONAFIDE,HUMAN,Phone / VoIP,g711_alaw,8000,4.45,validation
data/real/speechfake_00340.wav,REAL,SpeechFake,SPK_Spe_100,hi,BONAFIDE,HUMAN,Phone / VoIP,g711_alaw,8000,4.78,train
data/real/speechfake_00341.wav,REAL,SpeechFake,SPK_Spe_101,hi,BONAFIDE,HUMAN,Phone / VoIP,g711_alaw,8000,3.87,validation
data/real/speechfake_00342.wav,REAL,SpeechFake,SPK_Spe_102,hi,BONAFIDE,HUMAN,Phone / VoIP,g711_alaw,8000,3.79,train
data/real/speechfake_00343.wav,REAL,SpeechFake,SPK_Spe_103,hi,BONAFIDE,HUMAN,Phone / VoIP,g711_alaw,8000,4.38,train
data/real/speechfake_00344.wav,REAL,SpeechFake,SPK_Spe_104,hi,BONAFIDE,HUMAN,Phone / VoIP,g711_alaw,8000,3.99,train
data/real/speechfake_00345.wav,REAL,SpeechFake,SPK_Spe_105,hi,BONAFIDE,HUMAN,Phone / VoIP,g711_alaw,8000,4.65,train
data/real/speechfake_00346.wav,REAL,SpeechFake,SPK_Spe_106,hi,BONAFIDE,HUMAN,Phone / VoIP,g711_alaw,8000,4.65,test
data/real/speechfake_00347.wav,REAL,SpeechFake,SPK_Spe_107,hi,BONAFIDE,HUMAN,Phone / VoIP,g711_alaw,8000,5.04,train
data/real/speechfake_00348.wav,REAL,SpeechFake,SPK_Spe_108,hi,BONAFIDE,HUMAN,Phone / VoIP,g711_alaw,8000,4.82,train
data/real/speechfake_00349.wav,REAL,SpeechFake,SPK_Spe_109,hi,BONAFIDE,HUMAN,Phone / VoIP,g711_alaw,8000,4.69,validation
data/real/speechfake_00350.wav,REAL,SpeechFake,SPK_Spe_110,hi,BONAFIDE,HUMAN,Phone / VoIP,g711_alaw,8000,4.2,train
data/real/speechfake_00351.wav,REAL,SpeechFake,SPK_Spe_111,hi,BONAFIDE,HUMAN,Phone / VoIP,g711_alaw,8000,5.01,train
data/real/speechfake_00352.wav,REAL,SpeechFake,SPK_Spe_112,hi,BONAFIDE,HUMAN,Phone / VoIP,g711_alaw,8000,4.84,test
data/real/speechfake_00353.wav,REAL,SpeechFake,SPK_Spe_113,hi,BONAFIDE,HUMAN,Phone / VoIP,g711_alaw,8000,4.77,train
data/real/speechfake_00354.wav,REAL,SpeechFake,SPK_Spe_114,hi,BONAFIDE,HUMAN,Phone / VoIP,g711_alaw,8000,4.55,train
data/real/speechfake_00355.wav,REAL,SpeechFake,SPK_Spe_115,hi,BONAFIDE,HUMAN,Phone / VoIP,g711_alaw,8000,5.26,test
data/real/speechfake_00356.wav,REAL,SpeechFake,SPK_Spe_116,hi,BONAFIDE,HUMAN,Phone / VoIP,g711_alaw,8000,4.91,train
data/real/speechfake_00357.wav,REAL,SpeechFake,SPK_Spe_117,hi,BONAFIDE,HUMAN,Phone / VoIP,g711_alaw,8000,4.45,test
data/real/speechfake_00358.wav,REAL,SpeechFake,SPK_Spe_118,hi,BONAFIDE,HUMAN,Phone / VoIP,g711_alaw,8000,3.91,train
data/real/speechfake_00359.wav,REAL,SpeechFake,SPK_Spe_119,hi,BONAFIDE,HUMAN,Phone / VoIP,g711_alaw,8000,5.0,train
data/real/speechfake_00360.wav,REAL,SpeechFake,SPK_Spe_000,hi,BONAFIDE,HUMAN,Phone / VoIP,g711_alaw,8000,5.17,train
data/real/speechfake_00361.wav,REAL,SpeechFake,SPK_Spe_001,hi,BONAFIDE,HUMAN,Phone / VoIP,g711_alaw,8000,4.45,train
data/real/speechfake_00362.wav,REAL,SpeechFake,SPK_Spe_002,hi,BONAFIDE,HUMAN,Phone / VoIP,g711_alaw,8000,4.43,train
data/real/speechfake_00363.wav,REAL,SpeechFake,SPK_Spe_003,hi,BONAFIDE,HUMAN,Phone / VoIP,g711_alaw,8000,4.8,train
data/real/speechfake_00364.wav,REAL,SpeechFake,SPK_Spe_004,hi,BONAFIDE,HUMAN,Phone / VoIP,g711_alaw,8000,4.84,train
data/real/speechfake_00365.wav,REAL,SpeechFake,SPK_Spe_005,hi,BONAFIDE,HUMAN,Phone / VoIP,g711_alaw,8000,4.44,validation
data/real/speechfake_00366.wav,REAL,SpeechFake,SPK_Spe_006,hi,BONAFIDE,HUMAN,Phone / VoIP,g711_alaw,8000,4.07,validation
data/real/speechfake_00367.wav,REAL,SpeechFake,SPK_Spe_007,hi,BONAFIDE,HUMAN,Phone / VoIP,g711_alaw,8000,4.06,validation
data/real/speechfake_00368.wav,REAL,SpeechFake,SPK_Spe_008,hi,BONAFIDE,HUMAN,Phone / VoIP,g711_alaw,8000,5.08,train
data/real/speechfake_00369.wav,REAL,SpeechFake,SPK_Spe_009,hi,BONAFIDE,HUMAN,Phone / VoIP,g711_alaw,8000,4.69,train
data/real/speechfake_00370.wav,REAL,SpeechFake,SPK_Spe_010,hi,BONAFIDE,HUMAN,Phone / VoIP,g711_alaw,8000,5.16,train
data/real/speechfake_00371.wav,REAL,SpeechFake,SPK_Spe_011,hi,BONAFIDE,HUMAN,Phone / VoIP,g711_alaw,8000,4.33,train
data/real/speechfake_00372.wav,REAL,SpeechFake,SPK_Spe_012,hi,BONAFIDE,HUMAN,Phone / VoIP,g711_alaw,8000,4.82,validation
data/real/speechfake_00373.wav,REAL,SpeechFake,SPK_Spe_013,hi,BONAFIDE,HUMAN,Phone / VoIP,g711_alaw,8000,4.76,train
data/real/speechfake_00374.wav,REAL,SpeechFake,SPK_Spe_014,hi,BONAFIDE,HUMAN,Phone / VoIP,g711_alaw,8000,4.96,train
data/real/speechfake_00375.wav,REAL,SpeechFake,SPK_Spe_015,hi,BONAFIDE,HUMAN,Phone / VoIP,g711_alaw,8000,5.11,train
data/real/speechfake_00376.wav,REAL,SpeechFake,SPK_Spe_016,hi,BONAFIDE,HUMAN,Phone / VoIP,g711_alaw,8000,4.43,train
data/real/speechfake_00377.wav,REAL,SpeechFake,SPK_Spe_017,hi,BONAFIDE,HUMAN,Phone / VoIP,g711_alaw,8000,3.75,train
data/real/speechfake_00378.wav,REAL,SpeechFake,SPK_Spe_018,hi,BONAFIDE,HUMAN,Phone / VoIP,g711_alaw,8000,4.46,validation
data/real/speechfake_00379.wav,REAL,SpeechFake,SPK_Spe_019,hi,BONAFIDE,HUMAN,Phone / VoIP,g711_alaw,8000,4.26,test
data/real/speechfake_00380.wav,REAL,SpeechFake,SPK_Spe_020,hi,BONAFIDE,HUMAN,Phone / VoIP,g711_alaw,8000,4.44,train
data/real/speechfake_00381.wav,REAL,SpeechFake,SPK_Spe_021,hi,BONAFIDE,HUMAN,Phone / VoIP,g711_alaw,8000,3.97,test
data/real/speechfake_00382.wav,REAL,SpeechFake,SPK_Spe_022,hi,BONAFIDE,HUMAN,Phone / VoIP,g711_alaw,8000,4.93,train
data/real/speechfake_00383.wav,REAL,SpeechFake,SPK_Spe_023,hi,BONAFIDE,HUMAN,Phone / VoIP,g711_alaw,8000,4.67,validation
data/real/speechfake_00384.wav,REAL,SpeechFake,SPK_Spe_024,hi,BONAFIDE,HUMAN,Phone / VoIP,g711_alaw,8000,3.9,test
data/real/speechfake_00385.wav,REAL,SpeechFake,SPK_Spe_025,hi,BONAFIDE,HUMAN,Phone / VoIP,g711_alaw,8000,3.86,train
data/real/speechfake_00386.wav,REAL,SpeechFake,SPK_Spe_026,hi,BONAFIDE,HUMAN,Phone / VoIP,g711_alaw,8000,5.01,train
data/real/speechfake_00387.wav,REAL,SpeechFake,SPK_Spe_027,hi,BONAFIDE,HUMAN,Phone / VoIP,g711_alaw,8000,4.97,validation
data/real/speechfake_00388.wav,REAL,SpeechFake,SPK_Spe_028,hi,BONAFIDE,HUMAN,Phone / VoIP,g711_alaw,8000,4.22,train
data/real/speechfake_00389.wav,REAL,SpeechFake,SPK_Spe_029,hi,BONAFIDE,HUMAN,Phone / VoIP,g711_alaw,8000,4.74,train
data/real/speechfake_00390.wav,REAL,SpeechFake,SPK_Spe_030,hi,BONAFIDE,HUMAN,Phone / VoIP,g711_alaw,8000,4.97,validation
data/real/speechfake_00391.wav,REAL,SpeechFake,SPK_Spe_031,hi,BONAFIDE,HUMAN,Phone / VoIP,g711_alaw,8000,4.55,train
data/real/speechfake_00392.wav,REAL,SpeechFake,SPK_Spe_032,hi,BONAFIDE,HUMAN,Phone / VoIP,g711_alaw,8000,4.34,validation
data/real/speechfake_00393.wav,REAL,SpeechFake,SPK_Spe_033,hi,BONAFIDE,HUMAN,Phone / VoIP,g711_alaw,8000,4.36,validation
data/real/speechfake_00394.wav,REAL,SpeechFake,SPK_Spe_034,hi,BONAFIDE,HUMAN,Phone / VoIP,g711_alaw,8000,4.69,train
data/real/speechfake_00395.wav,REAL,SpeechFake,SPK_Spe_035,hi,BONAFIDE,HUMAN,Phone / VoIP,g711_alaw,8000,4.58,train
data/real/speechfake_00396.wav,REAL,SpeechFake,SPK_Spe_036,hi,BONAFIDE,HUMAN,Phone / VoIP,g711_alaw,8000,5.26,train
data/real/speechfake_00397.wav,REAL,SpeechFake,SPK_Spe_037,hi,BONAFIDE,HUMAN,Phone / VoIP,g711_alaw,8000,4.31,train
data/real/speechfake_00398.wav,REAL,SpeechFake,SPK_Spe_038,hi,BONAFIDE,HUMAN,Phone / VoIP,g711_alaw,8000,4.25,train
data/real/speechfake_00399.wav,REAL,SpeechFake,SPK_Spe_039,hi,BONAFIDE,HUMAN,Phone / VoIP,g711_alaw,8000,5.0,train
data/real/speechfake_00400.wav,REAL,SpeechFake,SPK_Spe_040,hi,BONAFIDE,HUMAN,Phone / VoIP,g711_alaw,8000,4.65,test
data/real/speechfake_00401.wav,REAL,SpeechFake,SPK_Spe_041,hi,BONAFIDE,HUMAN,Phone / VoIP,g711_alaw,8000,4.95,train
data/real/speechfake_00402.wav,REAL,SpeechFake,SPK_Spe_042,hi,BONAFIDE,HUMAN,Phone / VoIP,g711_alaw,8000,4.4,train
data/real/speechfake_00403.wav,REAL,SpeechFake,SPK_Spe_043,hi,BONAFIDE,HUMAN,Phone / VoIP,g711_alaw,8000,4.96,train
data/real/speechfake_00404.wav,REAL,SpeechFake,SPK_Spe_044,hi,BONAFIDE,HUMAN,Phone / VoIP,g711_alaw,8000,4.57,train
data/real/speechfake_00405.wav,REAL,SpeechFake,SPK_Spe_045,hi,BONAFIDE,HUMAN,Phone / VoIP,g711_alaw,8000,4.08,train
data/real/speechfake_00406.wav,REAL,SpeechFake,SPK_Spe_046,hi,BONAFIDE,HUMAN,Phone / VoIP,g711_alaw,8000,4.76,train
data/real/speechfake_00407.wav,REAL,SpeechFake,SPK_Spe_047,hi,BONAFIDE,HUMAN,Phone / VoIP,g711_alaw,8000,3.82,test
data/real/speechfake_00408.wav,REAL,SpeechFake,SPK_Spe_048,hi,BONAFIDE,HUMAN,Phone / VoIP,g711_alaw,8000,5.19,validation
data/real/speechfake_00409.wav,REAL,SpeechFake,SPK_Spe_049,hi,BONAFIDE,HUMAN,Phone / VoIP,g711_alaw,8000,4.62,validation
data/real/speechfake_00410.wav,REAL,SpeechFake,SPK_Spe_050,hi,BONAFIDE,HUMAN,Phone / VoIP,g711_alaw,8000,4.48,train
data/real/speechfake_00411.wav,REAL,SpeechFake,SPK_Spe_051,hi,BONAFIDE,HUMAN,Phone / VoIP,g711_alaw,8000,4.65,train
data/real/speechfake_00412.wav,REAL,SpeechFake,SPK_Spe_052,hi,BONAFIDE,HUMAN,Phone / VoIP,g711_alaw,8000,4.44,test
data/real/speechfake_00413.wav,REAL,SpeechFake,SPK_Spe_053,hi,BONAFIDE,HUMAN,Phone / VoIP,g711_alaw,8000,4.59,train
data/real/speechfake_00414.wav,REAL,SpeechFake,SPK_Spe_054,hi,BONAFIDE,HUMAN,Phone / VoIP,g711_alaw,8000,5.02,train
data/real/speechfake_00415.wav,REAL,SpeechFake,SPK_Spe_055,hi,BONAFIDE,HUMAN,Phone / VoIP,g711_alaw,8000,3.98,validation
data/real/speechfake_00416.wav,REAL,SpeechFake,SPK_Spe_056,hi,BONAFIDE,HUMAN,Phone / VoIP,g711_alaw,8000,5.23,train
data/real/speechfake_00417.wav,REAL,SpeechFake,SPK_Spe_057,hi,BONAFIDE,HUMAN,Phone / VoIP,g711_alaw,8000,3.81,train
data/real/speechfake_00418.wav,REAL,SpeechFake,SPK_Spe_058,hi,BONAFIDE,HUMAN,Phone / VoIP,g711_alaw,8000,3.87,test
data/real/speechfake_00419.wav,REAL,SpeechFake,SPK_Spe_059,hi,BONAFIDE,HUMAN,Phone / VoIP,g711_alaw,8000,5.0,train
data/real/speechfake_00420.wav,REAL,SpeechFake,SPK_Spe_060,hi,BONAFIDE,HUMAN,Phone / VoIP,g711_alaw,8000,4.93,train
data/real/speechfake_00421.wav,REAL,SpeechFake,SPK_Spe_061,hi,BONAFIDE,HUMAN,Phone / VoIP,g711_alaw,8000,4.31,train
data/real/speechfake_00422.wav,REAL,SpeechFake,SPK_Spe_062,hi,BONAFIDE,HUMAN,Phone / VoIP,g711_alaw,8000,4.49,train
data/real/speechfake_00423.wav,REAL,SpeechFake,SPK_Spe_063,hi,BONAFIDE,HUMAN,Phone / VoIP,g711_alaw,8000,4.76,train
data/real/speechfake_00424.wav,REAL,SpeechFake,SPK_Spe_064,hi,BONAFIDE,HUMAN,Phone / VoIP,g711_alaw,8000,3.84,test
data/real/speechfake_00425.wav,REAL,SpeechFake,SPK_Spe_065,hi,BONAFIDE,HUMAN,Phone / VoIP,g711_alaw,8000,5.01,train
data/real/speechfake_00426.wav,REAL,SpeechFake,SPK_Spe_066,hi,BONAFIDE,HUMAN,Phone / VoIP,g711_alaw,8000,5.12,test
data/real/speechfake_00427.wav,REAL,SpeechFake,SPK_Spe_067,hi,BONAFIDE,HUMAN,Phone / VoIP,g711_alaw,8000,5.15,test
data/real/speechfake_00428.wav,REAL,SpeechFake,SPK_Spe_068,hi,BONAFIDE,HUMAN,Phone / VoIP,g711_alaw,8000,4.72,train
data/real/speechfake_00429.wav,REAL,SpeechFake,SPK_Spe_069,hi,BONAFIDE,HUMAN,Phone / VoIP,g711_alaw,8000,3.7,test
data/real/speechfake_00430.wav,REAL,SpeechFake,SPK_Spe_070,hi,BONAFIDE,HUMAN,Phone / VoIP,g711_alaw,8000,3.93,train
data/real/speechfake_00431.wav,REAL,SpeechFake,SPK_Spe_071,hi,BONAFIDE,HUMAN,Phone / VoIP,g711_alaw,8000,3.94,train
data/real/speechfake_00432.wav,REAL,SpeechFake,SPK_Spe_072,hi,BONAFIDE,HUMAN,Phone / VoIP,g711_alaw,8000,4.55,train
data/real/speechfake_00433.wav,REAL,SpeechFake,SPK_Spe_073,hi,BONAFIDE,HUMAN,Phone / VoIP,g711_alaw,8000,4.32,train
data/real/speechfake_00434.wav,REAL,SpeechFake,SPK_Spe_074,hi,BONAFIDE,HUMAN,Phone / VoIP,g711_alaw,8000,4.62,test
data/real/speechfake_00435.wav,REAL,SpeechFake,SPK_Spe_075,hi,BONAFIDE,HUMAN,Phone / VoIP,g711_alaw,8000,4.01,train
data/real/speechfake_00436.wav,REAL,SpeechFake,SPK_Spe_076,hi,BONAFIDE,HUMAN,Phone / VoIP,g711_alaw,8000,4.79,train
data/real/speechfake_00437.wav,REAL,SpeechFake,SPK_Spe_077,hi,BONAFIDE,HUMAN,Phone / VoIP,g711_alaw,8000,4.21,train
data/real/speechfake_00438.wav,REAL,SpeechFake,SPK_Spe_078,hi,BONAFIDE,HUMAN,Phone / VoIP,g711_alaw,8000,4.61,train
data/real/speechfake_00439.wav,REAL,SpeechFake,SPK_Spe_079,hi,BONAFIDE,HUMAN,Phone / VoIP,g711_alaw,8000,5.16,train
data/real/speechfake_00440.wav,REAL,SpeechFake,SPK_Spe_080,hi,BONAFIDE,HUMAN,Phone / VoIP,g711_alaw,8000,4.19,train
data/real/speechfake_00441.wav,REAL,SpeechFake,SPK_Spe_081,hi,BONAFIDE,HUMAN,Phone / VoIP,g711_alaw,8000,5.21,train
data/real/speechfake_00442.wav,REAL,SpeechFake,SPK_Spe_082,hi,BONAFIDE,HUMAN,Phone / VoIP,g711_alaw,8000,4.4,test
data/real/speechfake_00443.wav,REAL,SpeechFake,SPK_Spe_083,hi,BONAFIDE,HUMAN,Phone / VoIP,g711_alaw,8000,5.27,train
data/real/speechfake_00444.wav,REAL,SpeechFake,SPK_Spe_084,hi,BONAFIDE,HUMAN,Phone / VoIP,g711_alaw,8000,4.25,train
data/real/speechfake_00445.wav,REAL,SpeechFake,SPK_Spe_085,hi,BONAFIDE,HUMAN,Phone / VoIP,g711_alaw,8000,3.84,train
data/real/speechfake_00446.wav,REAL,SpeechFake,SPK_Spe_086,hi,BONAFIDE,HUMAN,Phone / VoIP,g711_alaw,8000,3.71,test
data/real/speechfake_00447.wav,REAL,SpeechFake,SPK_Spe_087,hi,BONAFIDE,HUMAN,Phone / VoIP,g711_alaw,8000,5.28,train
data/real/speechfake_00448.wav,REAL,SpeechFake,SPK_Spe_088,hi,BONAFIDE,HUMAN,Phone / VoIP,g711_alaw,8000,4.35,train
data/real/speechfake_00449.wav,REAL,SpeechFake,SPK_Spe_089,hi,BONAFIDE,HUMAN,Phone / VoIP,g711_alaw,8000,3.9,train
data/real/speechfake_00450.wav,REAL,SpeechFake,SPK_Spe_090,hi,BONAFIDE,HUMAN,Phone / VoIP,g711_alaw,8000,4.17,train
data/real/speechfake_00451.wav,REAL,SpeechFake,SPK_Spe_091,hi,BONAFIDE,HUMAN,Phone / VoIP,g711_alaw,8000,4.29,test
data/real/speechfake_00452.wav,REAL,SpeechFake,SPK_Spe_092,hi,BONAFIDE,HUMAN,Phone / VoIP,g711_alaw,8000,4.58,validation
data/real/speechfake_00453.wav,REAL,SpeechFake,SPK_Spe_093,hi,BONAFIDE,HUMAN,Phone / VoIP,g711_alaw,8000,3.79,test
data/real/speechfake_00454.wav,REAL,SpeechFake,SPK_Spe_094,hi,BONAFIDE,HUMAN,Phone / VoIP,g711_alaw,8000,4.83,train
data/real/speechfake_00455.wav,REAL,SpeechFake,SPK_Spe_095,hi,BONAFIDE,HUMAN,Phone / VoIP,g711_alaw,8000,5.01,train
data/real/speechfake_00456.wav,REAL,SpeechFake,SPK_Spe_096,hi,BONAFIDE,HUMAN,Phone / VoIP,g711_alaw,8000,4.27,train
data/real/speechfake_00457.wav,REAL,SpeechFake,SPK_Spe_097,hi,BONAFIDE,HUMAN,Phone / VoIP,g711_alaw,8000,5.08,train
data/real/speechfake_00458.wav,REAL,SpeechFake,SPK_Spe_098,hi,BONAFIDE,HUMAN,Phone / VoIP,g711_alaw,8000,5.09,train
data/real/speechfake_00459.wav,REAL,SpeechFake,SPK_Spe_099,hi,BONAFIDE,HUMAN,Phone / VoIP,g711_alaw,8000,4.08,validation
data/real/speechfake_00460.wav,REAL,SpeechFake,SPK_Spe_100,hi,BONAFIDE,HUMAN,Phone / VoIP,g711_alaw,8000,4.82,train
data/real/speechfake_00461.wav,REAL,SpeechFake,SPK_Spe_101,hi,BONAFIDE,HUMAN,Phone / VoIP,g711_alaw,8000,4.33,validation
data/real/speechfake_00462.wav,REAL,SpeechFake,SPK_Spe_102,hi,BONAFIDE,HUMAN,Phone / VoIP,g711_alaw,8000,4.21,train
data/real/speechfake_00463.wav,REAL,SpeechFake,SPK_Spe_103,hi,BONAFIDE,HUMAN,Phone / VoIP,g711_alaw,8000,4.31,train
data/real/speechfake_00464.wav,REAL,SpeechFake,SPK_Spe_104,hi,BONAFIDE,HUMAN,Phone / VoIP,g711_alaw,8000,4.31,train
data/real/speechfake_00465.wav,REAL,SpeechFake,SPK_Spe_105,hi,BONAFIDE,HUMAN,Phone / VoIP,g711_alaw,8000,4.57,train
data/real/speechfake_00466.wav,REAL,SpeechFake,SPK_Spe_106,hi,BONAFIDE,HUMAN,Phone / VoIP,g711_alaw,8000,4.76,test
data/real/speechfake_00467.wav,REAL,SpeechFake,SPK_Spe_107,hi,BONAFIDE,HUMAN,Phone / VoIP,g711_alaw,8000,4.46,train
data/real/speechfake_00468.wav,REAL,SpeechFake,SPK_Spe_108,hi,BONAFIDE,HUMAN,Phone / VoIP,g711_alaw,8000,4.0,train
data/real/speechfake_00469.wav,REAL,SpeechFake,SPK_Spe_109,hi,BONAFIDE,HUMAN,Phone / VoIP,g711_alaw,8000,4.32,validation
data/real/speechfake_00470.wav,REAL,SpeechFake,SPK_Spe_110,hi,BONAFIDE,HUMAN,Phone / VoIP,g711_alaw,8000,5.18,train
data/real/speechfake_00471.wav,REAL,SpeechFake,SPK_Spe_111,hi,BONAFIDE,HUMAN,Phone / VoIP,g711_alaw,8000,5.04,train
data/real/speechfake_00472.wav,REAL,SpeechFake,SPK_Spe_112,hi,BONAFIDE,HUMAN,Phone / VoIP,g711_alaw,8000,3.95,test
data/real/speechfake_00473.wav,REAL,SpeechFake,SPK_Spe_113,hi,BONAFIDE,HUMAN,Phone / VoIP,g711_alaw,8000,5.3,train
data/real/speechfake_00474.wav,REAL,SpeechFake,SPK_Spe_114,hi,BONAFIDE,HUMAN,Phone / VoIP,g711_alaw,8000,4.77,train
data/real/speechfake_00475.wav,REAL,SpeechFake,SPK_Spe_115,hi,BONAFIDE,HUMAN,Phone / VoIP,g711_alaw,8000,3.91,test
data/real/speechfake_00476.wav,REAL,SpeechFake,SPK_Spe_116,hi,BONAFIDE,HUMAN,Phone / VoIP,g711_alaw,8000,3.81,train
data/real/speechfake_00477.wav,REAL,SpeechFake,SPK_Spe_117,hi,BONAFIDE,HUMAN,Phone / VoIP,g711_alaw,8000,3.73,test
data/real/speechfake_00478.wav,REAL,SpeechFake,SPK_Spe_118,hi,BONAFIDE,HUMAN,Phone / VoIP,g711_alaw,8000,4.85,train
data/real/speechfake_00479.wav,REAL,SpeechFake,SPK_Spe_119,hi,BONAFIDE,HUMAN,Phone / VoIP,g711_alaw,8000,4.48,train
data/real/speechfake_00480.wav,REAL,SpeechFake,SPK_Spe_000,hi,BONAFIDE,HUMAN,Phone / VoIP,g711_alaw,8000,4.4,train
data/real/speechfake_00481.wav,REAL,SpeechFake,SPK_Spe_001,hi,BONAFIDE,HUMAN,Phone / VoIP,g711_alaw,8000,5.28,train
data/real/speechfake_00482.wav,REAL,SpeechFake,SPK_Spe_002,hi,BONAFIDE,HUMAN,Phone / VoIP,g711_alaw,8000,3.84,train
data/real/speechfake_00483.wav,REAL,SpeechFake,SPK_Spe_003,hi,BONAFIDE,HUMAN,Phone / VoIP,g711_alaw,8000,4.73,train
data/real/speechfake_00484.wav,REAL,SpeechFake,SPK_Spe_004,hi,BONAFIDE,HUMAN,Phone / VoIP,g711_alaw,8000,4.37,train
data/real/speechfake_00485.wav,REAL,SpeechFake,SPK_Spe_005,hi,BONAFIDE,HUMAN,Phone / VoIP,g711_alaw,8000,4.43,validation
data/real/speechfake_00486.wav,REAL,SpeechFake,SPK_Spe_006,hi,BONAFIDE,HUMAN,Phone / VoIP,g711_alaw,8000,4.96,validation
data/real/speechfake_00487.wav,REAL,SpeechFake,SPK_Spe_007,hi,BONAFIDE,HUMAN,Phone / VoIP,g711_alaw,8000,4.67,validation
data/real/speechfake_00488.wav,REAL,SpeechFake,SPK_Spe_008,hi,BONAFIDE,HUMAN,Phone / VoIP,g711_alaw,8000,4.38,train
data/real/speechfake_00489.wav,REAL,SpeechFake,SPK_Spe_009,hi,BONAFIDE,HUMAN,Phone / VoIP,g711_alaw,8000,3.99,train
data/real/speechfake_00490.wav,REAL,SpeechFake,SPK_Spe_010,hi,BONAFIDE,HUMAN,Phone / VoIP,g711_alaw,8000,4.52,train
data/real/speechfake_00491.wav,REAL,SpeechFake,SPK_Spe_011,hi,BONAFIDE,HUMAN,Phone / VoIP,g711_alaw,8000,4.58,train
data/real/speechfake_00492.wav,REAL,SpeechFake,SPK_Spe_012,hi,BONAFIDE,HUMAN,Phone / VoIP,g711_alaw,8000,4.42,validation
data/real/speechfake_00493.wav,REAL,SpeechFake,SPK_Spe_013,hi,BONAFIDE,HUMAN,Phone / VoIP,g711_alaw,8000,4.27,train
data/real/speechfake_00494.wav,REAL,SpeechFake,SPK_Spe_014,hi,BONAFIDE,HUMAN,Phone / VoIP,g711_alaw,8000,4.0,train
data/real/speechfake_00495.wav,REAL,SpeechFake,SPK_Spe_015,hi,BONAFIDE,HUMAN,Phone / VoIP,g711_alaw,8000,4.67,train
data/real/speechfake_00496.wav,REAL,SpeechFake,SPK_Spe_016,hi,BONAFIDE,HUMAN,Phone / VoIP,g711_alaw,8000,4.62,train
data/real/speechfake_00497.wav,REAL,SpeechFake,SPK_Spe_017,hi,BONAFIDE,HUMAN,Phone / VoIP,g711_alaw,8000,5.05,train
data/real/speechfake_00498.wav,REAL,SpeechFake,SPK_Spe_018,hi,BONAFIDE,HUMAN,Phone / VoIP,g711_alaw,8000,4.08,validation
data/real/speechfake_00499.wav,REAL,SpeechFake,SPK_Spe_019,hi,BONAFIDE,HUMAN,Phone / VoIP,g711_alaw,8000,4.5,test
data/real/speechfake_00500.wav,REAL,SpeechFake,SPK_Spe_020,hi,BONAFIDE,HUMAN,Phone / VoIP,g711_alaw,8000,4.36,train
data/real/speechfake_00501.wav,REAL,SpeechFake,SPK_Spe_021,hi,BONAFIDE,HUMAN,Phone / VoIP,g711_alaw,8000,4.57,test
data/real/speechfake_00502.wav,REAL,SpeechFake,SPK_Spe_022,hi,BONAFIDE,HUMAN,Phone / VoIP,g711_alaw,8000,4.29,train
data/real/speechfake_00503.wav,REAL,SpeechFake,SPK_Spe_023,hi,BONAFIDE,HUMAN,Phone / VoIP,g711_alaw,8000,5.27,validation
data/real/speechfake_00504.wav,REAL,SpeechFake,SPK_Spe_024,hi,BONAFIDE,HUMAN,Phone / VoIP,g711_alaw,8000,4.61,test
data/real/speechfake_00505.wav,REAL,SpeechFake,SPK_Spe_025,hi,BONAFIDE,HUMAN,Phone / VoIP,g711_alaw,8000,4.83,train
data/real/speechfake_00506.wav,REAL,SpeechFake,SPK_Spe_026,hi,BONAFIDE,HUMAN,Phone / VoIP,g711_alaw,8000,3.88,train
data/real/speechfake_00507.wav,REAL,SpeechFake,SPK_Spe_027,hi,BONAFIDE,HUMAN,Phone / VoIP,g711_alaw,8000,4.47,validation
data/real/speechfake_00508.wav,REAL,SpeechFake,SPK_Spe_028,hi,BONAFIDE,HUMAN,Phone / VoIP,g711_alaw,8000,4.8,train
data/real/speechfake_00509.wav,REAL,SpeechFake,SPK_Spe_029,hi,BONAFIDE,HUMAN,Phone / VoIP,g711_alaw,8000,3.93,train
data/real/speechfake_00510.wav,REAL,SpeechFake,SPK_Spe_030,hi,BONAFIDE,HUMAN,Phone / VoIP,g711_alaw,8000,4.87,validation
data/real/speechfake_00511.wav,REAL,SpeechFake,SPK_Spe_031,hi,BONAFIDE,HUMAN,Phone / VoIP,g711_alaw,8000,5.27,train
data/real/speechfake_00512.wav,REAL,SpeechFake,SPK_Spe_032,hi,BONAFIDE,HUMAN,Phone / VoIP,g711_alaw,8000,5.27,validation
data/real/speechfake_00513.wav,REAL,SpeechFake,SPK_Spe_033,hi,BONAFIDE,HUMAN,Phone / VoIP,g711_alaw,8000,4.95,validation
data/real/speechfake_00514.wav,REAL,SpeechFake,SPK_Spe_034,hi,BONAFIDE,HUMAN,Phone / VoIP,g711_alaw,8000,4.44,train
data/real/speechfake_00515.wav,REAL,SpeechFake,SPK_Spe_035,hi,BONAFIDE,HUMAN,Phone / VoIP,g711_alaw,8000,3.83,train
data/real/speechfake_00516.wav,REAL,SpeechFake,SPK_Spe_036,hi,BONAFIDE,HUMAN,Phone / VoIP,g711_alaw,8000,5.12,train
data/real/speechfake_00517.wav,REAL,SpeechFake,SPK_Spe_037,hi,BONAFIDE,HUMAN,Phone / VoIP,g711_alaw,8000,3.84,train
data/real/speechfake_00518.wav,REAL,SpeechFake,SPK_Spe_038,hi,BONAFIDE,HUMAN,Phone / VoIP,g711_alaw,8000,4.46,train
data/real/speechfake_00519.wav,REAL,SpeechFake,SPK_Spe_039,hi,BONAFIDE,HUMAN,Phone / VoIP,g711_alaw,8000,4.89,train
data/real/speechfake_00520.wav,REAL,SpeechFake,SPK_Spe_040,hi,BONAFIDE,HUMAN,Phone / VoIP,g711_alaw,8000,5.24,test
data/real/speechfake_00521.wav,REAL,SpeechFake,SPK_Spe_041,hi,BONAFIDE,HUMAN,Phone / VoIP,g711_alaw,8000,3.82,train
data/real/speechfake_00522.wav,REAL,SpeechFake,SPK_Spe_042,hi,BONAFIDE,HUMAN,Phone / VoIP,g711_alaw,8000,4.71,train
data/real/speechfake_00523.wav,REAL,SpeechFake,SPK_Spe_043,hi,BONAFIDE,HUMAN,Phone / VoIP,g711_alaw,8000,4.98,train
data/real/speechfake_00524.wav,REAL,SpeechFake,SPK_Spe_044,hi,BONAFIDE,HUMAN,Phone / VoIP,g711_alaw,8000,4.2,train
data/real/speechfake_00525.wav,REAL,SpeechFake,SPK_Spe_045,hi,BONAFIDE,HUMAN,Phone / VoIP,g711_alaw,8000,3.78,train
data/real/speechfake_00526.wav,REAL,SpeechFake,SPK_Spe_046,hi,BONAFIDE,HUMAN,Phone / VoIP,g711_alaw,8000,4.25,train
data/real/speechfake_00527.wav,REAL,SpeechFake,SPK_Spe_047,hi,BONAFIDE,HUMAN,Phone / VoIP,g711_alaw,8000,4.95,test
data/real/speechfake_00528.wav,REAL,SpeechFake,SPK_Spe_048,hi,BONAFIDE,HUMAN,Phone / VoIP,g711_alaw,8000,4.45,validation
data/real/speechfake_00529.wav,REAL,SpeechFake,SPK_Spe_049,hi,BONAFIDE,HUMAN,Phone / VoIP,g711_alaw,8000,4.52,validation
data/real/speechfake_00530.wav,REAL,SpeechFake,SPK_Spe_050,hi,BONAFIDE,HUMAN,Phone / VoIP,g711_alaw,8000,4.45,train
data/real/speechfake_00531.wav,REAL,SpeechFake,SPK_Spe_051,hi,BONAFIDE,HUMAN,Phone / VoIP,g711_alaw,8000,4.87,train
data/real/speechfake_00532.wav,REAL,SpeechFake,SPK_Spe_052,hi,BONAFIDE,HUMAN,Phone / VoIP,g711_alaw,8000,4.37,test
data/real/speechfake_00533.wav,REAL,SpeechFake,SPK_Spe_053,hi,BONAFIDE,HUMAN,Phone / VoIP,g711_alaw,8000,5.24,train
data/real/speechfake_00534.wav,REAL,SpeechFake,SPK_Spe_054,hi,BONAFIDE,HUMAN,Phone / VoIP,g711_alaw,8000,4.98,train
data/real/speechfake_00535.wav,REAL,SpeechFake,SPK_Spe_055,hi,BONAFIDE,HUMAN,Phone / VoIP,g711_alaw,8000,4.16,validation
data/real/speechfake_00536.wav,REAL,SpeechFake,SPK_Spe_056,hi,BONAFIDE,HUMAN,Phone / VoIP,g711_alaw,8000,3.76,train
data/real/speechfake_00537.wav,REAL,SpeechFake,SPK_Spe_057,hi,BONAFIDE,HUMAN,Phone / VoIP,g711_alaw,8000,5.18,train
data/real/speechfake_00538.wav,REAL,SpeechFake,SPK_Spe_058,hi,BONAFIDE,HUMAN,Phone / VoIP,g711_alaw,8000,4.9,test
data/real/speechfake_00539.wav,REAL,SpeechFake,SPK_Spe_059,hi,BONAFIDE,HUMAN,Phone / VoIP,g711_alaw,8000,4.86,train
data/real/speechfake_00540.wav,REAL,SpeechFake,SPK_Spe_060,hi,BONAFIDE,HUMAN,Phone / VoIP,g711_alaw,8000,4.6,train
data/real/speechfake_00541.wav,REAL,SpeechFake,SPK_Spe_061,hi,BONAFIDE,HUMAN,Phone / VoIP,g711_alaw,8000,3.8,train
data/real/speechfake_00542.wav,REAL,SpeechFake,SPK_Spe_062,hi,BONAFIDE,HUMAN,Phone / VoIP,g711_alaw,8000,4.46,train
data/real/speechfake_00543.wav,REAL,SpeechFake,SPK_Spe_063,hi,BONAFIDE,HUMAN,Phone / VoIP,g711_alaw,8000,3.97,train
data/real/speechfake_00544.wav,REAL,SpeechFake,SPK_Spe_064,hi,BONAFIDE,HUMAN,Phone / VoIP,g711_alaw,8000,3.78,test
data/real/speechfake_00545.wav,REAL,SpeechFake,SPK_Spe_065,hi,BONAFIDE,HUMAN,Phone / VoIP,g711_alaw,8000,5.28,train
data/real/speechfake_00546.wav,REAL,SpeechFake,SPK_Spe_066,hi,BONAFIDE,HUMAN,Phone / VoIP,g711_alaw,8000,4.99,test
data/real/speechfake_00547.wav,REAL,SpeechFake,SPK_Spe_067,hi,BONAFIDE,HUMAN,Phone / VoIP,g711_alaw,8000,4.7,test
data/real/speechfake_00548.wav,REAL,SpeechFake,SPK_Spe_068,hi,BONAFIDE,HUMAN,Phone / VoIP,g711_alaw,8000,4.16,train
data/real/speechfake_00549.wav,REAL,SpeechFake,SPK_Spe_069,hi,BONAFIDE,HUMAN,Phone / VoIP,g711_alaw,8000,3.83,test
data/real/speechfake_00550.wav,REAL,SpeechFake,SPK_Spe_070,hi,BONAFIDE,HUMAN,Phone / VoIP,g711_alaw,8000,4.51,train
data/real/speechfake_00551.wav,REAL,SpeechFake,SPK_Spe_071,hi,BONAFIDE,HUMAN,Phone / VoIP,g711_alaw,8000,5.06,train
data/real/speechfake_00552.wav,REAL,SpeechFake,SPK_Spe_072,hi,BONAFIDE,HUMAN,Phone / VoIP,g711_alaw,8000,4.14,train
data/real/speechfake_00553.wav,REAL,SpeechFake,SPK_Spe_073,hi,BONAFIDE,HUMAN,Phone / VoIP,g711_alaw,8000,3.91,train
data/real/speechfake_00554.wav,REAL,SpeechFake,SPK_Spe_074,hi,BONAFIDE,HUMAN,Phone / VoIP,g711_alaw,8000,4.15,test
data/real/speechfake_00555.wav,REAL,SpeechFake,SPK_Spe_075,hi,BONAFIDE,HUMAN,Phone / VoIP,g711_alaw,8000,5.07,train
data/real/speechfake_00556.wav,REAL,SpeechFake,SPK_Spe_076,hi,BONAFIDE,HUMAN,Phone / VoIP,g711_alaw,8000,3.72,train
data/real/speechfake_00557.wav,REAL,SpeechFake,SPK_Spe_077,hi,BONAFIDE,HUMAN,Phone / VoIP,g711_alaw,8000,3.88,train
data/real/speechfake_00558.wav,REAL,SpeechFake,SPK_Spe_078,hi,BONAFIDE,HUMAN,Phone / VoIP,g711_alaw,8000,3.98,train
data/real/speechfake_00559.wav,REAL,SpeechFake,SPK_Spe_079,hi,BONAFIDE,HUMAN,Phone / VoIP,g711_alaw,8000,4.65,train
data/real/speechfake_00560.wav,REAL,SpeechFake,SPK_Spe_080,hi,BONAFIDE,HUMAN,Phone / VoIP,g711_alaw,8000,3.94,train
data/real/speechfake_00561.wav,REAL,SpeechFake,SPK_Spe_081,hi,BONAFIDE,HUMAN,Phone / VoIP,g711_alaw,8000,4.41,train
data/real/speechfake_00562.wav,REAL,SpeechFake,SPK_Spe_082,hi,BONAFIDE,HUMAN,Phone / VoIP,g711_alaw,8000,4.99,test
data/real/speechfake_00563.wav,REAL,SpeechFake,SPK_Spe_083,hi,BONAFIDE,HUMAN,Phone / VoIP,g711_alaw,8000,4.12,train
data/real/speechfake_00564.wav,REAL,SpeechFake,SPK_Spe_084,hi,BONAFIDE,HUMAN,Phone / VoIP,g711_alaw,8000,4.82,train
data/real/speechfake_00565.wav,REAL,SpeechFake,SPK_Spe_085,hi,BONAFIDE,HUMAN,Phone / VoIP,g711_alaw,8000,4.48,train
data/real/speechfake_00566.wav,REAL,SpeechFake,SPK_Spe_086,hi,BONAFIDE,HUMAN,Phone / VoIP,g711_alaw,8000,4.98,test
data/real/speechfake_00567.wav,REAL,SpeechFake,SPK_Spe_087,hi,BONAFIDE,HUMAN,Phone / VoIP,g711_alaw,8000,5.08,train
data/real/speechfake_00568.wav,REAL,SpeechFake,SPK_Spe_088,hi,BONAFIDE,HUMAN,Phone / VoIP,g711_alaw,8000,4.25,train
data/real/speechfake_00569.wav,REAL,SpeechFake,SPK_Spe_089,hi,BONAFIDE,HUMAN,Phone / VoIP,g711_alaw,8000,3.84,train
data/real/speechfake_00570.wav,REAL,SpeechFake,SPK_Spe_090,hi,BONAFIDE,HUMAN,Phone / VoIP,g711_alaw,8000,3.93,train
data/real/speechfake_00571.wav,REAL,SpeechFake,SPK_Spe_091,hi,BONAFIDE,HUMAN,Phone / VoIP,g711_alaw,8000,5.19,test
data/real/speechfake_00572.wav,REAL,SpeechFake,SPK_Spe_092,hi,BONAFIDE,HUMAN,Phone / VoIP,g711_alaw,8000,3.95,validation
data/real/speechfake_00573.wav,REAL,SpeechFake,SPK_Spe_093,hi,BONAFIDE,HUMAN,Phone / VoIP,g711_alaw,8000,4.49,test
data/real/speechfake_00574.wav,REAL,SpeechFake,SPK_Spe_094,hi,BONAFIDE,HUMAN,Phone / VoIP,g711_alaw,8000,5.29,train
data/real/speechfake_00575.wav,REAL,SpeechFake,SPK_Spe_095,hi,BONAFIDE,HUMAN,Phone / VoIP,g711_alaw,8000,4.93,train
data/real/speechfake_00576.wav,REAL,SpeechFake,SPK_Spe_096,hi,BONAFIDE,HUMAN,Phone / VoIP,g711_alaw,8000,4.08,train
data/real/speechfake_00577.wav,REAL,SpeechFake,SPK_Spe_097,hi,BONAFIDE,HUMAN,Phone / VoIP,g711_alaw,8000,4.4,train
data/real/speechfake_00578.wav,REAL,SpeechFake,SPK_Spe_098,hi,BONAFIDE,HUMAN,Phone / VoIP,g711_alaw,8000,4.72,train
data/real/speechfake_00579.wav,REAL,SpeechFake,SPK_Spe_099,hi,BONAFIDE,HUMAN,Phone / VoIP,g711_alaw,8000,4.04,validation
data/real/speechfake_00580.wav,REAL,SpeechFake,SPK_Spe_100,hi,BONAFIDE,HUMAN,Phone / VoIP,g711_alaw,8000,4.87,train
data/real/speechfake_00581.wav,REAL,SpeechFake,SPK_Spe_101,hi,BONAFIDE,HUMAN,Phone / VoIP,g711_alaw,8000,4.25,validation
data/real/speechfake_00582.wav,REAL,SpeechFake,SPK_Spe_102,hi,BONAFIDE,HUMAN,Phone / VoIP,g711_alaw,8000,4.73,train
data/real/speechfake_00583.wav,REAL,SpeechFake,SPK_Spe_103,hi,BONAFIDE,HUMAN,Phone / VoIP,g711_alaw,8000,4.91,train
data/real/speechfake_00584.wav,REAL,SpeechFake,SPK_Spe_104,hi,BONAFIDE,HUMAN,Phone / VoIP,g711_alaw,8000,3.89,train
data/real/speechfake_00585.wav,REAL,SpeechFake,SPK_Spe_105,hi,BONAFIDE,HUMAN,Phone / VoIP,g711_alaw,8000,3.97,train
data/real/speechfake_00586.wav,REAL,SpeechFake,SPK_Spe_106,hi,BONAFIDE,HUMAN,Phone / VoIP,g711_alaw,8000,4.34,test
data/real/speechfake_00587.wav,REAL,SpeechFake,SPK_Spe_107,hi,BONAFIDE,HUMAN,Phone / VoIP,g711_alaw,8000,4.18,train
data/real/speechfake_00588.wav,REAL,SpeechFake,SPK_Spe_108,hi,BONAFIDE,HUMAN,Phone / VoIP,g711_alaw,8000,4.89,train
data/real/speechfake_00589.wav,REAL,SpeechFake,SPK_Spe_109,hi,BONAFIDE,HUMAN,Phone / VoIP,g711_alaw,8000,4.9,validation
data/real/speechfake_00590.wav,REAL,SpeechFake,SPK_Spe_110,hi,BONAFIDE,HUMAN,Phone / VoIP,g711_alaw,8000,4.55,train
data/real/speechfake_00591.wav,REAL,SpeechFake,SPK_Spe_111,hi,BONAFIDE,HUMAN,Phone / VoIP,g711_alaw,8000,4.31,train
data/real/speechfake_00592.wav,REAL,SpeechFake,SPK_Spe_112,hi,BONAFIDE,HUMAN,Phone / VoIP,g711_alaw,8000,4.83,test
data/real/speechfake_00593.wav,REAL,SpeechFake,SPK_Spe_113,hi,BONAFIDE,HUMAN,Phone / VoIP,g711_alaw,8000,4.46,train
data/real/speechfake_00594.wav,REAL,SpeechFake,SPK_Spe_114,hi,BONAFIDE,HUMAN,Phone / VoIP,g711_alaw,8000,3.93,train
data/real/speechfake_00595.wav,REAL,SpeechFake,SPK_Spe_115,hi,BONAFIDE,HUMAN,Phone / VoIP,g711_alaw,8000,5.09,test
data/real/speechfake_00596.wav,REAL,SpeechFake,SPK_Spe_116,hi,BONAFIDE,HUMAN,Phone / VoIP,g711_alaw,8000,3.72,train
data/real/speechfake_00597.wav,REAL,SpeechFake,SPK_Spe_117,hi,BONAFIDE,HUMAN,Phone / VoIP,g711_alaw,8000,5.18,test
data/real/speechfake_00598.wav,REAL,SpeechFake,SPK_Spe_118,hi,BONAFIDE,HUMAN,Phone / VoIP,g711_alaw,8000,4.42,train
data/real/speechfake_00599.wav,REAL,SpeechFake,SPK_Spe_119,hi,BONAFIDE,HUMAN,Phone / VoIP,g711_alaw,8000,4.79,train
data/real/speechfake_00600.wav,REAL,SpeechFake,SPK_Spe_000,hi,BONAFIDE,HUMAN,Phone / VoIP,g711_alaw,8000,5.24,train
data/real/speechfake_00601.wav,REAL,SpeechFake,SPK_Spe_001,hi,BONAFIDE,HUMAN,Phone / VoIP,g711_alaw,8000,4.79,train
data/real/speechfake_00602.wav,REAL,SpeechFake,SPK_Spe_002,hi,BONAFIDE,HUMAN,Phone / VoIP,g711_alaw,8000,3.77,train
data/real/speechfake_00603.wav,REAL,SpeechFake,SPK_Spe_003,hi,BONAFIDE,HUMAN,Phone / VoIP,g711_alaw,8000,5.17,train
data/real/speechfake_00604.wav,REAL,SpeechFake,SPK_Spe_004,hi,BONAFIDE,HUMAN,Phone / VoIP,g711_alaw,8000,4.72,train
data/real/speechfake_00605.wav,REAL,SpeechFake,SPK_Spe_005,hi,BONAFIDE,HUMAN,Phone / VoIP,g711_alaw,8000,5.23,validation
data/real/speechfake_00606.wav,REAL,SpeechFake,SPK_Spe_006,hi,BONAFIDE,HUMAN,Phone / VoIP,g711_alaw,8000,4.39,validation
data/real/speechfake_00607.wav,REAL,SpeechFake,SPK_Spe_007,hi,BONAFIDE,HUMAN,Phone / VoIP,g711_alaw,8000,5.17,validation
data/real/speechfake_00608.wav,REAL,SpeechFake,SPK_Spe_008,hi,BONAFIDE,HUMAN,Phone / VoIP,g711_alaw,8000,5.07,train
data/real/speechfake_00609.wav,REAL,SpeechFake,SPK_Spe_009,hi,BONAFIDE,HUMAN,Phone / VoIP,g711_alaw,8000,4.24,train
data/real/speechfake_00610.wav,REAL,SpeechFake,SPK_Spe_010,hi,BONAFIDE,HUMAN,Phone / VoIP,g711_alaw,8000,4.13,train
data/real/speechfake_00611.wav,REAL,SpeechFake,SPK_Spe_011,hi,BONAFIDE,HUMAN,Phone / VoIP,g711_alaw,8000,3.86,train
data/real/speechfake_00612.wav,REAL,SpeechFake,SPK_Spe_012,hi,BONAFIDE,HUMAN,Phone / VoIP,g711_alaw,8000,4.75,validation
data/real/speechfake_00613.wav,REAL,SpeechFake,SPK_Spe_013,hi,BONAFIDE,HUMAN,Phone / VoIP,g711_alaw,8000,4.33,train
data/real/speechfake_00614.wav,REAL,SpeechFake,SPK_Spe_014,hi,BONAFIDE,HUMAN,Phone / VoIP,g711_alaw,8000,4.94,train
data/real/speechfake_00615.wav,REAL,SpeechFake,SPK_Spe_015,hi,BONAFIDE,HUMAN,Phone / VoIP,g711_alaw,8000,4.9,train
data/real/speechfake_00616.wav,REAL,SpeechFake,SPK_Spe_016,hi,BONAFIDE,HUMAN,Phone / VoIP,g711_alaw,8000,4.87,train
data/real/speechfake_00617.wav,REAL,SpeechFake,SPK_Spe_017,hi,BONAFIDE,HUMAN,Phone / VoIP,g711_alaw,8000,4.64,train
data/real/speechfake_00618.wav,REAL,SpeechFake,SPK_Spe_018,hi,BONAFIDE,HUMAN,Phone / VoIP,g711_alaw,8000,4.01,validation
data/real/speechfake_00619.wav,REAL,SpeechFake,SPK_Spe_019,hi,BONAFIDE,HUMAN,Phone / VoIP,g711_alaw,8000,4.24,test
data/real/speechfake_00620.wav,REAL,SpeechFake,SPK_Spe_020,hi,BONAFIDE,HUMAN,Phone / VoIP,g711_alaw,8000,4.8,train
data/real/speechfake_00621.wav,REAL,SpeechFake,SPK_Spe_021,hi,BONAFIDE,HUMAN,Phone / VoIP,g711_alaw,8000,3.99,test
data/real/speechfake_00622.wav,REAL,SpeechFake,SPK_Spe_022,hi,BONAFIDE,HUMAN,Phone / VoIP,g711_alaw,8000,4.58,train
data/real/speechfake_00623.wav,REAL,SpeechFake,SPK_Spe_023,hi,BONAFIDE,HUMAN,Phone / VoIP,g711_alaw,8000,4.78,validation
data/real/speechfake_00624.wav,REAL,SpeechFake,SPK_Spe_024,hi,BONAFIDE,HUMAN,Phone / VoIP,g711_alaw,8000,5.03,test
data/real/speechfake_00625.wav,REAL,SpeechFake,SPK_Spe_025,hi,BONAFIDE,HUMAN,Phone / VoIP,g711_alaw,8000,3.72,train
data/real/speechfake_00626.wav,REAL,SpeechFake,SPK_Spe_026,hi,BONAFIDE,HUMAN,Phone / VoIP,g711_alaw,8000,3.86,train
data/real/speechfake_00627.wav,REAL,SpeechFake,SPK_Spe_027,hi,BONAFIDE,HUMAN,Phone / VoIP,g711_alaw,8000,3.87,validation
data/real/speechfake_00628.wav,REAL,SpeechFake,SPK_Spe_028,hi,BONAFIDE,HUMAN,Phone / VoIP,g711_alaw,8000,4.41,train
data/real/speechfake_00629.wav,REAL,SpeechFake,SPK_Spe_029,hi,BONAFIDE,HUMAN,Phone / VoIP,g711_alaw,8000,4.05,train
data/real/speechfake_00630.wav,REAL,SpeechFake,SPK_Spe_030,hi,BONAFIDE,HUMAN,Phone / VoIP,g711_alaw,8000,4.15,validation
data/real/speechfake_00631.wav,REAL,SpeechFake,SPK_Spe_031,hi,BONAFIDE,HUMAN,Phone / VoIP,g711_alaw,8000,4.01,train
data/real/speechfake_00632.wav,REAL,SpeechFake,SPK_Spe_032,hi,BONAFIDE,HUMAN,Phone / VoIP,g711_alaw,8000,3.74,validation
data/real/speechfake_00633.wav,REAL,SpeechFake,SPK_Spe_033,hi,BONAFIDE,HUMAN,Phone / VoIP,g711_alaw,8000,3.85,validation
data/real/speechfake_00634.wav,REAL,SpeechFake,SPK_Spe_034,hi,BONAFIDE,HUMAN,Phone / VoIP,g711_alaw,8000,5.2,train
data/real/speechfake_00635.wav,REAL,SpeechFake,SPK_Spe_035,hi,BONAFIDE,HUMAN,Phone / VoIP,g711_alaw,8000,4.75,train
data/real/speechfake_00636.wav,REAL,SpeechFake,SPK_Spe_036,hi,BONAFIDE,HUMAN,Phone / VoIP,g711_alaw,8000,5.04,train
data/real/speechfake_00637.wav,REAL,SpeechFake,SPK_Spe_037,hi,BONAFIDE,HUMAN,Phone / VoIP,g711_alaw,8000,5.22,train
data/real/speechfake_00638.wav,REAL,SpeechFake,SPK_Spe_038,hi,BONAFIDE,HUMAN,Phone / VoIP,g711_alaw,8000,4.72,train
data/real/speechfake_00639.wav,REAL,SpeechFake,SPK_Spe_039,hi,BONAFIDE,HUMAN,Phone / VoIP,g711_alaw,8000,4.83,train
data/real/speechfake_00640.wav,REAL,SpeechFake,SPK_Spe_040,hi,BONAFIDE,HUMAN,Phone / VoIP,g711_alaw,8000,3.89,test
data/real/speechfake_00641.wav,REAL,SpeechFake,SPK_Spe_041,hi,BONAFIDE,HUMAN,Phone / VoIP,g711_alaw,8000,5.07,train
data/real/speechfake_00642.wav,REAL,SpeechFake,SPK_Spe_042,hi,BONAFIDE,HUMAN,Phone / VoIP,g711_alaw,8000,3.91,train
data/real/speechfake_00643.wav,REAL,SpeechFake,SPK_Spe_043,hi,BONAFIDE,HUMAN,Phone / VoIP,g711_alaw,8000,4.75,train
data/real/speechfake_00644.wav,REAL,SpeechFake,SPK_Spe_044,hi,BONAFIDE,HUMAN,Phone / VoIP,g711_alaw,8000,5.14,train
data/real/speechfake_00645.wav,REAL,SpeechFake,SPK_Spe_045,hi,BONAFIDE,HUMAN,Phone / VoIP,g711_alaw,8000,4.61,train
data/real/speechfake_00646.wav,REAL,SpeechFake,SPK_Spe_046,hi,BONAFIDE,HUMAN,Phone / VoIP,g711_alaw,8000,5.25,train
data/real/speechfake_00647.wav,REAL,SpeechFake,SPK_Spe_047,hi,BONAFIDE,HUMAN,Phone / VoIP,g711_alaw,8000,5.13,test
data/real/speechfake_00648.wav,REAL,SpeechFake,SPK_Spe_048,hi,BONAFIDE,HUMAN,Phone / VoIP,g711_alaw,8000,4.81,validation
data/real/speechfake_00649.wav,REAL,SpeechFake,SPK_Spe_049,hi,BONAFIDE,HUMAN,Phone / VoIP,g711_alaw,8000,4.11,validation
data/real/speechfake_00650.wav,REAL,SpeechFake,SPK_Spe_050,hi,BONAFIDE,HUMAN,Phone / VoIP,g711_alaw,8000,4.45,train
data/real/speechfake_00651.wav,REAL,SpeechFake,SPK_Spe_051,hi,BONAFIDE,HUMAN,Phone / VoIP,g711_alaw,8000,5.2,train
data/real/speechfake_00652.wav,REAL,SpeechFake,SPK_Spe_052,hi,BONAFIDE,HUMAN,Phone / VoIP,g711_alaw,8000,4.72,test
data/real/speechfake_00653.wav,REAL,SpeechFake,SPK_Spe_053,hi,BONAFIDE,HUMAN,Phone / VoIP,g711_alaw,8000,5.18,train
data/real/speechfake_00654.wav,REAL,SpeechFake,SPK_Spe_054,hi,BONAFIDE,HUMAN,Phone / VoIP,g711_alaw,8000,4.14,train
data/real/speechfake_00655.wav,REAL,SpeechFake,SPK_Spe_055,hi,BONAFIDE,HUMAN,Phone / VoIP,g711_alaw,8000,4.38,validation
data/real/speechfake_00656.wav,REAL,SpeechFake,SPK_Spe_056,hi,BONAFIDE,HUMAN,Phone / VoIP,g711_alaw,8000,5.15,train
data/real/speechfake_00657.wav,REAL,SpeechFake,SPK_Spe_057,hi,BONAFIDE,HUMAN,Phone / VoIP,g711_alaw,8000,4.93,train
data/real/speechfake_00658.wav,REAL,SpeechFake,SPK_Spe_058,hi,BONAFIDE,HUMAN,Phone / VoIP,g711_alaw,8000,4.22,test
data/real/speechfake_00659.wav,REAL,SpeechFake,SPK_Spe_059,hi,BONAFIDE,HUMAN,Phone / VoIP,g711_alaw,8000,3.96,train
data/real/speechfake_00660.wav,REAL,SpeechFake,SPK_Spe_060,hi,BONAFIDE,HUMAN,Phone / VoIP,g711_alaw,8000,3.82,train
data/real/speechfake_00661.wav,REAL,SpeechFake,SPK_Spe_061,hi,BONAFIDE,HUMAN,Phone / VoIP,g711_alaw,8000,4.94,train
data/real/speechfake_00662.wav,REAL,SpeechFake,SPK_Spe_062,hi,BONAFIDE,HUMAN,Phone / VoIP,g711_alaw,8000,4.31,train
data/real/speechfake_00663.wav,REAL,SpeechFake,SPK_Spe_063,hi,BONAFIDE,HUMAN,Phone / VoIP,g711_alaw,8000,4.23,train
data/real/speechfake_00664.wav,REAL,SpeechFake,SPK_Spe_064,hi,BONAFIDE,HUMAN,Phone / VoIP,g711_alaw,8000,3.8,test
data/real/speechfake_00665.wav,REAL,SpeechFake,SPK_Spe_065,hi,BONAFIDE,HUMAN,Phone / VoIP,g711_alaw,8000,5.23,train
data/real/speechfake_00666.wav,REAL,SpeechFake,SPK_Spe_066,hi,BONAFIDE,HUMAN,Phone / VoIP,g711_alaw,8000,4.12,test
data/real/speechfake_00667.wav,REAL,SpeechFake,SPK_Spe_067,hi,BONAFIDE,HUMAN,Phone / VoIP,g711_alaw,8000,4.4,test
data/real/speechfake_00668.wav,REAL,SpeechFake,SPK_Spe_068,hi,BONAFIDE,HUMAN,Phone / VoIP,g711_alaw,8000,4.49,train
data/real/speechfake_00669.wav,REAL,SpeechFake,SPK_Spe_069,hi,BONAFIDE,HUMAN,Phone / VoIP,g711_alaw,8000,5.19,test
data/real/speechfake_00670.wav,REAL,SpeechFake,SPK_Spe_070,hi,BONAFIDE,HUMAN,Phone / VoIP,g711_alaw,8000,4.68,train
data/real/speechfake_00671.wav,REAL,SpeechFake,SPK_Spe_071,hi,BONAFIDE,HUMAN,Phone / VoIP,g711_alaw,8000,3.99,train
data/real/speechfake_00672.wav,REAL,SpeechFake,SPK_Spe_072,hi,BONAFIDE,HUMAN,Phone / VoIP,g711_alaw,8000,4.49,train
data/real/speechfake_00673.wav,REAL,SpeechFake,SPK_Spe_073,hi,BONAFIDE,HUMAN,Phone / VoIP,g711_alaw,8000,3.93,train
data/real/speechfake_00674.wav,REAL,SpeechFake,SPK_Spe_074,hi,BONAFIDE,HUMAN,Phone / VoIP,g711_alaw,8000,4.93,test
data/real/speechfake_00675.wav,REAL,SpeechFake,SPK_Spe_075,hi,BONAFIDE,HUMAN,Phone / VoIP,g711_alaw,8000,4.05,train
data/real/speechfake_00676.wav,REAL,SpeechFake,SPK_Spe_076,hi,BONAFIDE,HUMAN,Phone / VoIP,g711_alaw,8000,4.73,train
data/real/speechfake_00677.wav,REAL,SpeechFake,SPK_Spe_077,hi,BONAFIDE,HUMAN,Phone / VoIP,g711_alaw,8000,5.16,train
data/real/speechfake_00678.wav,REAL,SpeechFake,SPK_Spe_078,hi,BONAFIDE,HUMAN,Phone / VoIP,g711_alaw,8000,4.84,train
data/real/speechfake_00679.wav,REAL,SpeechFake,SPK_Spe_079,hi,BONAFIDE,HUMAN,Phone / VoIP,g711_alaw,8000,3.87,train
data/real/speechfake_00680.wav,REAL,SpeechFake,SPK_Spe_080,hi,BONAFIDE,HUMAN,Phone / VoIP,g711_alaw,8000,3.82,train
data/real/speechfake_00681.wav,REAL,SpeechFake,SPK_Spe_081,hi,BONAFIDE,HUMAN,Phone / VoIP,g711_alaw,8000,4.61,train
data/real/speechfake_00682.wav,REAL,SpeechFake,SPK_Spe_082,hi,BONAFIDE,HUMAN,Phone / VoIP,g711_alaw,8000,4.1,test
data/real/speechfake_00683.wav,REAL,SpeechFake,SPK_Spe_083,hi,BONAFIDE,HUMAN,Phone / VoIP,g711_alaw,8000,4.41,train
data/real/speechfake_00684.wav,REAL,SpeechFake,SPK_Spe_084,hi,BONAFIDE,HUMAN,Phone / VoIP,g711_alaw,8000,5.13,train
data/real/speechfake_00685.wav,REAL,SpeechFake,SPK_Spe_085,hi,BONAFIDE,HUMAN,Phone / VoIP,g711_alaw,8000,3.94,train
data/real/speechfake_00686.wav,REAL,SpeechFake,SPK_Spe_086,hi,BONAFIDE,HUMAN,Phone / VoIP,g711_alaw,8000,4.72,test
data/real/speechfake_00687.wav,REAL,SpeechFake,SPK_Spe_087,hi,BONAFIDE,HUMAN,Phone / VoIP,g711_alaw,8000,5.19,train
data/real/speechfake_00688.wav,REAL,SpeechFake,SPK_Spe_088,hi,BONAFIDE,HUMAN,Phone / VoIP,g711_alaw,8000,4.76,train
data/real/speechfake_00689.wav,REAL,SpeechFake,SPK_Spe_089,hi,BONAFIDE,HUMAN,Phone / VoIP,g711_alaw,8000,4.13,train
data/real/speechfake_00690.wav,REAL,SpeechFake,SPK_Spe_090,hi,BONAFIDE,HUMAN,Phone / VoIP,g711_alaw,8000,4.82,train
data/real/speechfake_00691.wav,REAL,SpeechFake,SPK_Spe_091,hi,BONAFIDE,HUMAN,Phone / VoIP,g711_alaw,8000,5.15,test
data/real/speechfake_00692.wav,REAL,SpeechFake,SPK_Spe_092,hi,BONAFIDE,HUMAN,Phone / VoIP,g711_alaw,8000,4.62,validation
data/real/speechfake_00693.wav,REAL,SpeechFake,SPK_Spe_093,hi,BONAFIDE,HUMAN,Phone / VoIP,g711_alaw,8000,4.52,test
data/real/speechfake_00694.wav,REAL,SpeechFake,SPK_Spe_094,hi,BONAFIDE,HUMAN,Phone / VoIP,g711_alaw,8000,5.2,train
data/real/speechfake_00695.wav,REAL,SpeechFake,SPK_Spe_095,hi,BONAFIDE,HUMAN,Phone / VoIP,g711_alaw,8000,4.49,train
data/real/speechfake_00696.wav,REAL,SpeechFake,SPK_Spe_096,hi,BONAFIDE,HUMAN,Phone / VoIP,g711_alaw,8000,4.4,train
data/real/speechfake_00697.wav,REAL,SpeechFake,SPK_Spe_097,hi,BONAFIDE,HUMAN,Phone / VoIP,g711_alaw,8000,5.05,train
data/real/speechfake_00698.wav,REAL,SpeechFake,SPK_Spe_098,hi,BONAFIDE,HUMAN,Phone / VoIP,g711_alaw,8000,4.95,train
data/real/speechfake_00699.wav,REAL,SpeechFake,SPK_Spe_099,hi,BONAFIDE,HUMAN,Phone / VoIP,g711_alaw,8000,4.96,validation
data/real/speechfake_00700.wav,REAL,SpeechFake,SPK_Spe_100,hi,BONAFIDE,HUMAN,Phone / VoIP,g711_alaw,8000,4.56,train
data/real/genuine_pool_00001.wav,REAL,Genuine_Pool,SPK_Gen_001,en,BONAFIDE,HUMAN,Varied Microphones,pcm_16k,16000,4.21,train
data/real/genuine_pool_00002.wav,REAL,Genuine_Pool,SPK_Gen_002,en,BONAFIDE,HUMAN,Varied Microphones,pcm_16k,16000,5.73,validation
data/real/genuine_pool_00003.wav,REAL,Genuine_Pool,SPK_Gen_003,en,BONAFIDE,HUMAN,Varied Microphones,pcm_16k,16000,5.51,test
data/real/genuine_pool_00004.wav,REAL,Genuine_Pool,SPK_Gen_004,en,BONAFIDE,HUMAN,Varied Microphones,pcm_16k,16000,4.97,train
data/real/genuine_pool_00005.wav,REAL,Genuine_Pool,SPK_Gen_005,en,BONAFIDE,HUMAN,Varied Microphones,pcm_16k,16000,5.11,train
data/real/genuine_pool_00006.wav,REAL,Genuine_Pool,SPK_Gen_006,en,BONAFIDE,HUMAN,Varied Microphones,pcm_16k,16000,5.7,train
data/real/genuine_pool_00007.wav,REAL,Genuine_Pool,SPK_Gen_007,en,BONAFIDE,HUMAN,Varied Microphones,pcm_16k,16000,4.77,train
data/real/genuine_pool_00008.wav,REAL,Genuine_Pool,SPK_Gen_008,en,BONAFIDE,HUMAN,Varied Microphones,pcm_16k,16000,5.29,test
data/real/genuine_pool_00009.wav,REAL,Genuine_Pool,SPK_Gen_009,en,BONAFIDE,HUMAN,Varied Microphones,pcm_16k,16000,4.84,train
data/real/genuine_pool_00010.wav,REAL,Genuine_Pool,SPK_Gen_010,en,BONAFIDE,HUMAN,Varied Microphones,pcm_16k,16000,5.21,train
data/real/genuine_pool_00011.wav,REAL,Genuine_Pool,SPK_Gen_011,en,BONAFIDE,HUMAN,Varied Microphones,pcm_16k,16000,5.73,train
data/real/genuine_pool_00012.wav,REAL,Genuine_Pool,SPK_Gen_012,en,BONAFIDE,HUMAN,Varied Microphones,pcm_16k,16000,4.35,train
data/real/genuine_pool_00013.wav,REAL,Genuine_Pool,SPK_Gen_013,en,BONAFIDE,HUMAN,Varied Microphones,pcm_16k,16000,5.06,train
data/real/genuine_pool_00014.wav,REAL,Genuine_Pool,SPK_Gen_014,en,BONAFIDE,HUMAN,Varied Microphones,pcm_16k,16000,5.74,test
data/real/genuine_pool_00015.wav,REAL,Genuine_Pool,SPK_Gen_015,en,BONAFIDE,HUMAN,Varied Microphones,pcm_16k,16000,4.33,train
data/real/genuine_pool_00016.wav,REAL,Genuine_Pool,SPK_Gen_016,en,BONAFIDE,HUMAN,Varied Microphones,pcm_16k,16000,4.94,train
data/real/genuine_pool_00017.wav,REAL,Genuine_Pool,SPK_Gen_017,en,BONAFIDE,HUMAN,Varied Microphones,pcm_16k,16000,5.43,validation
data/real/genuine_pool_00018.wav,REAL,Genuine_Pool,SPK_Gen_018,en,BONAFIDE,HUMAN,Varied Microphones,pcm_16k,16000,5.24,test
data/real/genuine_pool_00019.wav,REAL,Genuine_Pool,SPK_Gen_019,en,BONAFIDE,HUMAN,Varied Microphones,pcm_16k,16000,4.48,train
data/real/genuine_pool_00020.wav,REAL,Genuine_Pool,SPK_Gen_020,en,BONAFIDE,HUMAN,Varied Microphones,pcm_16k,16000,4.26,test
data/real/genuine_pool_00021.wav,REAL,Genuine_Pool,SPK_Gen_021,en,BONAFIDE,HUMAN,Varied Microphones,pcm_16k,16000,4.81,test
data/real/genuine_pool_00022.wav,REAL,Genuine_Pool,SPK_Gen_022,en,BONAFIDE,HUMAN,Varied Microphones,pcm_16k,16000,4.51,train
data/real/genuine_pool_00023.wav,REAL,Genuine_Pool,SPK_Gen_023,en,BONAFIDE,HUMAN,Varied Microphones,pcm_16k,16000,5.31,train
data/real/genuine_pool_00024.wav,REAL,Genuine_Pool,SPK_Gen_024,en,BONAFIDE,HUMAN,Varied Microphones,pcm_16k,16000,5.63,test
data/real/genuine_pool_00025.wav,REAL,Genuine_Pool,SPK_Gen_025,en,BONAFIDE,HUMAN,Varied Microphones,pcm_16k,16000,5.21,train
data/real/genuine_pool_00026.wav,REAL,Genuine_Pool,SPK_Gen_026,en,BONAFIDE,HUMAN,Varied Microphones,pcm_16k,16000,4.77,train
data/real/genuine_pool_00027.wav,REAL,Genuine_Pool,SPK_Gen_027,en,BONAFIDE,HUMAN,Varied Microphones,pcm_16k,16000,4.34,test
data/real/genuine_pool_00028.wav,REAL,Genuine_Pool,SPK_Gen_028,en,BONAFIDE,HUMAN,Varied Microphones,pcm_16k,16000,5.21,train
data/real/genuine_pool_00029.wav,REAL,Genuine_Pool,SPK_Gen_029,en,BONAFIDE,HUMAN,Varied Microphones,pcm_16k,16000,5.38,validation
data/real/genuine_pool_00030.wav,REAL,Genuine_Pool,SPK_Gen_030,en,BONAFIDE,HUMAN,Varied Microphones,pcm_16k,16000,4.42,train
data/real/genuine_pool_00031.wav,REAL,Genuine_Pool,SPK_Gen_031,en,BONAFIDE,HUMAN,Varied Microphones,pcm_16k,16000,4.51,train
data/real/genuine_pool_00032.wav,REAL,Genuine_Pool,SPK_Gen_032,en,BONAFIDE,HUMAN,Varied Microphones,pcm_16k,16000,5.35,train
data/real/genuine_pool_00033.wav,REAL,Genuine_Pool,SPK_Gen_033,en,BONAFIDE,HUMAN,Varied Microphones,pcm_16k,16000,5.15,train
data/real/genuine_pool_00034.wav,REAL,Genuine_Pool,SPK_Gen_034,en,BONAFIDE,HUMAN,Varied Microphones,pcm_16k,16000,4.98,train
data/real/genuine_pool_00035.wav,REAL,Genuine_Pool,SPK_Gen_035,en,BONAFIDE,HUMAN,Varied Microphones,pcm_16k,16000,4.3,train
data/real/genuine_pool_00036.wav,REAL,Genuine_Pool,SPK_Gen_036,en,BONAFIDE,HUMAN,Varied Microphones,pcm_16k,16000,5.06,test
data/real/genuine_pool_00037.wav,REAL,Genuine_Pool,SPK_Gen_037,en,BONAFIDE,HUMAN,Varied Microphones,pcm_16k,16000,4.69,train
data/real/genuine_pool_00038.wav,REAL,Genuine_Pool,SPK_Gen_038,en,BONAFIDE,HUMAN,Varied Microphones,pcm_16k,16000,5.05,test
data/real/genuine_pool_00039.wav,REAL,Genuine_Pool,SPK_Gen_039,en,BONAFIDE,HUMAN,Varied Microphones,pcm_16k,16000,5.53,validation
data/real/genuine_pool_00040.wav,REAL,Genuine_Pool,SPK_Gen_040,en,BONAFIDE,HUMAN,Varied Microphones,pcm_16k,16000,4.92,train
data/real/genuine_pool_00041.wav,REAL,Genuine_Pool,SPK_Gen_041,en,BONAFIDE,HUMAN,Varied Microphones,pcm_16k,16000,5.79,train
data/real/genuine_pool_00042.wav,REAL,Genuine_Pool,SPK_Gen_042,en,BONAFIDE,HUMAN,Varied Microphones,pcm_16k,16000,4.26,train
data/real/genuine_pool_00043.wav,REAL,Genuine_Pool,SPK_Gen_043,en,BONAFIDE,HUMAN,Varied Microphones,pcm_16k,16000,4.29,train
data/real/genuine_pool_00044.wav,REAL,Genuine_Pool,SPK_Gen_044,en,BONAFIDE,HUMAN,Varied Microphones,pcm_16k,16000,5.46,train
data/real/genuine_pool_00045.wav,REAL,Genuine_Pool,SPK_Gen_045,en,BONAFIDE,HUMAN,Varied Microphones,pcm_16k,16000,4.27,validation
data/real/genuine_pool_00046.wav,REAL,Genuine_Pool,SPK_Gen_046,en,BONAFIDE,HUMAN,Varied Microphones,pcm_16k,16000,4.39,train
data/real/genuine_pool_00047.wav,REAL,Genuine_Pool,SPK_Gen_047,en,BONAFIDE,HUMAN,Varied Microphones,pcm_16k,16000,5.49,train
data/real/genuine_pool_00048.wav,REAL,Genuine_Pool,SPK_Gen_048,en,BONAFIDE,HUMAN,Varied Microphones,pcm_16k,16000,5.27,test
data/real/genuine_pool_00049.wav,REAL,Genuine_Pool,SPK_Gen_049,en,BONAFIDE,HUMAN,Varied Microphones,pcm_16k,16000,4.93,train
data/real/genuine_pool_00050.wav,REAL,Genuine_Pool,SPK_Gen_050,en,BONAFIDE,HUMAN,Varied Microphones,pcm_16k,16000,5.28,validation
data/real/genuine_pool_00051.wav,REAL,Genuine_Pool,SPK_Gen_051,en,BONAFIDE,HUMAN,Varied Microphones,pcm_16k,16000,5.6,train
data/real/genuine_pool_00052.wav,REAL,Genuine_Pool,SPK_Gen_052,en,BONAFIDE,HUMAN,Varied Microphones,pcm_16k,16000,4.44,train
data/real/genuine_pool_00053.wav,REAL,Genuine_Pool,SPK_Gen_053,en,BONAFIDE,HUMAN,Varied Microphones,pcm_16k,16000,5.13,train
data/real/genuine_pool_00054.wav,REAL,Genuine_Pool,SPK_Gen_054,en,BONAFIDE,HUMAN,Varied Microphones,pcm_16k,16000,5.68,train
data/real/genuine_pool_00055.wav,REAL,Genuine_Pool,SPK_Gen_055,en,BONAFIDE,HUMAN,Varied Microphones,pcm_16k,16000,4.26,train
data/real/genuine_pool_00056.wav,REAL,Genuine_Pool,SPK_Gen_056,en,BONAFIDE,HUMAN,Varied Microphones,pcm_16k,16000,4.43,test
data/real/genuine_pool_00057.wav,REAL,Genuine_Pool,SPK_Gen_057,en,BONAFIDE,HUMAN,Varied Microphones,pcm_16k,16000,5.25,train
data/real/genuine_pool_00058.wav,REAL,Genuine_Pool,SPK_Gen_058,en,BONAFIDE,HUMAN,Varied Microphones,pcm_16k,16000,4.95,validation
data/real/genuine_pool_00059.wav,REAL,Genuine_Pool,SPK_Gen_059,en,BONAFIDE,HUMAN,Varied Microphones,pcm_16k,16000,5.67,train
data/real/genuine_pool_00060.wav,REAL,Genuine_Pool,SPK_Gen_060,en,BONAFIDE,HUMAN,Varied Microphones,pcm_16k,16000,4.27,test
data/real/genuine_pool_00061.wav,REAL,Genuine_Pool,SPK_Gen_061,en,BONAFIDE,HUMAN,Varied Microphones,pcm_16k,16000,5.32,train
data/real/genuine_pool_00062.wav,REAL,Genuine_Pool,SPK_Gen_062,en,BONAFIDE,HUMAN,Varied Microphones,pcm_16k,16000,4.41,train
data/real/genuine_pool_00063.wav,REAL,Genuine_Pool,SPK_Gen_063,en,BONAFIDE,HUMAN,Varied Microphones,pcm_16k,16000,4.48,test
data/real/genuine_pool_00064.wav,REAL,Genuine_Pool,SPK_Gen_064,en,BONAFIDE,HUMAN,Varied Microphones,pcm_16k,16000,4.28,train
data/real/genuine_pool_00065.wav,REAL,Genuine_Pool,SPK_Gen_065,en,BONAFIDE,HUMAN,Varied Microphones,pcm_16k,16000,4.69,train
data/real/genuine_pool_00066.wav,REAL,Genuine_Pool,SPK_Gen_066,en,BONAFIDE,HUMAN,Varied Microphones,pcm_16k,16000,5.47,train
data/real/genuine_pool_00067.wav,REAL,Genuine_Pool,SPK_Gen_067,en,BONAFIDE,HUMAN,Varied Microphones,pcm_16k,16000,4.93,train
data/real/genuine_pool_00068.wav,REAL,Genuine_Pool,SPK_Gen_068,en,BONAFIDE,HUMAN,Varied Microphones,pcm_16k,16000,4.47,test
data/real/genuine_pool_00069.wav,REAL,Genuine_Pool,SPK_Gen_069,en,BONAFIDE,HUMAN,Varied Microphones,pcm_16k,16000,5.15,train
data/real/genuine_pool_00070.wav,REAL,Genuine_Pool,SPK_Gen_070,en,BONAFIDE,HUMAN,Varied Microphones,pcm_16k,16000,5.51,train
data/real/genuine_pool_00071.wav,REAL,Genuine_Pool,SPK_Gen_071,en,BONAFIDE,HUMAN,Varied Microphones,pcm_16k,16000,4.37,test
data/real/genuine_pool_00072.wav,REAL,Genuine_Pool,SPK_Gen_072,en,BONAFIDE,HUMAN,Varied Microphones,pcm_16k,16000,5.0,train
data/real/genuine_pool_00073.wav,REAL,Genuine_Pool,SPK_Gen_073,en,BONAFIDE,HUMAN,Varied Microphones,pcm_16k,16000,5.48,train
data/real/genuine_pool_00074.wav,REAL,Genuine_Pool,SPK_Gen_074,en,BONAFIDE,HUMAN,Varied Microphones,pcm_16k,16000,4.55,validation
data/real/genuine_pool_00075.wav,REAL,Genuine_Pool,SPK_Gen_075,en,BONAFIDE,HUMAN,Varied Microphones,pcm_16k,16000,5.49,train
data/real/genuine_pool_00076.wav,REAL,Genuine_Pool,SPK_Gen_076,en,BONAFIDE,HUMAN,Varied Microphones,pcm_16k,16000,4.88,train
data/real/genuine_pool_00077.wav,REAL,Genuine_Pool,SPK_Gen_077,en,BONAFIDE,HUMAN,Varied Microphones,pcm_16k,16000,5.5,train
data/real/genuine_pool_00078.wav,REAL,Genuine_Pool,SPK_Gen_078,en,BONAFIDE,HUMAN,Varied Microphones,pcm_16k,16000,5.77,train
data/real/genuine_pool_00079.wav,REAL,Genuine_Pool,SPK_Gen_079,en,BONAFIDE,HUMAN,Varied Microphones,pcm_16k,16000,5.29,train
data/real/genuine_pool_00080.wav,REAL,Genuine_Pool,SPK_Gen_080,en,BONAFIDE,HUMAN,Varied Microphones,pcm_16k,16000,4.72,train
data/real/genuine_pool_00081.wav,REAL,Genuine_Pool,SPK_Gen_081,en,BONAFIDE,HUMAN,Varied Microphones,pcm_16k,16000,5.76,test
data/real/genuine_pool_00082.wav,REAL,Genuine_Pool,SPK_Gen_082,en,BONAFIDE,HUMAN,Varied Microphones,pcm_16k,16000,5.12,train
data/real/genuine_pool_00083.wav,REAL,Genuine_Pool,SPK_Gen_083,en,BONAFIDE,HUMAN,Varied Microphones,pcm_16k,16000,4.42,train
data/real/genuine_pool_00084.wav,REAL,Genuine_Pool,SPK_Gen_084,en,BONAFIDE,HUMAN,Varied Microphones,pcm_16k,16000,5.54,test
data/real/genuine_pool_00085.wav,REAL,Genuine_Pool,SPK_Gen_085,en,BONAFIDE,HUMAN,Varied Microphones,pcm_16k,16000,5.47,test
data/real/genuine_pool_00086.wav,REAL,Genuine_Pool,SPK_Gen_086,en,BONAFIDE,HUMAN,Varied Microphones,pcm_16k,16000,5.42,train
data/real/genuine_pool_00087.wav,REAL,Genuine_Pool,SPK_Gen_087,en,BONAFIDE,HUMAN,Varied Microphones,pcm_16k,16000,5.15,train
data/real/genuine_pool_00088.wav,REAL,Genuine_Pool,SPK_Gen_088,en,BONAFIDE,HUMAN,Varied Microphones,pcm_16k,16000,4.74,test
data/real/genuine_pool_00089.wav,REAL,Genuine_Pool,SPK_Gen_089,en,BONAFIDE,HUMAN,Varied Microphones,pcm_16k,16000,4.39,train
data/real/genuine_pool_00090.wav,REAL,Genuine_Pool,SPK_Gen_090,en,BONAFIDE,HUMAN,Varied Microphones,pcm_16k,16000,4.43,test
data/real/genuine_pool_00091.wav,REAL,Genuine_Pool,SPK_Gen_091,en,BONAFIDE,HUMAN,Varied Microphones,pcm_16k,16000,4.86,validation
data/real/genuine_pool_00092.wav,REAL,Genuine_Pool,SPK_Gen_092,en,BONAFIDE,HUMAN,Varied Microphones,pcm_16k,16000,5.31,test
data/real/genuine_pool_00093.wav,REAL,Genuine_Pool,SPK_Gen_093,en,BONAFIDE,HUMAN,Varied Microphones,pcm_16k,16000,5.09,train
data/real/genuine_pool_00094.wav,REAL,Genuine_Pool,SPK_Gen_094,en,BONAFIDE,HUMAN,Varied Microphones,pcm_16k,16000,4.9,train
data/real/genuine_pool_00095.wav,REAL,Genuine_Pool,SPK_Gen_095,en,BONAFIDE,HUMAN,Varied Microphones,pcm_16k,16000,5.68,train
data/real/genuine_pool_00096.wav,REAL,Genuine_Pool,SPK_Gen_096,en,BONAFIDE,HUMAN,Varied Microphones,pcm_16k,16000,4.27,validation
data/real/genuine_pool_00097.wav,REAL,Genuine_Pool,SPK_Gen_097,en,BONAFIDE,HUMAN,Varied Microphones,pcm_16k,16000,4.36,train
data/real/genuine_pool_00098.wav,REAL,Genuine_Pool,SPK_Gen_098,en,BONAFIDE,HUMAN,Varied Microphones,pcm_16k,16000,5.56,train
data/real/genuine_pool_00099.wav,REAL,Genuine_Pool,SPK_Gen_099,en,BONAFIDE,HUMAN,Varied Microphones,pcm_16k,16000,5.18,test
data/real/genuine_pool_00100.wav,REAL,Genuine_Pool,SPK_Gen_100,en,BONAFIDE,HUMAN,Varied Microphones,pcm_16k,16000,5.44,validation
data/real/genuine_pool_00101.wav,REAL,Genuine_Pool,SPK_Gen_101,en,BONAFIDE,HUMAN,Varied Microphones,pcm_16k,16000,4.23,train
data/real/genuine_pool_00102.wav,REAL,Genuine_Pool,SPK_Gen_102,en,BONAFIDE,HUMAN,Varied Microphones,pcm_16k,16000,4.98,train
data/real/genuine_pool_00103.wav,REAL,Genuine_Pool,SPK_Gen_103,en,BONAFIDE,HUMAN,Varied Microphones,pcm_16k,16000,4.21,train
data/real/genuine_pool_00104.wav,REAL,Genuine_Pool,SPK_Gen_104,en,BONAFIDE,HUMAN,Varied Microphones,pcm_16k,16000,4.49,train
data/real/genuine_pool_00105.wav,REAL,Genuine_Pool,SPK_Gen_105,en,BONAFIDE,HUMAN,Varied Microphones,pcm_16k,16000,4.34,train
data/real/genuine_pool_00106.wav,REAL,Genuine_Pool,SPK_Gen_106,en,BONAFIDE,HUMAN,Varied Microphones,pcm_16k,16000,5.24,train
data/real/genuine_pool_00107.wav,REAL,Genuine_Pool,SPK_Gen_107,en,BONAFIDE,HUMAN,Varied Microphones,pcm_16k,16000,5.62,train
data/real/genuine_pool_00108.wav,REAL,Genuine_Pool,SPK_Gen_108,en,BONAFIDE,HUMAN,Varied Microphones,pcm_16k,16000,4.87,train
data/real/genuine_pool_00109.wav,REAL,Genuine_Pool,SPK_Gen_109,en,BONAFIDE,HUMAN,Varied Microphones,pcm_16k,16000,5.49,test
data/real/genuine_pool_00110.wav,REAL,Genuine_Pool,SPK_Gen_110,en,BONAFIDE,HUMAN,Varied Microphones,pcm_16k,16000,5.44,train
data/real/genuine_pool_00111.wav,REAL,Genuine_Pool,SPK_Gen_111,en,BONAFIDE,HUMAN,Varied Microphones,pcm_16k,16000,5.31,train
data/real/genuine_pool_00112.wav,REAL,Genuine_Pool,SPK_Gen_112,en,BONAFIDE,HUMAN,Varied Microphones,pcm_16k,16000,4.53,train
data/real/genuine_pool_00113.wav,REAL,Genuine_Pool,SPK_Gen_113,en,BONAFIDE,HUMAN,Varied Microphones,pcm_16k,16000,5.22,train
data/real/genuine_pool_00114.wav,REAL,Genuine_Pool,SPK_Gen_114,en,BONAFIDE,HUMAN,Varied Microphones,pcm_16k,16000,5.04,train
data/real/genuine_pool_00115.wav,REAL,Genuine_Pool,SPK_Gen_115,en,BONAFIDE,HUMAN,Varied Microphones,pcm_16k,16000,4.86,validation
data/real/genuine_pool_00116.wav,REAL,Genuine_Pool,SPK_Gen_116,en,BONAFIDE,HUMAN,Varied Microphones,pcm_16k,16000,5.7,validation
data/real/genuine_pool_00117.wav,REAL,Genuine_Pool,SPK_Gen_117,en,BONAFIDE,HUMAN,Varied Microphones,pcm_16k,16000,5.18,test
data/real/genuine_pool_00118.wav,REAL,Genuine_Pool,SPK_Gen_118,en,BONAFIDE,HUMAN,Varied Microphones,pcm_16k,16000,4.26,train
data/real/genuine_pool_00119.wav,REAL,Genuine_Pool,SPK_Gen_119,en,BONAFIDE,HUMAN,Varied Microphones,pcm_16k,16000,4.49,test
data/real/genuine_pool_00120.wav,REAL,Genuine_Pool,SPK_Gen_000,en,BONAFIDE,HUMAN,Varied Microphones,pcm_16k,16000,5.0,validation
data/real/genuine_pool_00121.wav,REAL,Genuine_Pool,SPK_Gen_001,en,BONAFIDE,HUMAN,Varied Microphones,pcm_16k,16000,5.72,train
data/real/genuine_pool_00122.wav,REAL,Genuine_Pool,SPK_Gen_002,en,BONAFIDE,HUMAN,Varied Microphones,pcm_16k,16000,5.2,validation
data/real/genuine_pool_00123.wav,REAL,Genuine_Pool,SPK_Gen_003,en,BONAFIDE,HUMAN,Varied Microphones,pcm_16k,16000,5.45,test
data/real/genuine_pool_00124.wav,REAL,Genuine_Pool,SPK_Gen_004,en,BONAFIDE,HUMAN,Varied Microphones,pcm_16k,16000,4.76,train
data/real/genuine_pool_00125.wav,REAL,Genuine_Pool,SPK_Gen_005,en,BONAFIDE,HUMAN,Varied Microphones,pcm_16k,16000,4.21,train
data/real/genuine_pool_00126.wav,REAL,Genuine_Pool,SPK_Gen_006,en,BONAFIDE,HUMAN,Varied Microphones,pcm_16k,16000,4.58,train
data/real/genuine_pool_00127.wav,REAL,Genuine_Pool,SPK_Gen_007,en,BONAFIDE,HUMAN,Varied Microphones,pcm_16k,16000,4.39,train
data/real/genuine_pool_00128.wav,REAL,Genuine_Pool,SPK_Gen_008,en,BONAFIDE,HUMAN,Varied Microphones,pcm_16k,16000,5.05,test
data/real/genuine_pool_00129.wav,REAL,Genuine_Pool,SPK_Gen_009,en,BONAFIDE,HUMAN,Varied Microphones,pcm_16k,16000,4.35,train
data/real/genuine_pool_00130.wav,REAL,Genuine_Pool,SPK_Gen_010,en,BONAFIDE,HUMAN,Varied Microphones,pcm_16k,16000,4.78,train
data/real/genuine_pool_00131.wav,REAL,Genuine_Pool,SPK_Gen_011,en,BONAFIDE,HUMAN,Varied Microphones,pcm_16k,16000,5.42,train
data/real/genuine_pool_00132.wav,REAL,Genuine_Pool,SPK_Gen_012,en,BONAFIDE,HUMAN,Varied Microphones,pcm_16k,16000,5.06,train
data/real/genuine_pool_00133.wav,REAL,Genuine_Pool,SPK_Gen_013,en,BONAFIDE,HUMAN,Varied Microphones,pcm_16k,16000,4.55,train
data/real/genuine_pool_00134.wav,REAL,Genuine_Pool,SPK_Gen_014,en,BONAFIDE,HUMAN,Varied Microphones,pcm_16k,16000,5.43,test
data/real/genuine_pool_00135.wav,REAL,Genuine_Pool,SPK_Gen_015,en,BONAFIDE,HUMAN,Varied Microphones,pcm_16k,16000,5.25,train
data/real/genuine_pool_00136.wav,REAL,Genuine_Pool,SPK_Gen_016,en,BONAFIDE,HUMAN,Varied Microphones,pcm_16k,16000,4.64,train
data/real/genuine_pool_00137.wav,REAL,Genuine_Pool,SPK_Gen_017,en,BONAFIDE,HUMAN,Varied Microphones,pcm_16k,16000,4.51,validation
data/real/genuine_pool_00138.wav,REAL,Genuine_Pool,SPK_Gen_018,en,BONAFIDE,HUMAN,Varied Microphones,pcm_16k,16000,5.47,test
data/real/genuine_pool_00139.wav,REAL,Genuine_Pool,SPK_Gen_019,en,BONAFIDE,HUMAN,Varied Microphones,pcm_16k,16000,5.3,train
data/real/genuine_pool_00140.wav,REAL,Genuine_Pool,SPK_Gen_020,en,BONAFIDE,HUMAN,Varied Microphones,pcm_16k,16000,5.75,test
data/real/genuine_pool_00141.wav,REAL,Genuine_Pool,SPK_Gen_021,en,BONAFIDE,HUMAN,Varied Microphones,pcm_16k,16000,4.96,test
data/real/genuine_pool_00142.wav,REAL,Genuine_Pool,SPK_Gen_022,en,BONAFIDE,HUMAN,Varied Microphones,pcm_16k,16000,4.48,train
data/real/genuine_pool_00143.wav,REAL,Genuine_Pool,SPK_Gen_023,en,BONAFIDE,HUMAN,Varied Microphones,pcm_16k,16000,5.27,train
data/real/genuine_pool_00144.wav,REAL,Genuine_Pool,SPK_Gen_024,en,BONAFIDE,HUMAN,Varied Microphones,pcm_16k,16000,4.27,test
data/real/genuine_pool_00145.wav,REAL,Genuine_Pool,SPK_Gen_025,en,BONAFIDE,HUMAN,Varied Microphones,pcm_16k,16000,5.23,train
data/real/genuine_pool_00146.wav,REAL,Genuine_Pool,SPK_Gen_026,en,BONAFIDE,HUMAN,Varied Microphones,pcm_16k,16000,4.66,train
data/real/genuine_pool_00147.wav,REAL,Genuine_Pool,SPK_Gen_027,en,BONAFIDE,HUMAN,Varied Microphones,pcm_16k,16000,4.9,test
data/real/genuine_pool_00148.wav,REAL,Genuine_Pool,SPK_Gen_028,en,BONAFIDE,HUMAN,Varied Microphones,pcm_16k,16000,4.73,train
data/real/genuine_pool_00149.wav,REAL,Genuine_Pool,SPK_Gen_029,en,BONAFIDE,HUMAN,Varied Microphones,pcm_16k,16000,5.49,validation
data/real/genuine_pool_00150.wav,REAL,Genuine_Pool,SPK_Gen_030,en,BONAFIDE,HUMAN,Varied Microphones,pcm_16k,16000,5.41,train
data/real/genuine_pool_00151.wav,REAL,Genuine_Pool,SPK_Gen_031,en,BONAFIDE,HUMAN,Varied Microphones,pcm_16k,16000,4.27,train
data/real/genuine_pool_00152.wav,REAL,Genuine_Pool,SPK_Gen_032,en,BONAFIDE,HUMAN,Varied Microphones,pcm_16k,16000,5.38,train
data/real/genuine_pool_00153.wav,REAL,Genuine_Pool,SPK_Gen_033,en,BONAFIDE,HUMAN,Varied Microphones,pcm_16k,16000,5.68,train
data/real/genuine_pool_00154.wav,REAL,Genuine_Pool,SPK_Gen_034,en,BONAFIDE,HUMAN,Varied Microphones,pcm_16k,16000,4.48,train
data/real/genuine_pool_00155.wav,REAL,Genuine_Pool,SPK_Gen_035,en,BONAFIDE,HUMAN,Varied Microphones,pcm_16k,16000,5.46,train
data/real/genuine_pool_00156.wav,REAL,Genuine_Pool,SPK_Gen_036,en,BONAFIDE,HUMAN,Varied Microphones,pcm_16k,16000,4.98,test
data/real/genuine_pool_00157.wav,REAL,Genuine_Pool,SPK_Gen_037,en,BONAFIDE,HUMAN,Varied Microphones,pcm_16k,16000,4.39,train
data/real/genuine_pool_00158.wav,REAL,Genuine_Pool,SPK_Gen_038,en,BONAFIDE,HUMAN,Varied Microphones,pcm_16k,16000,5.63,test
data/real/genuine_pool_00159.wav,REAL,Genuine_Pool,SPK_Gen_039,en,BONAFIDE,HUMAN,Varied Microphones,pcm_16k,16000,5.35,validation
data/real/genuine_pool_00160.wav,REAL,Genuine_Pool,SPK_Gen_040,en,BONAFIDE,HUMAN,Varied Microphones,pcm_16k,16000,5.15,train
data/real/genuine_pool_00161.wav,REAL,Genuine_Pool,SPK_Gen_041,en,BONAFIDE,HUMAN,Varied Microphones,pcm_16k,16000,4.72,train
data/real/genuine_pool_00162.wav,REAL,Genuine_Pool,SPK_Gen_042,en,BONAFIDE,HUMAN,Varied Microphones,pcm_16k,16000,4.52,train
data/real/genuine_pool_00163.wav,REAL,Genuine_Pool,SPK_Gen_043,en,BONAFIDE,HUMAN,Varied Microphones,pcm_16k,16000,5.28,train
data/real/genuine_pool_00164.wav,REAL,Genuine_Pool,SPK_Gen_044,en,BONAFIDE,HUMAN,Varied Microphones,pcm_16k,16000,4.72,train
data/real/genuine_pool_00165.wav,REAL,Genuine_Pool,SPK_Gen_045,en,BONAFIDE,HUMAN,Varied Microphones,pcm_16k,16000,5.45,validation
data/real/genuine_pool_00166.wav,REAL,Genuine_Pool,SPK_Gen_046,en,BONAFIDE,HUMAN,Varied Microphones,pcm_16k,16000,4.72,train
data/real/genuine_pool_00167.wav,REAL,Genuine_Pool,SPK_Gen_047,en,BONAFIDE,HUMAN,Varied Microphones,pcm_16k,16000,4.36,train
data/real/genuine_pool_00168.wav,REAL,Genuine_Pool,SPK_Gen_048,en,BONAFIDE,HUMAN,Varied Microphones,pcm_16k,16000,5.38,test
data/real/genuine_pool_00169.wav,REAL,Genuine_Pool,SPK_Gen_049,en,BONAFIDE,HUMAN,Varied Microphones,pcm_16k,16000,5.59,train
data/real/genuine_pool_00170.wav,REAL,Genuine_Pool,SPK_Gen_050,en,BONAFIDE,HUMAN,Varied Microphones,pcm_16k,16000,4.8,validation
data/real/genuine_pool_00171.wav,REAL,Genuine_Pool,SPK_Gen_051,en,BONAFIDE,HUMAN,Varied Microphones,pcm_16k,16000,4.55,train
data/real/genuine_pool_00172.wav,REAL,Genuine_Pool,SPK_Gen_052,en,BONAFIDE,HUMAN,Varied Microphones,pcm_16k,16000,4.95,train
data/real/genuine_pool_00173.wav,REAL,Genuine_Pool,SPK_Gen_053,en,BONAFIDE,HUMAN,Varied Microphones,pcm_16k,16000,4.98,train
data/real/genuine_pool_00174.wav,REAL,Genuine_Pool,SPK_Gen_054,en,BONAFIDE,HUMAN,Varied Microphones,pcm_16k,16000,5.62,train
data/real/genuine_pool_00175.wav,REAL,Genuine_Pool,SPK_Gen_055,en,BONAFIDE,HUMAN,Varied Microphones,pcm_16k,16000,4.43,train
data/real/genuine_pool_00176.wav,REAL,Genuine_Pool,SPK_Gen_056,en,BONAFIDE,HUMAN,Varied Microphones,pcm_16k,16000,5.68,test
data/real/genuine_pool_00177.wav,REAL,Genuine_Pool,SPK_Gen_057,en,BONAFIDE,HUMAN,Varied Microphones,pcm_16k,16000,4.93,train
data/real/genuine_pool_00178.wav,REAL,Genuine_Pool,SPK_Gen_058,en,BONAFIDE,HUMAN,Varied Microphones,pcm_16k,16000,4.82,validation
data/real/genuine_pool_00179.wav,REAL,Genuine_Pool,SPK_Gen_059,en,BONAFIDE,HUMAN,Varied Microphones,pcm_16k,16000,4.42,train
data/real/genuine_pool_00180.wav,REAL,Genuine_Pool,SPK_Gen_060,en,BONAFIDE,HUMAN,Varied Microphones,pcm_16k,16000,5.35,test
data/real/genuine_pool_00181.wav,REAL,Genuine_Pool,SPK_Gen_061,en,BONAFIDE,HUMAN,Varied Microphones,pcm_16k,16000,5.21,train
data/real/genuine_pool_00182.wav,REAL,Genuine_Pool,SPK_Gen_062,en,BONAFIDE,HUMAN,Varied Microphones,pcm_16k,16000,5.76,train
data/real/genuine_pool_00183.wav,REAL,Genuine_Pool,SPK_Gen_063,en,BONAFIDE,HUMAN,Varied Microphones,pcm_16k,16000,4.52,test
data/real/genuine_pool_00184.wav,REAL,Genuine_Pool,SPK_Gen_064,en,BONAFIDE,HUMAN,Varied Microphones,pcm_16k,16000,4.4,train
data/real/genuine_pool_00185.wav,REAL,Genuine_Pool,SPK_Gen_065,en,BONAFIDE,HUMAN,Varied Microphones,pcm_16k,16000,5.31,train
data/real/genuine_pool_00186.wav,REAL,Genuine_Pool,SPK_Gen_066,en,BONAFIDE,HUMAN,Varied Microphones,pcm_16k,16000,4.3,train
data/real/genuine_pool_00187.wav,REAL,Genuine_Pool,SPK_Gen_067,en,BONAFIDE,HUMAN,Varied Microphones,pcm_16k,16000,4.42,train
data/real/genuine_pool_00188.wav,REAL,Genuine_Pool,SPK_Gen_068,en,BONAFIDE,HUMAN,Varied Microphones,pcm_16k,16000,5.56,test
data/real/genuine_pool_00189.wav,REAL,Genuine_Pool,SPK_Gen_069,en,BONAFIDE,HUMAN,Varied Microphones,pcm_16k,16000,4.93,train
data/real/genuine_pool_00190.wav,REAL,Genuine_Pool,SPK_Gen_070,en,BONAFIDE,HUMAN,Varied Microphones,pcm_16k,16000,4.47,train
data/real/genuine_pool_00191.wav,REAL,Genuine_Pool,SPK_Gen_071,en,BONAFIDE,HUMAN,Varied Microphones,pcm_16k,16000,4.75,test
data/real/genuine_pool_00192.wav,REAL,Genuine_Pool,SPK_Gen_072,en,BONAFIDE,HUMAN,Varied Microphones,pcm_16k,16000,5.62,train
data/real/genuine_pool_00193.wav,REAL,Genuine_Pool,SPK_Gen_073,en,BONAFIDE,HUMAN,Varied Microphones,pcm_16k,16000,5.17,train
data/real/genuine_pool_00194.wav,REAL,Genuine_Pool,SPK_Gen_074,en,BONAFIDE,HUMAN,Varied Microphones,pcm_16k,16000,5.46,validation
data/real/genuine_pool_00195.wav,REAL,Genuine_Pool,SPK_Gen_075,en,BONAFIDE,HUMAN,Varied Microphones,pcm_16k,16000,5.22,train
data/real/genuine_pool_00196.wav,REAL,Genuine_Pool,SPK_Gen_076,en,BONAFIDE,HUMAN,Varied Microphones,pcm_16k,16000,5.18,train
data/real/genuine_pool_00197.wav,REAL,Genuine_Pool,SPK_Gen_077,en,BONAFIDE,HUMAN,Varied Microphones,pcm_16k,16000,4.47,train
data/real/genuine_pool_00198.wav,REAL,Genuine_Pool,SPK_Gen_078,en,BONAFIDE,HUMAN,Varied Microphones,pcm_16k,16000,5.75,train
data/real/genuine_pool_00199.wav,REAL,Genuine_Pool,SPK_Gen_079,en,BONAFIDE,HUMAN,Varied Microphones,pcm_16k,16000,5.57,train
data/real/genuine_pool_00200.wav,REAL,Genuine_Pool,SPK_Gen_080,en,BONAFIDE,HUMAN,Varied Microphones,pcm_16k,16000,4.34,train
data/real/genuine_pool_00201.wav,REAL,Genuine_Pool,SPK_Gen_081,en,BONAFIDE,HUMAN,Varied Microphones,pcm_16k,16000,5.57,test
data/real/genuine_pool_00202.wav,REAL,Genuine_Pool,SPK_Gen_082,en,BONAFIDE,HUMAN,Varied Microphones,pcm_16k,16000,4.98,train
data/real/genuine_pool_00203.wav,REAL,Genuine_Pool,SPK_Gen_083,en,BONAFIDE,HUMAN,Varied Microphones,pcm_16k,16000,5.79,train
data/real/genuine_pool_00204.wav,REAL,Genuine_Pool,SPK_Gen_084,en,BONAFIDE,HUMAN,Varied Microphones,pcm_16k,16000,5.15,test
data/real/genuine_pool_00205.wav,REAL,Genuine_Pool,SPK_Gen_085,en,BONAFIDE,HUMAN,Varied Microphones,pcm_16k,16000,5.54,test
data/real/genuine_pool_00206.wav,REAL,Genuine_Pool,SPK_Gen_086,en,BONAFIDE,HUMAN,Varied Microphones,pcm_16k,16000,4.65,train
data/real/genuine_pool_00207.wav,REAL,Genuine_Pool,SPK_Gen_087,en,BONAFIDE,HUMAN,Varied Microphones,pcm_16k,16000,5.37,train
data/real/genuine_pool_00208.wav,REAL,Genuine_Pool,SPK_Gen_088,en,BONAFIDE,HUMAN,Varied Microphones,pcm_16k,16000,5.38,test
data/real/genuine_pool_00209.wav,REAL,Genuine_Pool,SPK_Gen_089,en,BONAFIDE,HUMAN,Varied Microphones,pcm_16k,16000,4.59,train
data/real/genuine_pool_00210.wav,REAL,Genuine_Pool,SPK_Gen_090,en,BONAFIDE,HUMAN,Varied Microphones,pcm_16k,16000,4.72,test
data/real/genuine_pool_00211.wav,REAL,Genuine_Pool,SPK_Gen_091,en,BONAFIDE,HUMAN,Varied Microphones,pcm_16k,16000,5.13,validation
data/real/genuine_pool_00212.wav,REAL,Genuine_Pool,SPK_Gen_092,en,BONAFIDE,HUMAN,Varied Microphones,pcm_16k,16000,5.63,test
data/real/genuine_pool_00213.wav,REAL,Genuine_Pool,SPK_Gen_093,en,BONAFIDE,HUMAN,Varied Microphones,pcm_16k,16000,5.15,train
data/real/genuine_pool_00214.wav,REAL,Genuine_Pool,SPK_Gen_094,en,BONAFIDE,HUMAN,Varied Microphones,pcm_16k,16000,4.44,train
data/real/genuine_pool_00215.wav,REAL,Genuine_Pool,SPK_Gen_095,en,BONAFIDE,HUMAN,Varied Microphones,pcm_16k,16000,5.12,train
data/real/genuine_pool_00216.wav,REAL,Genuine_Pool,SPK_Gen_096,en,BONAFIDE,HUMAN,Varied Microphones,pcm_16k,16000,4.21,validation
data/real/genuine_pool_00217.wav,REAL,Genuine_Pool,SPK_Gen_097,en,BONAFIDE,HUMAN,Varied Microphones,pcm_16k,16000,5.77,train
data/real/genuine_pool_00218.wav,REAL,Genuine_Pool,SPK_Gen_098,en,BONAFIDE,HUMAN,Varied Microphones,pcm_16k,16000,4.26,train
data/real/genuine_pool_00219.wav,REAL,Genuine_Pool,SPK_Gen_099,en,BONAFIDE,HUMAN,Varied Microphones,pcm_16k,16000,4.95,test
data/real/genuine_pool_00220.wav,REAL,Genuine_Pool,SPK_Gen_100,en,BONAFIDE,HUMAN,Varied Microphones,pcm_16k,16000,5.43,validation
data/real/genuine_pool_00221.wav,REAL,Genuine_Pool,SPK_Gen_101,en,BONAFIDE,HUMAN,Varied Microphones,pcm_16k,16000,4.25,train
data/real/genuine_pool_00222.wav,REAL,Genuine_Pool,SPK_Gen_102,en,BONAFIDE,HUMAN,Varied Microphones,pcm_16k,16000,5.05,train
data/real/genuine_pool_00223.wav,REAL,Genuine_Pool,SPK_Gen_103,en,BONAFIDE,HUMAN,Varied Microphones,pcm_16k,16000,4.97,train
data/real/genuine_pool_00224.wav,REAL,Genuine_Pool,SPK_Gen_104,en,BONAFIDE,HUMAN,Varied Microphones,pcm_16k,16000,5.48,train
data/real/genuine_pool_00225.wav,REAL,Genuine_Pool,SPK_Gen_105,en,BONAFIDE,HUMAN,Varied Microphones,pcm_16k,16000,5.51,train
data/real/genuine_pool_00226.wav,REAL,Genuine_Pool,SPK_Gen_106,en,BONAFIDE,HUMAN,Varied Microphones,pcm_16k,16000,4.92,train
data/real/genuine_pool_00227.wav,REAL,Genuine_Pool,SPK_Gen_107,en,BONAFIDE,HUMAN,Varied Microphones,pcm_16k,16000,4.58,train
data/real/genuine_pool_00228.wav,REAL,Genuine_Pool,SPK_Gen_108,en,BONAFIDE,HUMAN,Varied Microphones,pcm_16k,16000,5.09,train
data/real/genuine_pool_00229.wav,REAL,Genuine_Pool,SPK_Gen_109,en,BONAFIDE,HUMAN,Varied Microphones,pcm_16k,16000,4.22,test
data/real/genuine_pool_00230.wav,REAL,Genuine_Pool,SPK_Gen_110,en,BONAFIDE,HUMAN,Varied Microphones,pcm_16k,16000,5.37,train
data/real/genuine_pool_00231.wav,REAL,Genuine_Pool,SPK_Gen_111,en,BONAFIDE,HUMAN,Varied Microphones,pcm_16k,16000,5.72,train
data/real/genuine_pool_00232.wav,REAL,Genuine_Pool,SPK_Gen_112,en,BONAFIDE,HUMAN,Varied Microphones,pcm_16k,16000,4.41,train
data/real/genuine_pool_00233.wav,REAL,Genuine_Pool,SPK_Gen_113,en,BONAFIDE,HUMAN,Varied Microphones,pcm_16k,16000,4.67,train
data/real/genuine_pool_00234.wav,REAL,Genuine_Pool,SPK_Gen_114,en,BONAFIDE,HUMAN,Varied Microphones,pcm_16k,16000,5.24,train
data/real/genuine_pool_00235.wav,REAL,Genuine_Pool,SPK_Gen_115,en,BONAFIDE,HUMAN,Varied Microphones,pcm_16k,16000,4.35,validation
data/real/genuine_pool_00236.wav,REAL,Genuine_Pool,SPK_Gen_116,en,BONAFIDE,HUMAN,Varied Microphones,pcm_16k,16000,4.97,validation
data/real/genuine_pool_00237.wav,REAL,Genuine_Pool,SPK_Gen_117,en,BONAFIDE,HUMAN,Varied Microphones,pcm_16k,16000,4.69,test
data/real/genuine_pool_00238.wav,REAL,Genuine_Pool,SPK_Gen_118,en,BONAFIDE,HUMAN,Varied Microphones,pcm_16k,16000,5.33,train
data/real/genuine_pool_00239.wav,REAL,Genuine_Pool,SPK_Gen_119,en,BONAFIDE,HUMAN,Varied Microphones,pcm_16k,16000,5.57,test
data/real/genuine_pool_00240.wav,REAL,Genuine_Pool,SPK_Gen_000,en,BONAFIDE,HUMAN,Varied Microphones,pcm_16k,16000,5.4,validation
data/real/genuine_pool_00241.wav,REAL,Genuine_Pool,SPK_Gen_001,en,BONAFIDE,HUMAN,Varied Microphones,pcm_16k,16000,4.24,train
data/real/genuine_pool_00242.wav,REAL,Genuine_Pool,SPK_Gen_002,en,BONAFIDE,HUMAN,Varied Microphones,pcm_16k,16000,4.93,validation
data/real/genuine_pool_00243.wav,REAL,Genuine_Pool,SPK_Gen_003,en,BONAFIDE,HUMAN,Varied Microphones,pcm_16k,16000,5.43,test
data/real/genuine_pool_00244.wav,REAL,Genuine_Pool,SPK_Gen_004,en,BONAFIDE,HUMAN,Varied Microphones,pcm_16k,16000,5.6,train
data/real/genuine_pool_00245.wav,REAL,Genuine_Pool,SPK_Gen_005,en,BONAFIDE,HUMAN,Varied Microphones,pcm_16k,16000,4.85,train
data/real/genuine_pool_00246.wav,REAL,Genuine_Pool,SPK_Gen_006,en,BONAFIDE,HUMAN,Varied Microphones,pcm_16k,16000,5.46,train
data/real/genuine_pool_00247.wav,REAL,Genuine_Pool,SPK_Gen_007,en,BONAFIDE,HUMAN,Varied Microphones,pcm_16k,16000,4.79,train
data/real/genuine_pool_00248.wav,REAL,Genuine_Pool,SPK_Gen_008,en,BONAFIDE,HUMAN,Varied Microphones,pcm_16k,16000,4.94,test
data/real/genuine_pool_00249.wav,REAL,Genuine_Pool,SPK_Gen_009,en,BONAFIDE,HUMAN,Varied Microphones,pcm_16k,16000,5.21,train
data/real/genuine_pool_00250.wav,REAL,Genuine_Pool,SPK_Gen_010,en,BONAFIDE,HUMAN,Varied Microphones,pcm_16k,16000,5.58,train
data/real/genuine_pool_00251.wav,REAL,Genuine_Pool,SPK_Gen_011,en,BONAFIDE,HUMAN,Varied Microphones,pcm_16k,16000,4.31,train
data/real/genuine_pool_00252.wav,REAL,Genuine_Pool,SPK_Gen_012,en,BONAFIDE,HUMAN,Varied Microphones,pcm_16k,16000,5.63,train
data/real/genuine_pool_00253.wav,REAL,Genuine_Pool,SPK_Gen_013,en,BONAFIDE,HUMAN,Varied Microphones,pcm_16k,16000,4.73,train
data/real/genuine_pool_00254.wav,REAL,Genuine_Pool,SPK_Gen_014,en,BONAFIDE,HUMAN,Varied Microphones,pcm_16k,16000,4.25,test
data/real/genuine_pool_00255.wav,REAL,Genuine_Pool,SPK_Gen_015,en,BONAFIDE,HUMAN,Varied Microphones,pcm_16k,16000,4.88,train
data/real/genuine_pool_00256.wav,REAL,Genuine_Pool,SPK_Gen_016,en,BONAFIDE,HUMAN,Varied Microphones,pcm_16k,16000,4.63,train
data/real/genuine_pool_00257.wav,REAL,Genuine_Pool,SPK_Gen_017,en,BONAFIDE,HUMAN,Varied Microphones,pcm_16k,16000,5.71,validation
data/real/genuine_pool_00258.wav,REAL,Genuine_Pool,SPK_Gen_018,en,BONAFIDE,HUMAN,Varied Microphones,pcm_16k,16000,5.07,test
data/real/genuine_pool_00259.wav,REAL,Genuine_Pool,SPK_Gen_019,en,BONAFIDE,HUMAN,Varied Microphones,pcm_16k,16000,5.47,train
data/real/genuine_pool_00260.wav,REAL,Genuine_Pool,SPK_Gen_020,en,BONAFIDE,HUMAN,Varied Microphones,pcm_16k,16000,5.46,test
data/real/genuine_pool_00261.wav,REAL,Genuine_Pool,SPK_Gen_021,en,BONAFIDE,HUMAN,Varied Microphones,pcm_16k,16000,4.33,test
data/real/genuine_pool_00262.wav,REAL,Genuine_Pool,SPK_Gen_022,en,BONAFIDE,HUMAN,Varied Microphones,pcm_16k,16000,5.61,train
data/real/genuine_pool_00263.wav,REAL,Genuine_Pool,SPK_Gen_023,en,BONAFIDE,HUMAN,Varied Microphones,pcm_16k,16000,5.38,train
data/real/genuine_pool_00264.wav,REAL,Genuine_Pool,SPK_Gen_024,en,BONAFIDE,HUMAN,Varied Microphones,pcm_16k,16000,4.29,test
data/real/genuine_pool_00265.wav,REAL,Genuine_Pool,SPK_Gen_025,en,BONAFIDE,HUMAN,Varied Microphones,pcm_16k,16000,5.71,train
data/real/genuine_pool_00266.wav,REAL,Genuine_Pool,SPK_Gen_026,en,BONAFIDE,HUMAN,Varied Microphones,pcm_16k,16000,5.28,train
data/real/genuine_pool_00267.wav,REAL,Genuine_Pool,SPK_Gen_027,en,BONAFIDE,HUMAN,Varied Microphones,pcm_16k,16000,5.62,test
data/real/genuine_pool_00268.wav,REAL,Genuine_Pool,SPK_Gen_028,en,BONAFIDE,HUMAN,Varied Microphones,pcm_16k,16000,4.38,train
data/real/genuine_pool_00269.wav,REAL,Genuine_Pool,SPK_Gen_029,en,BONAFIDE,HUMAN,Varied Microphones,pcm_16k,16000,4.78,validation
data/real/genuine_pool_00270.wav,REAL,Genuine_Pool,SPK_Gen_030,en,BONAFIDE,HUMAN,Varied Microphones,pcm_16k,16000,5.19,train
data/real/genuine_pool_00271.wav,REAL,Genuine_Pool,SPK_Gen_031,en,BONAFIDE,HUMAN,Varied Microphones,pcm_16k,16000,4.78,train
data/real/genuine_pool_00272.wav,REAL,Genuine_Pool,SPK_Gen_032,en,BONAFIDE,HUMAN,Varied Microphones,pcm_16k,16000,4.48,train
data/real/genuine_pool_00273.wav,REAL,Genuine_Pool,SPK_Gen_033,en,BONAFIDE,HUMAN,Varied Microphones,pcm_16k,16000,5.09,train
data/real/genuine_pool_00274.wav,REAL,Genuine_Pool,SPK_Gen_034,en,BONAFIDE,HUMAN,Varied Microphones,pcm_16k,16000,4.31,train
data/real/genuine_pool_00275.wav,REAL,Genuine_Pool,SPK_Gen_035,en,BONAFIDE,HUMAN,Varied Microphones,pcm_16k,16000,5.33,train
data/real/genuine_pool_00276.wav,REAL,Genuine_Pool,SPK_Gen_036,en,BONAFIDE,HUMAN,Varied Microphones,pcm_16k,16000,4.53,test
data/real/genuine_pool_00277.wav,REAL,Genuine_Pool,SPK_Gen_037,en,BONAFIDE,HUMAN,Varied Microphones,pcm_16k,16000,5.77,train
data/real/genuine_pool_00278.wav,REAL,Genuine_Pool,SPK_Gen_038,en,BONAFIDE,HUMAN,Varied Microphones,pcm_16k,16000,4.58,test
data/real/genuine_pool_00279.wav,REAL,Genuine_Pool,SPK_Gen_039,en,BONAFIDE,HUMAN,Varied Microphones,pcm_16k,16000,4.38,validation
data/real/genuine_pool_00280.wav,REAL,Genuine_Pool,SPK_Gen_040,en,BONAFIDE,HUMAN,Varied Microphones,pcm_16k,16000,4.97,train
data/real/genuine_pool_00281.wav,REAL,Genuine_Pool,SPK_Gen_041,en,BONAFIDE,HUMAN,Varied Microphones,pcm_16k,16000,5.7,train
data/real/genuine_pool_00282.wav,REAL,Genuine_Pool,SPK_Gen_042,en,BONAFIDE,HUMAN,Varied Microphones,pcm_16k,16000,5.13,train
data/real/genuine_pool_00283.wav,REAL,Genuine_Pool,SPK_Gen_043,en,BONAFIDE,HUMAN,Varied Microphones,pcm_16k,16000,5.73,train
data/real/genuine_pool_00284.wav,REAL,Genuine_Pool,SPK_Gen_044,en,BONAFIDE,HUMAN,Varied Microphones,pcm_16k,16000,4.54,train
data/real/genuine_pool_00285.wav,REAL,Genuine_Pool,SPK_Gen_045,en,BONAFIDE,HUMAN,Varied Microphones,pcm_16k,16000,5.39,validation
data/real/genuine_pool_00286.wav,REAL,Genuine_Pool,SPK_Gen_046,en,BONAFIDE,HUMAN,Varied Microphones,pcm_16k,16000,4.56,train
data/real/genuine_pool_00287.wav,REAL,Genuine_Pool,SPK_Gen_047,en,BONAFIDE,HUMAN,Varied Microphones,pcm_16k,16000,4.76,train
data/real/genuine_pool_00288.wav,REAL,Genuine_Pool,SPK_Gen_048,en,BONAFIDE,HUMAN,Varied Microphones,pcm_16k,16000,4.63,test
data/real/genuine_pool_00289.wav,REAL,Genuine_Pool,SPK_Gen_049,en,BONAFIDE,HUMAN,Varied Microphones,pcm_16k,16000,5.29,train
data/real/genuine_pool_00290.wav,REAL,Genuine_Pool,SPK_Gen_050,en,BONAFIDE,HUMAN,Varied Microphones,pcm_16k,16000,4.64,validation
data/real/genuine_pool_00291.wav,REAL,Genuine_Pool,SPK_Gen_051,en,BONAFIDE,HUMAN,Varied Microphones,pcm_16k,16000,4.3,train
data/real/genuine_pool_00292.wav,REAL,Genuine_Pool,SPK_Gen_052,en,BONAFIDE,HUMAN,Varied Microphones,pcm_16k,16000,4.75,train
data/real/genuine_pool_00293.wav,REAL,Genuine_Pool,SPK_Gen_053,en,BONAFIDE,HUMAN,Varied Microphones,pcm_16k,16000,4.98,train
data/real/genuine_pool_00294.wav,REAL,Genuine_Pool,SPK_Gen_054,en,BONAFIDE,HUMAN,Varied Microphones,pcm_16k,16000,5.04,train
data/real/genuine_pool_00295.wav,REAL,Genuine_Pool,SPK_Gen_055,en,BONAFIDE,HUMAN,Varied Microphones,pcm_16k,16000,4.4,train
data/real/genuine_pool_00296.wav,REAL,Genuine_Pool,SPK_Gen_056,en,BONAFIDE,HUMAN,Varied Microphones,pcm_16k,16000,5.34,test
data/real/genuine_pool_00297.wav,REAL,Genuine_Pool,SPK_Gen_057,en,BONAFIDE,HUMAN,Varied Microphones,pcm_16k,16000,5.29,train
data/real/genuine_pool_00298.wav,REAL,Genuine_Pool,SPK_Gen_058,en,BONAFIDE,HUMAN,Varied Microphones,pcm_16k,16000,5.05,validation
data/real/genuine_pool_00299.wav,REAL,Genuine_Pool,SPK_Gen_059,en,BONAFIDE,HUMAN,Varied Microphones,pcm_16k,16000,4.67,train
data/real/genuine_pool_00300.wav,REAL,Genuine_Pool,SPK_Gen_060,en,BONAFIDE,HUMAN,Varied Microphones,pcm_16k,16000,5.19,test
data/real/genuine_pool_00301.wav,REAL,Genuine_Pool,SPK_Gen_061,en,BONAFIDE,HUMAN,Varied Microphones,pcm_16k,16000,5.48,train
data/real/genuine_pool_00302.wav,REAL,Genuine_Pool,SPK_Gen_062,en,BONAFIDE,HUMAN,Varied Microphones,pcm_16k,16000,5.71,train
data/real/genuine_pool_00303.wav,REAL,Genuine_Pool,SPK_Gen_063,en,BONAFIDE,HUMAN,Varied Microphones,pcm_16k,16000,5.49,test
data/real/genuine_pool_00304.wav,REAL,Genuine_Pool,SPK_Gen_064,en,BONAFIDE,HUMAN,Varied Microphones,pcm_16k,16000,5.71,train
data/real/genuine_pool_00305.wav,REAL,Genuine_Pool,SPK_Gen_065,en,BONAFIDE,HUMAN,Varied Microphones,pcm_16k,16000,4.31,train
data/real/genuine_pool_00306.wav,REAL,Genuine_Pool,SPK_Gen_066,en,BONAFIDE,HUMAN,Varied Microphones,pcm_16k,16000,5.63,train
data/real/genuine_pool_00307.wav,REAL,Genuine_Pool,SPK_Gen_067,en,BONAFIDE,HUMAN,Varied Microphones,pcm_16k,16000,4.93,train
data/real/genuine_pool_00308.wav,REAL,Genuine_Pool,SPK_Gen_068,en,BONAFIDE,HUMAN,Varied Microphones,pcm_16k,16000,4.33,test
data/real/genuine_pool_00309.wav,REAL,Genuine_Pool,SPK_Gen_069,en,BONAFIDE,HUMAN,Varied Microphones,pcm_16k,16000,5.64,train
data/real/genuine_pool_00310.wav,REAL,Genuine_Pool,SPK_Gen_070,en,BONAFIDE,HUMAN,Varied Microphones,pcm_16k,16000,4.66,train
data/real/genuine_pool_00311.wav,REAL,Genuine_Pool,SPK_Gen_071,en,BONAFIDE,HUMAN,Varied Microphones,pcm_16k,16000,5.73,test
data/real/genuine_pool_00312.wav,REAL,Genuine_Pool,SPK_Gen_072,en,BONAFIDE,HUMAN,Varied Microphones,pcm_16k,16000,4.37,train
data/real/genuine_pool_00313.wav,REAL,Genuine_Pool,SPK_Gen_073,en,BONAFIDE,HUMAN,Varied Microphones,pcm_16k,16000,4.64,train
data/real/genuine_pool_00314.wav,REAL,Genuine_Pool,SPK_Gen_074,en,BONAFIDE,HUMAN,Varied Microphones,pcm_16k,16000,5.32,validation
data/real/genuine_pool_00315.wav,REAL,Genuine_Pool,SPK_Gen_075,en,BONAFIDE,HUMAN,Varied Microphones,pcm_16k,16000,4.99,train
data/real/genuine_pool_00316.wav,REAL,Genuine_Pool,SPK_Gen_076,en,BONAFIDE,HUMAN,Varied Microphones,pcm_16k,16000,5.6,train
data/real/genuine_pool_00317.wav,REAL,Genuine_Pool,SPK_Gen_077,en,BONAFIDE,HUMAN,Varied Microphones,pcm_16k,16000,5.03,train
data/real/genuine_pool_00318.wav,REAL,Genuine_Pool,SPK_Gen_078,en,BONAFIDE,HUMAN,Varied Microphones,pcm_16k,16000,5.2,train
data/real/genuine_pool_00319.wav,REAL,Genuine_Pool,SPK_Gen_079,en,BONAFIDE,HUMAN,Varied Microphones,pcm_16k,16000,4.67,train
data/real/genuine_pool_00320.wav,REAL,Genuine_Pool,SPK_Gen_080,en,BONAFIDE,HUMAN,Varied Microphones,pcm_16k,16000,5.75,train
data/real/genuine_pool_00321.wav,REAL,Genuine_Pool,SPK_Gen_081,en,BONAFIDE,HUMAN,Varied Microphones,pcm_16k,16000,5.07,test
data/real/genuine_pool_00322.wav,REAL,Genuine_Pool,SPK_Gen_082,en,BONAFIDE,HUMAN,Varied Microphones,pcm_16k,16000,4.41,train
data/real/genuine_pool_00323.wav,REAL,Genuine_Pool,SPK_Gen_083,en,BONAFIDE,HUMAN,Varied Microphones,pcm_16k,16000,4.75,train
data/real/genuine_pool_00324.wav,REAL,Genuine_Pool,SPK_Gen_084,en,BONAFIDE,HUMAN,Varied Microphones,pcm_16k,16000,4.91,test
data/real/genuine_pool_00325.wav,REAL,Genuine_Pool,SPK_Gen_085,en,BONAFIDE,HUMAN,Varied Microphones,pcm_16k,16000,5.23,test
data/real/genuine_pool_00326.wav,REAL,Genuine_Pool,SPK_Gen_086,en,BONAFIDE,HUMAN,Varied Microphones,pcm_16k,16000,4.67,train
data/real/genuine_pool_00327.wav,REAL,Genuine_Pool,SPK_Gen_087,en,BONAFIDE,HUMAN,Varied Microphones,pcm_16k,16000,4.3,train
data/real/genuine_pool_00328.wav,REAL,Genuine_Pool,SPK_Gen_088,en,BONAFIDE,HUMAN,Varied Microphones,pcm_16k,16000,5.59,test
data/real/genuine_pool_00329.wav,REAL,Genuine_Pool,SPK_Gen_089,en,BONAFIDE,HUMAN,Varied Microphones,pcm_16k,16000,4.57,train
data/real/genuine_pool_00330.wav,REAL,Genuine_Pool,SPK_Gen_090,en,BONAFIDE,HUMAN,Varied Microphones,pcm_16k,16000,5.72,test
data/real/genuine_pool_00331.wav,REAL,Genuine_Pool,SPK_Gen_091,en,BONAFIDE,HUMAN,Varied Microphones,pcm_16k,16000,5.23,validation
data/real/genuine_pool_00332.wav,REAL,Genuine_Pool,SPK_Gen_092,en,BONAFIDE,HUMAN,Varied Microphones,pcm_16k,16000,4.86,test
data/real/genuine_pool_00333.wav,REAL,Genuine_Pool,SPK_Gen_093,en,BONAFIDE,HUMAN,Varied Microphones,pcm_16k,16000,4.75,train
data/real/genuine_pool_00334.wav,REAL,Genuine_Pool,SPK_Gen_094,en,BONAFIDE,HUMAN,Varied Microphones,pcm_16k,16000,5.23,train
data/real/genuine_pool_00335.wav,REAL,Genuine_Pool,SPK_Gen_095,en,BONAFIDE,HUMAN,Varied Microphones,pcm_16k,16000,4.72,train
data/real/genuine_pool_00336.wav,REAL,Genuine_Pool,SPK_Gen_096,en,BONAFIDE,HUMAN,Varied Microphones,pcm_16k,16000,5.15,validation
data/real/genuine_pool_00337.wav,REAL,Genuine_Pool,SPK_Gen_097,en,BONAFIDE,HUMAN,Varied Microphones,pcm_16k,16000,5.31,train
data/real/genuine_pool_00338.wav,REAL,Genuine_Pool,SPK_Gen_098,en,BONAFIDE,HUMAN,Varied Microphones,pcm_16k,16000,5.55,train
data/real/genuine_pool_00339.wav,REAL,Genuine_Pool,SPK_Gen_099,en,BONAFIDE,HUMAN,Varied Microphones,pcm_16k,16000,4.91,test
data/real/genuine_pool_00340.wav,REAL,Genuine_Pool,SPK_Gen_100,en,BONAFIDE,HUMAN,Varied Microphones,pcm_16k,16000,4.69,validation
data/real/genuine_pool_00341.wav,REAL,Genuine_Pool,SPK_Gen_101,en,BONAFIDE,HUMAN,Varied Microphones,pcm_16k,16000,4.41,train
data/real/genuine_pool_00342.wav,REAL,Genuine_Pool,SPK_Gen_102,en,BONAFIDE,HUMAN,Varied Microphones,pcm_16k,16000,5.46,train
data/real/genuine_pool_00343.wav,REAL,Genuine_Pool,SPK_Gen_103,en,BONAFIDE,HUMAN,Varied Microphones,pcm_16k,16000,4.47,train
data/real/genuine_pool_00344.wav,REAL,Genuine_Pool,SPK_Gen_104,en,BONAFIDE,HUMAN,Varied Microphones,pcm_16k,16000,4.62,train
data/real/genuine_pool_00345.wav,REAL,Genuine_Pool,SPK_Gen_105,en,BONAFIDE,HUMAN,Varied Microphones,pcm_16k,16000,4.97,train
data/real/genuine_pool_00346.wav,REAL,Genuine_Pool,SPK_Gen_106,en,BONAFIDE,HUMAN,Varied Microphones,pcm_16k,16000,5.75,train
data/real/genuine_pool_00347.wav,REAL,Genuine_Pool,SPK_Gen_107,en,BONAFIDE,HUMAN,Varied Microphones,pcm_16k,16000,5.43,train
data/real/genuine_pool_00348.wav,REAL,Genuine_Pool,SPK_Gen_108,en,BONAFIDE,HUMAN,Varied Microphones,pcm_16k,16000,4.28,train
data/real/genuine_pool_00349.wav,REAL,Genuine_Pool,SPK_Gen_109,en,BONAFIDE,HUMAN,Varied Microphones,pcm_16k,16000,4.76,test
data/real/genuine_pool_00350.wav,REAL,Genuine_Pool,SPK_Gen_110,en,BONAFIDE,HUMAN,Varied Microphones,pcm_16k,16000,4.93,train
data/real/genuine_pool_00351.wav,REAL,Genuine_Pool,SPK_Gen_111,en,BONAFIDE,HUMAN,Varied Microphones,pcm_16k,16000,4.47,train
data/real/genuine_pool_00352.wav,REAL,Genuine_Pool,SPK_Gen_112,en,BONAFIDE,HUMAN,Varied Microphones,pcm_16k,16000,5.68,train
data/real/genuine_pool_00353.wav,REAL,Genuine_Pool,SPK_Gen_113,en,BONAFIDE,HUMAN,Varied Microphones,pcm_16k,16000,5.34,train
data/real/genuine_pool_00354.wav,REAL,Genuine_Pool,SPK_Gen_114,en,BONAFIDE,HUMAN,Varied Microphones,pcm_16k,16000,4.66,train
data/real/genuine_pool_00355.wav,REAL,Genuine_Pool,SPK_Gen_115,en,BONAFIDE,HUMAN,Varied Microphones,pcm_16k,16000,5.76,validation
data/real/genuine_pool_00356.wav,REAL,Genuine_Pool,SPK_Gen_116,en,BONAFIDE,HUMAN,Varied Microphones,pcm_16k,16000,5.54,validation
data/real/genuine_pool_00357.wav,REAL,Genuine_Pool,SPK_Gen_117,en,BONAFIDE,HUMAN,Varied Microphones,pcm_16k,16000,5.31,test
data/real/genuine_pool_00358.wav,REAL,Genuine_Pool,SPK_Gen_118,en,BONAFIDE,HUMAN,Varied Microphones,pcm_16k,16000,5.27,train
data/real/genuine_pool_00359.wav,REAL,Genuine_Pool,SPK_Gen_119,en,BONAFIDE,HUMAN,Varied Microphones,pcm_16k,16000,4.45,test
data/real/genuine_pool_00360.wav,REAL,Genuine_Pool,SPK_Gen_000,en,BONAFIDE,HUMAN,Varied Microphones,pcm_16k,16000,4.58,validation
data/real/genuine_pool_00361.wav,REAL,Genuine_Pool,SPK_Gen_001,en,BONAFIDE,HUMAN,Varied Microphones,pcm_16k,16000,4.27,train
data/real/genuine_pool_00362.wav,REAL,Genuine_Pool,SPK_Gen_002,en,BONAFIDE,HUMAN,Varied Microphones,pcm_16k,16000,4.71,validation
data/real/genuine_pool_00363.wav,REAL,Genuine_Pool,SPK_Gen_003,en,BONAFIDE,HUMAN,Varied Microphones,pcm_16k,16000,4.4,test
data/real/genuine_pool_00364.wav,REAL,Genuine_Pool,SPK_Gen_004,en,BONAFIDE,HUMAN,Varied Microphones,pcm_16k,16000,4.62,train
data/real/genuine_pool_00365.wav,REAL,Genuine_Pool,SPK_Gen_005,en,BONAFIDE,HUMAN,Varied Microphones,pcm_16k,16000,4.5,train
data/real/genuine_pool_00366.wav,REAL,Genuine_Pool,SPK_Gen_006,en,BONAFIDE,HUMAN,Varied Microphones,pcm_16k,16000,5.1,train
data/real/genuine_pool_00367.wav,REAL,Genuine_Pool,SPK_Gen_007,en,BONAFIDE,HUMAN,Varied Microphones,pcm_16k,16000,4.26,train
data/real/genuine_pool_00368.wav,REAL,Genuine_Pool,SPK_Gen_008,en,BONAFIDE,HUMAN,Varied Microphones,pcm_16k,16000,4.71,test
data/real/genuine_pool_00369.wav,REAL,Genuine_Pool,SPK_Gen_009,en,BONAFIDE,HUMAN,Varied Microphones,pcm_16k,16000,4.75,train
data/real/genuine_pool_00370.wav,REAL,Genuine_Pool,SPK_Gen_010,en,BONAFIDE,HUMAN,Varied Microphones,pcm_16k,16000,4.8,train
data/real/genuine_pool_00371.wav,REAL,Genuine_Pool,SPK_Gen_011,en,BONAFIDE,HUMAN,Varied Microphones,pcm_16k,16000,5.06,train
data/real/genuine_pool_00372.wav,REAL,Genuine_Pool,SPK_Gen_012,en,BONAFIDE,HUMAN,Varied Microphones,pcm_16k,16000,4.46,train
data/real/genuine_pool_00373.wav,REAL,Genuine_Pool,SPK_Gen_013,en,BONAFIDE,HUMAN,Varied Microphones,pcm_16k,16000,4.68,train
data/real/genuine_pool_00374.wav,REAL,Genuine_Pool,SPK_Gen_014,en,BONAFIDE,HUMAN,Varied Microphones,pcm_16k,16000,5.67,test
data/real/genuine_pool_00375.wav,REAL,Genuine_Pool,SPK_Gen_015,en,BONAFIDE,HUMAN,Varied Microphones,pcm_16k,16000,4.85,train
data/real/genuine_pool_00376.wav,REAL,Genuine_Pool,SPK_Gen_016,en,BONAFIDE,HUMAN,Varied Microphones,pcm_16k,16000,5.0,train
data/real/genuine_pool_00377.wav,REAL,Genuine_Pool,SPK_Gen_017,en,BONAFIDE,HUMAN,Varied Microphones,pcm_16k,16000,4.43,validation
data/real/genuine_pool_00378.wav,REAL,Genuine_Pool,SPK_Gen_018,en,BONAFIDE,HUMAN,Varied Microphones,pcm_16k,16000,4.93,test
data/real/genuine_pool_00379.wav,REAL,Genuine_Pool,SPK_Gen_019,en,BONAFIDE,HUMAN,Varied Microphones,pcm_16k,16000,4.71,train
data/real/genuine_pool_00380.wav,REAL,Genuine_Pool,SPK_Gen_020,en,BONAFIDE,HUMAN,Varied Microphones,pcm_16k,16000,4.21,test
data/real/genuine_pool_00381.wav,REAL,Genuine_Pool,SPK_Gen_021,en,BONAFIDE,HUMAN,Varied Microphones,pcm_16k,16000,5.38,test
data/real/genuine_pool_00382.wav,REAL,Genuine_Pool,SPK_Gen_022,en,BONAFIDE,HUMAN,Varied Microphones,pcm_16k,16000,5.76,train
data/real/genuine_pool_00383.wav,REAL,Genuine_Pool,SPK_Gen_023,en,BONAFIDE,HUMAN,Varied Microphones,pcm_16k,16000,4.73,train
data/real/genuine_pool_00384.wav,REAL,Genuine_Pool,SPK_Gen_024,en,BONAFIDE,HUMAN,Varied Microphones,pcm_16k,16000,5.33,test
data/real/genuine_pool_00385.wav,REAL,Genuine_Pool,SPK_Gen_025,en,BONAFIDE,HUMAN,Varied Microphones,pcm_16k,16000,4.96,train
data/real/genuine_pool_00386.wav,REAL,Genuine_Pool,SPK_Gen_026,en,BONAFIDE,HUMAN,Varied Microphones,pcm_16k,16000,4.66,train
data/real/genuine_pool_00387.wav,REAL,Genuine_Pool,SPK_Gen_027,en,BONAFIDE,HUMAN,Varied Microphones,pcm_16k,16000,5.71,test
data/real/genuine_pool_00388.wav,REAL,Genuine_Pool,SPK_Gen_028,en,BONAFIDE,HUMAN,Varied Microphones,pcm_16k,16000,5.77,train
data/real/genuine_pool_00389.wav,REAL,Genuine_Pool,SPK_Gen_029,en,BONAFIDE,HUMAN,Varied Microphones,pcm_16k,16000,5.12,validation
data/real/genuine_pool_00390.wav,REAL,Genuine_Pool,SPK_Gen_030,en,BONAFIDE,HUMAN,Varied Microphones,pcm_16k,16000,4.44,train
data/real/genuine_pool_00391.wav,REAL,Genuine_Pool,SPK_Gen_031,en,BONAFIDE,HUMAN,Varied Microphones,pcm_16k,16000,5.1,train
data/real/genuine_pool_00392.wav,REAL,Genuine_Pool,SPK_Gen_032,en,BONAFIDE,HUMAN,Varied Microphones,pcm_16k,16000,5.65,train
data/real/genuine_pool_00393.wav,REAL,Genuine_Pool,SPK_Gen_033,en,BONAFIDE,HUMAN,Varied Microphones,pcm_16k,16000,4.91,train
data/real/genuine_pool_00394.wav,REAL,Genuine_Pool,SPK_Gen_034,en,BONAFIDE,HUMAN,Varied Microphones,pcm_16k,16000,5.3,train
data/real/genuine_pool_00395.wav,REAL,Genuine_Pool,SPK_Gen_035,en,BONAFIDE,HUMAN,Varied Microphones,pcm_16k,16000,5.37,train
data/real/genuine_pool_00396.wav,REAL,Genuine_Pool,SPK_Gen_036,en,BONAFIDE,HUMAN,Varied Microphones,pcm_16k,16000,5.64,test
data/real/genuine_pool_00397.wav,REAL,Genuine_Pool,SPK_Gen_037,en,BONAFIDE,HUMAN,Varied Microphones,pcm_16k,16000,4.42,train
data/real/genuine_pool_00398.wav,REAL,Genuine_Pool,SPK_Gen_038,en,BONAFIDE,HUMAN,Varied Microphones,pcm_16k,16000,5.08,test
data/real/genuine_pool_00399.wav,REAL,Genuine_Pool,SPK_Gen_039,en,BONAFIDE,HUMAN,Varied Microphones,pcm_16k,16000,4.69,validation
data/real/genuine_pool_00400.wav,REAL,Genuine_Pool,SPK_Gen_040,en,BONAFIDE,HUMAN,Varied Microphones,pcm_16k,16000,4.84,train
data/real/genuine_pool_00401.wav,REAL,Genuine_Pool,SPK_Gen_041,en,BONAFIDE,HUMAN,Varied Microphones,pcm_16k,16000,5.55,train
data/real/genuine_pool_00402.wav,REAL,Genuine_Pool,SPK_Gen_042,en,BONAFIDE,HUMAN,Varied Microphones,pcm_16k,16000,4.91,train
data/real/genuine_pool_00403.wav,REAL,Genuine_Pool,SPK_Gen_043,en,BONAFIDE,HUMAN,Varied Microphones,pcm_16k,16000,4.35,train
data/real/genuine_pool_00404.wav,REAL,Genuine_Pool,SPK_Gen_044,en,BONAFIDE,HUMAN,Varied Microphones,pcm_16k,16000,4.29,train
data/real/genuine_pool_00405.wav,REAL,Genuine_Pool,SPK_Gen_045,en,BONAFIDE,HUMAN,Varied Microphones,pcm_16k,16000,5.23,validation
data/real/genuine_pool_00406.wav,REAL,Genuine_Pool,SPK_Gen_046,en,BONAFIDE,HUMAN,Varied Microphones,pcm_16k,16000,5.13,train
data/real/genuine_pool_00407.wav,REAL,Genuine_Pool,SPK_Gen_047,en,BONAFIDE,HUMAN,Varied Microphones,pcm_16k,16000,4.56,train
data/real/genuine_pool_00408.wav,REAL,Genuine_Pool,SPK_Gen_048,en,BONAFIDE,HUMAN,Varied Microphones,pcm_16k,16000,5.7,test
data/real/genuine_pool_00409.wav,REAL,Genuine_Pool,SPK_Gen_049,en,BONAFIDE,HUMAN,Varied Microphones,pcm_16k,16000,4.64,train
data/real/genuine_pool_00410.wav,REAL,Genuine_Pool,SPK_Gen_050,en,BONAFIDE,HUMAN,Varied Microphones,pcm_16k,16000,4.24,validation
data/real/genuine_pool_00411.wav,REAL,Genuine_Pool,SPK_Gen_051,en,BONAFIDE,HUMAN,Varied Microphones,pcm_16k,16000,5.06,train
data/real/genuine_pool_00412.wav,REAL,Genuine_Pool,SPK_Gen_052,en,BONAFIDE,HUMAN,Varied Microphones,pcm_16k,16000,4.91,train
data/real/genuine_pool_00413.wav,REAL,Genuine_Pool,SPK_Gen_053,en,BONAFIDE,HUMAN,Varied Microphones,pcm_16k,16000,5.27,train
data/real/genuine_pool_00414.wav,REAL,Genuine_Pool,SPK_Gen_054,en,BONAFIDE,HUMAN,Varied Microphones,pcm_16k,16000,4.34,train
data/real/genuine_pool_00415.wav,REAL,Genuine_Pool,SPK_Gen_055,en,BONAFIDE,HUMAN,Varied Microphones,pcm_16k,16000,5.02,train
data/real/genuine_pool_00416.wav,REAL,Genuine_Pool,SPK_Gen_056,en,BONAFIDE,HUMAN,Varied Microphones,pcm_16k,16000,4.51,test
data/real/genuine_pool_00417.wav,REAL,Genuine_Pool,SPK_Gen_057,en,BONAFIDE,HUMAN,Varied Microphones,pcm_16k,16000,4.71,train
data/real/genuine_pool_00418.wav,REAL,Genuine_Pool,SPK_Gen_058,en,BONAFIDE,HUMAN,Varied Microphones,pcm_16k,16000,5.17,validation
data/real/genuine_pool_00419.wav,REAL,Genuine_Pool,SPK_Gen_059,en,BONAFIDE,HUMAN,Varied Microphones,pcm_16k,16000,5.71,train
data/real/genuine_pool_00420.wav,REAL,Genuine_Pool,SPK_Gen_060,en,BONAFIDE,HUMAN,Varied Microphones,pcm_16k,16000,5.65,test
data/real/genuine_pool_00421.wav,REAL,Genuine_Pool,SPK_Gen_061,en,BONAFIDE,HUMAN,Varied Microphones,pcm_16k,16000,4.78,train
data/real/genuine_pool_00422.wav,REAL,Genuine_Pool,SPK_Gen_062,en,BONAFIDE,HUMAN,Varied Microphones,pcm_16k,16000,4.44,train
data/real/genuine_pool_00423.wav,REAL,Genuine_Pool,SPK_Gen_063,en,BONAFIDE,HUMAN,Varied Microphones,pcm_16k,16000,5.57,test
data/real/genuine_pool_00424.wav,REAL,Genuine_Pool,SPK_Gen_064,en,BONAFIDE,HUMAN,Varied Microphones,pcm_16k,16000,4.79,train
data/real/genuine_pool_00425.wav,REAL,Genuine_Pool,SPK_Gen_065,en,BONAFIDE,HUMAN,Varied Microphones,pcm_16k,16000,4.8,train
data/real/genuine_pool_00426.wav,REAL,Genuine_Pool,SPK_Gen_066,en,BONAFIDE,HUMAN,Varied Microphones,pcm_16k,16000,4.66,train
data/real/genuine_pool_00427.wav,REAL,Genuine_Pool,SPK_Gen_067,en,BONAFIDE,HUMAN,Varied Microphones,pcm_16k,16000,4.76,train
data/real/genuine_pool_00428.wav,REAL,Genuine_Pool,SPK_Gen_068,en,BONAFIDE,HUMAN,Varied Microphones,pcm_16k,16000,5.76,test
data/real/genuine_pool_00429.wav,REAL,Genuine_Pool,SPK_Gen_069,en,BONAFIDE,HUMAN,Varied Microphones,pcm_16k,16000,5.6,train
data/real/genuine_pool_00430.wav,REAL,Genuine_Pool,SPK_Gen_070,en,BONAFIDE,HUMAN,Varied Microphones,pcm_16k,16000,4.34,train
data/real/genuine_pool_00431.wav,REAL,Genuine_Pool,SPK_Gen_071,en,BONAFIDE,HUMAN,Varied Microphones,pcm_16k,16000,5.36,test
data/real/genuine_pool_00432.wav,REAL,Genuine_Pool,SPK_Gen_072,en,BONAFIDE,HUMAN,Varied Microphones,pcm_16k,16000,4.91,train
data/real/genuine_pool_00433.wav,REAL,Genuine_Pool,SPK_Gen_073,en,BONAFIDE,HUMAN,Varied Microphones,pcm_16k,16000,5.79,train
data/real/genuine_pool_00434.wav,REAL,Genuine_Pool,SPK_Gen_074,en,BONAFIDE,HUMAN,Varied Microphones,pcm_16k,16000,5.49,validation
data/real/genuine_pool_00435.wav,REAL,Genuine_Pool,SPK_Gen_075,en,BONAFIDE,HUMAN,Varied Microphones,pcm_16k,16000,4.66,train
data/real/genuine_pool_00436.wav,REAL,Genuine_Pool,SPK_Gen_076,en,BONAFIDE,HUMAN,Varied Microphones,pcm_16k,16000,5.49,train
data/real/genuine_pool_00437.wav,REAL,Genuine_Pool,SPK_Gen_077,en,BONAFIDE,HUMAN,Varied Microphones,pcm_16k,16000,5.75,train
data/real/genuine_pool_00438.wav,REAL,Genuine_Pool,SPK_Gen_078,en,BONAFIDE,HUMAN,Varied Microphones,pcm_16k,16000,4.88,train
data/real/genuine_pool_00439.wav,REAL,Genuine_Pool,SPK_Gen_079,en,BONAFIDE,HUMAN,Varied Microphones,pcm_16k,16000,5.63,train
data/real/genuine_pool_00440.wav,REAL,Genuine_Pool,SPK_Gen_080,en,BONAFIDE,HUMAN,Varied Microphones,pcm_16k,16000,4.42,train
data/real/genuine_pool_00441.wav,REAL,Genuine_Pool,SPK_Gen_081,en,BONAFIDE,HUMAN,Varied Microphones,pcm_16k,16000,5.14,test
data/real/genuine_pool_00442.wav,REAL,Genuine_Pool,SPK_Gen_082,en,BONAFIDE,HUMAN,Varied Microphones,pcm_16k,16000,4.34,train
data/real/genuine_pool_00443.wav,REAL,Genuine_Pool,SPK_Gen_083,en,BONAFIDE,HUMAN,Varied Microphones,pcm_16k,16000,4.53,train
data/real/genuine_pool_00444.wav,REAL,Genuine_Pool,SPK_Gen_084,en,BONAFIDE,HUMAN,Varied Microphones,pcm_16k,16000,4.96,test
data/real/genuine_pool_00445.wav,REAL,Genuine_Pool,SPK_Gen_085,en,BONAFIDE,HUMAN,Varied Microphones,pcm_16k,16000,5.59,test
data/real/genuine_pool_00446.wav,REAL,Genuine_Pool,SPK_Gen_086,en,BONAFIDE,HUMAN,Varied Microphones,pcm_16k,16000,5.78,train
data/real/genuine_pool_00447.wav,REAL,Genuine_Pool,SPK_Gen_087,en,BONAFIDE,HUMAN,Varied Microphones,pcm_16k,16000,4.31,train
data/real/genuine_pool_00448.wav,REAL,Genuine_Pool,SPK_Gen_088,en,BONAFIDE,HUMAN,Varied Microphones,pcm_16k,16000,5.74,test
data/real/genuine_pool_00449.wav,REAL,Genuine_Pool,SPK_Gen_089,en,BONAFIDE,HUMAN,Varied Microphones,pcm_16k,16000,5.41,train
data/real/genuine_pool_00450.wav,REAL,Genuine_Pool,SPK_Gen_090,en,BONAFIDE,HUMAN,Varied Microphones,pcm_16k,16000,4.34,test
data/real/genuine_pool_00451.wav,REAL,Genuine_Pool,SPK_Gen_091,en,BONAFIDE,HUMAN,Varied Microphones,pcm_16k,16000,4.86,validation
data/real/genuine_pool_00452.wav,REAL,Genuine_Pool,SPK_Gen_092,en,BONAFIDE,HUMAN,Varied Microphones,pcm_16k,16000,5.66,test
data/real/genuine_pool_00453.wav,REAL,Genuine_Pool,SPK_Gen_093,en,BONAFIDE,HUMAN,Varied Microphones,pcm_16k,16000,4.86,train
data/real/genuine_pool_00454.wav,REAL,Genuine_Pool,SPK_Gen_094,en,BONAFIDE,HUMAN,Varied Microphones,pcm_16k,16000,5.09,train
data/real/genuine_pool_00455.wav,REAL,Genuine_Pool,SPK_Gen_095,en,BONAFIDE,HUMAN,Varied Microphones,pcm_16k,16000,5.34,train
data/real/genuine_pool_00456.wav,REAL,Genuine_Pool,SPK_Gen_096,en,BONAFIDE,HUMAN,Varied Microphones,pcm_16k,16000,5.41,validation
data/real/genuine_pool_00457.wav,REAL,Genuine_Pool,SPK_Gen_097,en,BONAFIDE,HUMAN,Varied Microphones,pcm_16k,16000,4.42,train
data/real/genuine_pool_00458.wav,REAL,Genuine_Pool,SPK_Gen_098,en,BONAFIDE,HUMAN,Varied Microphones,pcm_16k,16000,4.5,train
data/real/genuine_pool_00459.wav,REAL,Genuine_Pool,SPK_Gen_099,en,BONAFIDE,HUMAN,Varied Microphones,pcm_16k,16000,4.81,test
data/real/genuine_pool_00460.wav,REAL,Genuine_Pool,SPK_Gen_100,en,BONAFIDE,HUMAN,Varied Microphones,pcm_16k,16000,5.09,validation
data/real/genuine_pool_00461.wav,REAL,Genuine_Pool,SPK_Gen_101,en,BONAFIDE,HUMAN,Varied Microphones,pcm_16k,16000,4.27,train
data/real/genuine_pool_00462.wav,REAL,Genuine_Pool,SPK_Gen_102,en,BONAFIDE,HUMAN,Varied Microphones,pcm_16k,16000,5.52,train
data/real/genuine_pool_00463.wav,REAL,Genuine_Pool,SPK_Gen_103,en,BONAFIDE,HUMAN,Varied Microphones,pcm_16k,16000,5.54,train
data/real/genuine_pool_00464.wav,REAL,Genuine_Pool,SPK_Gen_104,en,BONAFIDE,HUMAN,Varied Microphones,pcm_16k,16000,4.69,train
data/real/genuine_pool_00465.wav,REAL,Genuine_Pool,SPK_Gen_105,en,BONAFIDE,HUMAN,Varied Microphones,pcm_16k,16000,5.09,train
data/real/genuine_pool_00466.wav,REAL,Genuine_Pool,SPK_Gen_106,en,BONAFIDE,HUMAN,Varied Microphones,pcm_16k,16000,4.94,train
data/real/genuine_pool_00467.wav,REAL,Genuine_Pool,SPK_Gen_107,en,BONAFIDE,HUMAN,Varied Microphones,pcm_16k,16000,4.24,train
data/real/genuine_pool_00468.wav,REAL,Genuine_Pool,SPK_Gen_108,en,BONAFIDE,HUMAN,Varied Microphones,pcm_16k,16000,4.2,train
data/real/genuine_pool_00469.wav,REAL,Genuine_Pool,SPK_Gen_109,en,BONAFIDE,HUMAN,Varied Microphones,pcm_16k,16000,4.62,test
data/real/genuine_pool_00470.wav,REAL,Genuine_Pool,SPK_Gen_110,en,BONAFIDE,HUMAN,Varied Microphones,pcm_16k,16000,5.73,train
data/real/genuine_pool_00471.wav,REAL,Genuine_Pool,SPK_Gen_111,en,BONAFIDE,HUMAN,Varied Microphones,pcm_16k,16000,5.53,train
data/real/genuine_pool_00472.wav,REAL,Genuine_Pool,SPK_Gen_112,en,BONAFIDE,HUMAN,Varied Microphones,pcm_16k,16000,4.96,train
data/real/genuine_pool_00473.wav,REAL,Genuine_Pool,SPK_Gen_113,en,BONAFIDE,HUMAN,Varied Microphones,pcm_16k,16000,5.25,train
data/real/genuine_pool_00474.wav,REAL,Genuine_Pool,SPK_Gen_114,en,BONAFIDE,HUMAN,Varied Microphones,pcm_16k,16000,5.63,train
data/real/genuine_pool_00475.wav,REAL,Genuine_Pool,SPK_Gen_115,en,BONAFIDE,HUMAN,Varied Microphones,pcm_16k,16000,4.87,validation
data/real/genuine_pool_00476.wav,REAL,Genuine_Pool,SPK_Gen_116,en,BONAFIDE,HUMAN,Varied Microphones,pcm_16k,16000,4.99,validation
data/real/genuine_pool_00477.wav,REAL,Genuine_Pool,SPK_Gen_117,en,BONAFIDE,HUMAN,Varied Microphones,pcm_16k,16000,5.3,test
data/real/genuine_pool_00478.wav,REAL,Genuine_Pool,SPK_Gen_118,en,BONAFIDE,HUMAN,Varied Microphones,pcm_16k,16000,4.59,train
data/real/genuine_pool_00479.wav,REAL,Genuine_Pool,SPK_Gen_119,en,BONAFIDE,HUMAN,Varied Microphones,pcm_16k,16000,4.39,test
data/real/genuine_pool_00480.wav,REAL,Genuine_Pool,SPK_Gen_000,en,BONAFIDE,HUMAN,Varied Microphones,pcm_16k,16000,4.64,validation
data/real/genuine_pool_00481.wav,REAL,Genuine_Pool,SPK_Gen_001,en,BONAFIDE,HUMAN,Varied Microphones,pcm_16k,16000,5.79,train
data/real/genuine_pool_00482.wav,REAL,Genuine_Pool,SPK_Gen_002,en,BONAFIDE,HUMAN,Varied Microphones,pcm_16k,16000,4.31,validation
data/real/genuine_pool_00483.wav,REAL,Genuine_Pool,SPK_Gen_003,en,BONAFIDE,HUMAN,Varied Microphones,pcm_16k,16000,5.39,test
data/real/genuine_pool_00484.wav,REAL,Genuine_Pool,SPK_Gen_004,en,BONAFIDE,HUMAN,Varied Microphones,pcm_16k,16000,5.13,train
data/real/genuine_pool_00485.wav,REAL,Genuine_Pool,SPK_Gen_005,en,BONAFIDE,HUMAN,Varied Microphones,pcm_16k,16000,5.1,train
data/real/genuine_pool_00486.wav,REAL,Genuine_Pool,SPK_Gen_006,en,BONAFIDE,HUMAN,Varied Microphones,pcm_16k,16000,5.59,train
data/real/genuine_pool_00487.wav,REAL,Genuine_Pool,SPK_Gen_007,en,BONAFIDE,HUMAN,Varied Microphones,pcm_16k,16000,5.2,train
data/real/genuine_pool_00488.wav,REAL,Genuine_Pool,SPK_Gen_008,en,BONAFIDE,HUMAN,Varied Microphones,pcm_16k,16000,4.96,test
data/real/genuine_pool_00489.wav,REAL,Genuine_Pool,SPK_Gen_009,en,BONAFIDE,HUMAN,Varied Microphones,pcm_16k,16000,5.31,train
data/real/genuine_pool_00490.wav,REAL,Genuine_Pool,SPK_Gen_010,en,BONAFIDE,HUMAN,Varied Microphones,pcm_16k,16000,4.39,train
data/real/genuine_pool_00491.wav,REAL,Genuine_Pool,SPK_Gen_011,en,BONAFIDE,HUMAN,Varied Microphones,pcm_16k,16000,5.02,train
data/real/genuine_pool_00492.wav,REAL,Genuine_Pool,SPK_Gen_012,en,BONAFIDE,HUMAN,Varied Microphones,pcm_16k,16000,5.12,train
data/real/genuine_pool_00493.wav,REAL,Genuine_Pool,SPK_Gen_013,en,BONAFIDE,HUMAN,Varied Microphones,pcm_16k,16000,5.55,train
data/real/genuine_pool_00494.wav,REAL,Genuine_Pool,SPK_Gen_014,en,BONAFIDE,HUMAN,Varied Microphones,pcm_16k,16000,4.46,test
data/real/genuine_pool_00495.wav,REAL,Genuine_Pool,SPK_Gen_015,en,BONAFIDE,HUMAN,Varied Microphones,pcm_16k,16000,4.29,train
data/real/genuine_pool_00496.wav,REAL,Genuine_Pool,SPK_Gen_016,en,BONAFIDE,HUMAN,Varied Microphones,pcm_16k,16000,4.71,train
data/real/genuine_pool_00497.wav,REAL,Genuine_Pool,SPK_Gen_017,en,BONAFIDE,HUMAN,Varied Microphones,pcm_16k,16000,5.61,validation
data/real/genuine_pool_00498.wav,REAL,Genuine_Pool,SPK_Gen_018,en,BONAFIDE,HUMAN,Varied Microphones,pcm_16k,16000,4.42,test
data/real/genuine_pool_00499.wav,REAL,Genuine_Pool,SPK_Gen_019,en,BONAFIDE,HUMAN,Varied Microphones,pcm_16k,16000,4.46,train
data/real/genuine_pool_00500.wav,REAL,Genuine_Pool,SPK_Gen_020,en,BONAFIDE,HUMAN,Varied Microphones,pcm_16k,16000,4.64,test
data/real/genuine_pool_00501.wav,REAL,Genuine_Pool,SPK_Gen_021,en,BONAFIDE,HUMAN,Varied Microphones,pcm_16k,16000,4.87,test
data/real/genuine_pool_00502.wav,REAL,Genuine_Pool,SPK_Gen_022,en,BONAFIDE,HUMAN,Varied Microphones,pcm_16k,16000,5.66,train
data/real/genuine_pool_00503.wav,REAL,Genuine_Pool,SPK_Gen_023,en,BONAFIDE,HUMAN,Varied Microphones,pcm_16k,16000,4.77,train
data/real/genuine_pool_00504.wav,REAL,Genuine_Pool,SPK_Gen_024,en,BONAFIDE,HUMAN,Varied Microphones,pcm_16k,16000,4.66,test
data/real/genuine_pool_00505.wav,REAL,Genuine_Pool,SPK_Gen_025,en,BONAFIDE,HUMAN,Varied Microphones,pcm_16k,16000,5.05,train
data/real/genuine_pool_00506.wav,REAL,Genuine_Pool,SPK_Gen_026,en,BONAFIDE,HUMAN,Varied Microphones,pcm_16k,16000,5.7,train
data/real/genuine_pool_00507.wav,REAL,Genuine_Pool,SPK_Gen_027,en,BONAFIDE,HUMAN,Varied Microphones,pcm_16k,16000,5.02,test
data/real/genuine_pool_00508.wav,REAL,Genuine_Pool,SPK_Gen_028,en,BONAFIDE,HUMAN,Varied Microphones,pcm_16k,16000,5.43,train
data/real/genuine_pool_00509.wav,REAL,Genuine_Pool,SPK_Gen_029,en,BONAFIDE,HUMAN,Varied Microphones,pcm_16k,16000,4.49,validation
data/real/genuine_pool_00510.wav,REAL,Genuine_Pool,SPK_Gen_030,en,BONAFIDE,HUMAN,Varied Microphones,pcm_16k,16000,4.35,train
data/real/genuine_pool_00511.wav,REAL,Genuine_Pool,SPK_Gen_031,en,BONAFIDE,HUMAN,Varied Microphones,pcm_16k,16000,5.4,train
data/real/genuine_pool_00512.wav,REAL,Genuine_Pool,SPK_Gen_032,en,BONAFIDE,HUMAN,Varied Microphones,pcm_16k,16000,5.07,train
data/real/genuine_pool_00513.wav,REAL,Genuine_Pool,SPK_Gen_033,en,BONAFIDE,HUMAN,Varied Microphones,pcm_16k,16000,5.6,train
data/real/genuine_pool_00514.wav,REAL,Genuine_Pool,SPK_Gen_034,en,BONAFIDE,HUMAN,Varied Microphones,pcm_16k,16000,5.52,train
data/real/genuine_pool_00515.wav,REAL,Genuine_Pool,SPK_Gen_035,en,BONAFIDE,HUMAN,Varied Microphones,pcm_16k,16000,5.3,train
data/real/genuine_pool_00516.wav,REAL,Genuine_Pool,SPK_Gen_036,en,BONAFIDE,HUMAN,Varied Microphones,pcm_16k,16000,4.68,test
data/real/genuine_pool_00517.wav,REAL,Genuine_Pool,SPK_Gen_037,en,BONAFIDE,HUMAN,Varied Microphones,pcm_16k,16000,5.3,train
data/real/genuine_pool_00518.wav,REAL,Genuine_Pool,SPK_Gen_038,en,BONAFIDE,HUMAN,Varied Microphones,pcm_16k,16000,5.3,test
data/real/genuine_pool_00519.wav,REAL,Genuine_Pool,SPK_Gen_039,en,BONAFIDE,HUMAN,Varied Microphones,pcm_16k,16000,4.35,validation
data/real/genuine_pool_00520.wav,REAL,Genuine_Pool,SPK_Gen_040,en,BONAFIDE,HUMAN,Varied Microphones,pcm_16k,16000,5.13,train
data/real/genuine_pool_00521.wav,REAL,Genuine_Pool,SPK_Gen_041,en,BONAFIDE,HUMAN,Varied Microphones,pcm_16k,16000,5.52,train
data/real/genuine_pool_00522.wav,REAL,Genuine_Pool,SPK_Gen_042,en,BONAFIDE,HUMAN,Varied Microphones,pcm_16k,16000,4.22,train
data/real/genuine_pool_00523.wav,REAL,Genuine_Pool,SPK_Gen_043,en,BONAFIDE,HUMAN,Varied Microphones,pcm_16k,16000,5.03,train
data/real/genuine_pool_00524.wav,REAL,Genuine_Pool,SPK_Gen_044,en,BONAFIDE,HUMAN,Varied Microphones,pcm_16k,16000,4.8,train
data/real/genuine_pool_00525.wav,REAL,Genuine_Pool,SPK_Gen_045,en,BONAFIDE,HUMAN,Varied Microphones,pcm_16k,16000,4.98,validation
data/real/genuine_pool_00526.wav,REAL,Genuine_Pool,SPK_Gen_046,en,BONAFIDE,HUMAN,Varied Microphones,pcm_16k,16000,4.74,train
data/real/genuine_pool_00527.wav,REAL,Genuine_Pool,SPK_Gen_047,en,BONAFIDE,HUMAN,Varied Microphones,pcm_16k,16000,5.66,train
data/real/genuine_pool_00528.wav,REAL,Genuine_Pool,SPK_Gen_048,en,BONAFIDE,HUMAN,Varied Microphones,pcm_16k,16000,4.36,test
data/real/genuine_pool_00529.wav,REAL,Genuine_Pool,SPK_Gen_049,en,BONAFIDE,HUMAN,Varied Microphones,pcm_16k,16000,4.45,train
data/real/genuine_pool_00530.wav,REAL,Genuine_Pool,SPK_Gen_050,en,BONAFIDE,HUMAN,Varied Microphones,pcm_16k,16000,4.55,validation
data/real/genuine_pool_00531.wav,REAL,Genuine_Pool,SPK_Gen_051,en,BONAFIDE,HUMAN,Varied Microphones,pcm_16k,16000,4.5,train
data/real/genuine_pool_00532.wav,REAL,Genuine_Pool,SPK_Gen_052,en,BONAFIDE,HUMAN,Varied Microphones,pcm_16k,16000,5.64,train
data/real/genuine_pool_00533.wav,REAL,Genuine_Pool,SPK_Gen_053,en,BONAFIDE,HUMAN,Varied Microphones,pcm_16k,16000,5.18,train
data/real/genuine_pool_00534.wav,REAL,Genuine_Pool,SPK_Gen_054,en,BONAFIDE,HUMAN,Varied Microphones,pcm_16k,16000,5.53,train
data/real/genuine_pool_00535.wav,REAL,Genuine_Pool,SPK_Gen_055,en,BONAFIDE,HUMAN,Varied Microphones,pcm_16k,16000,5.04,train
data/real/genuine_pool_00536.wav,REAL,Genuine_Pool,SPK_Gen_056,en,BONAFIDE,HUMAN,Varied Microphones,pcm_16k,16000,5.05,test
data/real/genuine_pool_00537.wav,REAL,Genuine_Pool,SPK_Gen_057,en,BONAFIDE,HUMAN,Varied Microphones,pcm_16k,16000,5.08,train
data/real/genuine_pool_00538.wav,REAL,Genuine_Pool,SPK_Gen_058,en,BONAFIDE,HUMAN,Varied Microphones,pcm_16k,16000,5.41,validation
data/real/genuine_pool_00539.wav,REAL,Genuine_Pool,SPK_Gen_059,en,BONAFIDE,HUMAN,Varied Microphones,pcm_16k,16000,4.38,train
data/real/genuine_pool_00540.wav,REAL,Genuine_Pool,SPK_Gen_060,en,BONAFIDE,HUMAN,Varied Microphones,pcm_16k,16000,4.94,test
data/real/genuine_pool_00541.wav,REAL,Genuine_Pool,SPK_Gen_061,en,BONAFIDE,HUMAN,Varied Microphones,pcm_16k,16000,4.32,train
data/real/genuine_pool_00542.wav,REAL,Genuine_Pool,SPK_Gen_062,en,BONAFIDE,HUMAN,Varied Microphones,pcm_16k,16000,5.51,train
data/real/genuine_pool_00543.wav,REAL,Genuine_Pool,SPK_Gen_063,en,BONAFIDE,HUMAN,Varied Microphones,pcm_16k,16000,5.68,test
data/real/genuine_pool_00544.wav,REAL,Genuine_Pool,SPK_Gen_064,en,BONAFIDE,HUMAN,Varied Microphones,pcm_16k,16000,4.97,train
data/real/genuine_pool_00545.wav,REAL,Genuine_Pool,SPK_Gen_065,en,BONAFIDE,HUMAN,Varied Microphones,pcm_16k,16000,4.7,train
data/real/genuine_pool_00546.wav,REAL,Genuine_Pool,SPK_Gen_066,en,BONAFIDE,HUMAN,Varied Microphones,pcm_16k,16000,4.78,train
data/real/genuine_pool_00547.wav,REAL,Genuine_Pool,SPK_Gen_067,en,BONAFIDE,HUMAN,Varied Microphones,pcm_16k,16000,5.51,train
data/real/genuine_pool_00548.wav,REAL,Genuine_Pool,SPK_Gen_068,en,BONAFIDE,HUMAN,Varied Microphones,pcm_16k,16000,5.62,test
data/real/genuine_pool_00549.wav,REAL,Genuine_Pool,SPK_Gen_069,en,BONAFIDE,HUMAN,Varied Microphones,pcm_16k,16000,5.16,train
data/real/genuine_pool_00550.wav,REAL,Genuine_Pool,SPK_Gen_070,en,BONAFIDE,HUMAN,Varied Microphones,pcm_16k,16000,5.42,train
data/real/genuine_pool_00551.wav,REAL,Genuine_Pool,SPK_Gen_071,en,BONAFIDE,HUMAN,Varied Microphones,pcm_16k,16000,4.75,test
data/real/genuine_pool_00552.wav,REAL,Genuine_Pool,SPK_Gen_072,en,BONAFIDE,HUMAN,Varied Microphones,pcm_16k,16000,5.34,train
data/real/genuine_pool_00553.wav,REAL,Genuine_Pool,SPK_Gen_073,en,BONAFIDE,HUMAN,Varied Microphones,pcm_16k,16000,4.25,train
data/real/genuine_pool_00554.wav,REAL,Genuine_Pool,SPK_Gen_074,en,BONAFIDE,HUMAN,Varied Microphones,pcm_16k,16000,5.5,validation
data/real/genuine_pool_00555.wav,REAL,Genuine_Pool,SPK_Gen_075,en,BONAFIDE,HUMAN,Varied Microphones,pcm_16k,16000,4.56,train
data/real/genuine_pool_00556.wav,REAL,Genuine_Pool,SPK_Gen_076,en,BONAFIDE,HUMAN,Varied Microphones,pcm_16k,16000,5.57,train
data/real/genuine_pool_00557.wav,REAL,Genuine_Pool,SPK_Gen_077,en,BONAFIDE,HUMAN,Varied Microphones,pcm_16k,16000,4.43,train
data/real/genuine_pool_00558.wav,REAL,Genuine_Pool,SPK_Gen_078,en,BONAFIDE,HUMAN,Varied Microphones,pcm_16k,16000,4.56,train
data/real/genuine_pool_00559.wav,REAL,Genuine_Pool,SPK_Gen_079,en,BONAFIDE,HUMAN,Varied Microphones,pcm_16k,16000,4.4,train
data/real/genuine_pool_00560.wav,REAL,Genuine_Pool,SPK_Gen_080,en,BONAFIDE,HUMAN,Varied Microphones,pcm_16k,16000,4.41,train
data/real/genuine_pool_00561.wav,REAL,Genuine_Pool,SPK_Gen_081,en,BONAFIDE,HUMAN,Varied Microphones,pcm_16k,16000,4.33,test
data/real/genuine_pool_00562.wav,REAL,Genuine_Pool,SPK_Gen_082,en,BONAFIDE,HUMAN,Varied Microphones,pcm_16k,16000,5.31,train
data/real/genuine_pool_00563.wav,REAL,Genuine_Pool,SPK_Gen_083,en,BONAFIDE,HUMAN,Varied Microphones,pcm_16k,16000,5.45,train
data/real/genuine_pool_00564.wav,REAL,Genuine_Pool,SPK_Gen_084,en,BONAFIDE,HUMAN,Varied Microphones,pcm_16k,16000,4.32,test
data/real/genuine_pool_00565.wav,REAL,Genuine_Pool,SPK_Gen_085,en,BONAFIDE,HUMAN,Varied Microphones,pcm_16k,16000,5.44,test
data/real/genuine_pool_00566.wav,REAL,Genuine_Pool,SPK_Gen_086,en,BONAFIDE,HUMAN,Varied Microphones,pcm_16k,16000,5.41,train
data/real/genuine_pool_00567.wav,REAL,Genuine_Pool,SPK_Gen_087,en,BONAFIDE,HUMAN,Varied Microphones,pcm_16k,16000,4.27,train
data/real/genuine_pool_00568.wav,REAL,Genuine_Pool,SPK_Gen_088,en,BONAFIDE,HUMAN,Varied Microphones,pcm_16k,16000,4.37,test
data/real/genuine_pool_00569.wav,REAL,Genuine_Pool,SPK_Gen_089,en,BONAFIDE,HUMAN,Varied Microphones,pcm_16k,16000,5.47,train
data/real/genuine_pool_00570.wav,REAL,Genuine_Pool,SPK_Gen_090,en,BONAFIDE,HUMAN,Varied Microphones,pcm_16k,16000,5.02,test
data/real/genuine_pool_00571.wav,REAL,Genuine_Pool,SPK_Gen_091,en,BONAFIDE,HUMAN,Varied Microphones,pcm_16k,16000,4.29,validation
data/real/genuine_pool_00572.wav,REAL,Genuine_Pool,SPK_Gen_092,en,BONAFIDE,HUMAN,Varied Microphones,pcm_16k,16000,4.39,test
data/real/genuine_pool_00573.wav,REAL,Genuine_Pool,SPK_Gen_093,en,BONAFIDE,HUMAN,Varied Microphones,pcm_16k,16000,4.6,train
data/real/genuine_pool_00574.wav,REAL,Genuine_Pool,SPK_Gen_094,en,BONAFIDE,HUMAN,Varied Microphones,pcm_16k,16000,4.31,train
data/real/genuine_pool_00575.wav,REAL,Genuine_Pool,SPK_Gen_095,en,BONAFIDE,HUMAN,Varied Microphones,pcm_16k,16000,5.27,train
data/real/genuine_pool_00576.wav,REAL,Genuine_Pool,SPK_Gen_096,en,BONAFIDE,HUMAN,Varied Microphones,pcm_16k,16000,5.41,validation
data/real/genuine_pool_00577.wav,REAL,Genuine_Pool,SPK_Gen_097,en,BONAFIDE,HUMAN,Varied Microphones,pcm_16k,16000,5.45,train
data/real/genuine_pool_00578.wav,REAL,Genuine_Pool,SPK_Gen_098,en,BONAFIDE,HUMAN,Varied Microphones,pcm_16k,16000,5.67,train
data/real/genuine_pool_00579.wav,REAL,Genuine_Pool,SPK_Gen_099,en,BONAFIDE,HUMAN,Varied Microphones,pcm_16k,16000,4.53,test
data/real/genuine_pool_00580.wav,REAL,Genuine_Pool,SPK_Gen_100,en,BONAFIDE,HUMAN,Varied Microphones,pcm_16k,16000,5.64,validation
data/real/genuine_pool_00581.wav,REAL,Genuine_Pool,SPK_Gen_101,en,BONAFIDE,HUMAN,Varied Microphones,pcm_16k,16000,4.5,train
data/real/genuine_pool_00582.wav,REAL,Genuine_Pool,SPK_Gen_102,en,BONAFIDE,HUMAN,Varied Microphones,pcm_16k,16000,4.76,train
data/real/genuine_pool_00583.wav,REAL,Genuine_Pool,SPK_Gen_103,en,BONAFIDE,HUMAN,Varied Microphones,pcm_16k,16000,4.35,train
data/real/genuine_pool_00584.wav,REAL,Genuine_Pool,SPK_Gen_104,en,BONAFIDE,HUMAN,Varied Microphones,pcm_16k,16000,5.55,train
data/real/genuine_pool_00585.wav,REAL,Genuine_Pool,SPK_Gen_105,en,BONAFIDE,HUMAN,Varied Microphones,pcm_16k,16000,5.71,train
data/real/genuine_pool_00586.wav,REAL,Genuine_Pool,SPK_Gen_106,en,BONAFIDE,HUMAN,Varied Microphones,pcm_16k,16000,5.72,train
data/real/genuine_pool_00587.wav,REAL,Genuine_Pool,SPK_Gen_107,en,BONAFIDE,HUMAN,Varied Microphones,pcm_16k,16000,4.76,train
data/real/genuine_pool_00588.wav,REAL,Genuine_Pool,SPK_Gen_108,en,BONAFIDE,HUMAN,Varied Microphones,pcm_16k,16000,4.46,train
data/real/genuine_pool_00589.wav,REAL,Genuine_Pool,SPK_Gen_109,en,BONAFIDE,HUMAN,Varied Microphones,pcm_16k,16000,5.0,test
data/real/genuine_pool_00590.wav,REAL,Genuine_Pool,SPK_Gen_110,en,BONAFIDE,HUMAN,Varied Microphones,pcm_16k,16000,5.37,train
data/real/genuine_pool_00591.wav,REAL,Genuine_Pool,SPK_Gen_111,en,BONAFIDE,HUMAN,Varied Microphones,pcm_16k,16000,4.59,train
data/real/genuine_pool_00592.wav,REAL,Genuine_Pool,SPK_Gen_112,en,BONAFIDE,HUMAN,Varied Microphones,pcm_16k,16000,5.11,train
data/real/genuine_pool_00593.wav,REAL,Genuine_Pool,SPK_Gen_113,en,BONAFIDE,HUMAN,Varied Microphones,pcm_16k,16000,4.36,train
data/real/genuine_pool_00594.wav,REAL,Genuine_Pool,SPK_Gen_114,en,BONAFIDE,HUMAN,Varied Microphones,pcm_16k,16000,5.13,train
data/real/genuine_pool_00595.wav,REAL,Genuine_Pool,SPK_Gen_115,en,BONAFIDE,HUMAN,Varied Microphones,pcm_16k,16000,4.22,validation
data/real/genuine_pool_00596.wav,REAL,Genuine_Pool,SPK_Gen_116,en,BONAFIDE,HUMAN,Varied Microphones,pcm_16k,16000,4.55,validation
data/real/genuine_pool_00597.wav,REAL,Genuine_Pool,SPK_Gen_117,en,BONAFIDE,HUMAN,Varied Microphones,pcm_16k,16000,4.51,test
data/real/genuine_pool_00598.wav,REAL,Genuine_Pool,SPK_Gen_118,en,BONAFIDE,HUMAN,Varied Microphones,pcm_16k,16000,4.65,train
data/real/genuine_pool_00599.wav,REAL,Genuine_Pool,SPK_Gen_119,en,BONAFIDE,HUMAN,Varied Microphones,pcm_16k,16000,5.64,test
data/real/genuine_pool_00600.wav,REAL,Genuine_Pool,SPK_Gen_000,en,BONAFIDE,HUMAN,Varied Microphones,pcm_16k,16000,5.06,validation
data/real/genuine_pool_00601.wav,REAL,Genuine_Pool,SPK_Gen_001,en,BONAFIDE,HUMAN,Varied Microphones,pcm_16k,16000,5.76,train
data/real/genuine_pool_00602.wav,REAL,Genuine_Pool,SPK_Gen_002,en,BONAFIDE,HUMAN,Varied Microphones,pcm_16k,16000,4.36,validation
data/real/genuine_pool_00603.wav,REAL,Genuine_Pool,SPK_Gen_003,en,BONAFIDE,HUMAN,Varied Microphones,pcm_16k,16000,4.54,test
data/real/genuine_pool_00604.wav,REAL,Genuine_Pool,SPK_Gen_004,en,BONAFIDE,HUMAN,Varied Microphones,pcm_16k,16000,5.01,train
data/real/genuine_pool_00605.wav,REAL,Genuine_Pool,SPK_Gen_005,en,BONAFIDE,HUMAN,Varied Microphones,pcm_16k,16000,5.33,train
data/real/genuine_pool_00606.wav,REAL,Genuine_Pool,SPK_Gen_006,en,BONAFIDE,HUMAN,Varied Microphones,pcm_16k,16000,4.79,train
data/real/genuine_pool_00607.wav,REAL,Genuine_Pool,SPK_Gen_007,en,BONAFIDE,HUMAN,Varied Microphones,pcm_16k,16000,5.14,train
data/real/genuine_pool_00608.wav,REAL,Genuine_Pool,SPK_Gen_008,en,BONAFIDE,HUMAN,Varied Microphones,pcm_16k,16000,4.9,test
data/real/genuine_pool_00609.wav,REAL,Genuine_Pool,SPK_Gen_009,en,BONAFIDE,HUMAN,Varied Microphones,pcm_16k,16000,5.73,train
data/real/genuine_pool_00610.wav,REAL,Genuine_Pool,SPK_Gen_010,en,BONAFIDE,HUMAN,Varied Microphones,pcm_16k,16000,4.49,train
data/real/genuine_pool_00611.wav,REAL,Genuine_Pool,SPK_Gen_011,en,BONAFIDE,HUMAN,Varied Microphones,pcm_16k,16000,4.77,train
data/real/genuine_pool_00612.wav,REAL,Genuine_Pool,SPK_Gen_012,en,BONAFIDE,HUMAN,Varied Microphones,pcm_16k,16000,4.81,train
data/real/genuine_pool_00613.wav,REAL,Genuine_Pool,SPK_Gen_013,en,BONAFIDE,HUMAN,Varied Microphones,pcm_16k,16000,4.54,train
data/real/genuine_pool_00614.wav,REAL,Genuine_Pool,SPK_Gen_014,en,BONAFIDE,HUMAN,Varied Microphones,pcm_16k,16000,4.56,test
data/real/genuine_pool_00615.wav,REAL,Genuine_Pool,SPK_Gen_015,en,BONAFIDE,HUMAN,Varied Microphones,pcm_16k,16000,4.38,train
data/real/genuine_pool_00616.wav,REAL,Genuine_Pool,SPK_Gen_016,en,BONAFIDE,HUMAN,Varied Microphones,pcm_16k,16000,5.78,train
data/real/genuine_pool_00617.wav,REAL,Genuine_Pool,SPK_Gen_017,en,BONAFIDE,HUMAN,Varied Microphones,pcm_16k,16000,4.4,validation
data/real/genuine_pool_00618.wav,REAL,Genuine_Pool,SPK_Gen_018,en,BONAFIDE,HUMAN,Varied Microphones,pcm_16k,16000,4.38,test
data/real/genuine_pool_00619.wav,REAL,Genuine_Pool,SPK_Gen_019,en,BONAFIDE,HUMAN,Varied Microphones,pcm_16k,16000,4.42,train
data/real/genuine_pool_00620.wav,REAL,Genuine_Pool,SPK_Gen_020,en,BONAFIDE,HUMAN,Varied Microphones,pcm_16k,16000,5.42,test
data/real/genuine_pool_00621.wav,REAL,Genuine_Pool,SPK_Gen_021,en,BONAFIDE,HUMAN,Varied Microphones,pcm_16k,16000,5.33,test
data/real/genuine_pool_00622.wav,REAL,Genuine_Pool,SPK_Gen_022,en,BONAFIDE,HUMAN,Varied Microphones,pcm_16k,16000,5.09,train
data/real/genuine_pool_00623.wav,REAL,Genuine_Pool,SPK_Gen_023,en,BONAFIDE,HUMAN,Varied Microphones,pcm_16k,16000,4.26,train
data/real/genuine_pool_00624.wav,REAL,Genuine_Pool,SPK_Gen_024,en,BONAFIDE,HUMAN,Varied Microphones,pcm_16k,16000,4.72,test
data/real/genuine_pool_00625.wav,REAL,Genuine_Pool,SPK_Gen_025,en,BONAFIDE,HUMAN,Varied Microphones,pcm_16k,16000,4.39,train
data/real/genuine_pool_00626.wav,REAL,Genuine_Pool,SPK_Gen_026,en,BONAFIDE,HUMAN,Varied Microphones,pcm_16k,16000,4.65,train
data/real/genuine_pool_00627.wav,REAL,Genuine_Pool,SPK_Gen_027,en,BONAFIDE,HUMAN,Varied Microphones,pcm_16k,16000,5.16,test
data/real/genuine_pool_00628.wav,REAL,Genuine_Pool,SPK_Gen_028,en,BONAFIDE,HUMAN,Varied Microphones,pcm_16k,16000,4.7,train
data/real/genuine_pool_00629.wav,REAL,Genuine_Pool,SPK_Gen_029,en,BONAFIDE,HUMAN,Varied Microphones,pcm_16k,16000,5.76,validation
data/real/genuine_pool_00630.wav,REAL,Genuine_Pool,SPK_Gen_030,en,BONAFIDE,HUMAN,Varied Microphones,pcm_16k,16000,4.91,train
data/real/genuine_pool_00631.wav,REAL,Genuine_Pool,SPK_Gen_031,en,BONAFIDE,HUMAN,Varied Microphones,pcm_16k,16000,5.09,train
data/real/genuine_pool_00632.wav,REAL,Genuine_Pool,SPK_Gen_032,en,BONAFIDE,HUMAN,Varied Microphones,pcm_16k,16000,4.66,train
data/real/genuine_pool_00633.wav,REAL,Genuine_Pool,SPK_Gen_033,en,BONAFIDE,HUMAN,Varied Microphones,pcm_16k,16000,5.57,train
data/real/genuine_pool_00634.wav,REAL,Genuine_Pool,SPK_Gen_034,en,BONAFIDE,HUMAN,Varied Microphones,pcm_16k,16000,4.5,train
data/real/genuine_pool_00635.wav,REAL,Genuine_Pool,SPK_Gen_035,en,BONAFIDE,HUMAN,Varied Microphones,pcm_16k,16000,4.31,train
data/real/genuine_pool_00636.wav,REAL,Genuine_Pool,SPK_Gen_036,en,BONAFIDE,HUMAN,Varied Microphones,pcm_16k,16000,5.55,test
data/real/genuine_pool_00637.wav,REAL,Genuine_Pool,SPK_Gen_037,en,BONAFIDE,HUMAN,Varied Microphones,pcm_16k,16000,4.96,train
data/real/genuine_pool_00638.wav,REAL,Genuine_Pool,SPK_Gen_038,en,BONAFIDE,HUMAN,Varied Microphones,pcm_16k,16000,5.29,test
data/real/genuine_pool_00639.wav,REAL,Genuine_Pool,SPK_Gen_039,en,BONAFIDE,HUMAN,Varied Microphones,pcm_16k,16000,4.49,validation
data/real/genuine_pool_00640.wav,REAL,Genuine_Pool,SPK_Gen_040,en,BONAFIDE,HUMAN,Varied Microphones,pcm_16k,16000,5.8,train
data/real/genuine_pool_00641.wav,REAL,Genuine_Pool,SPK_Gen_041,en,BONAFIDE,HUMAN,Varied Microphones,pcm_16k,16000,4.99,train
data/real/genuine_pool_00642.wav,REAL,Genuine_Pool,SPK_Gen_042,en,BONAFIDE,HUMAN,Varied Microphones,pcm_16k,16000,4.37,train
data/real/genuine_pool_00643.wav,REAL,Genuine_Pool,SPK_Gen_043,en,BONAFIDE,HUMAN,Varied Microphones,pcm_16k,16000,4.9,train
data/real/genuine_pool_00644.wav,REAL,Genuine_Pool,SPK_Gen_044,en,BONAFIDE,HUMAN,Varied Microphones,pcm_16k,16000,5.25,train
data/real/genuine_pool_00645.wav,REAL,Genuine_Pool,SPK_Gen_045,en,BONAFIDE,HUMAN,Varied Microphones,pcm_16k,16000,4.34,validation
data/real/genuine_pool_00646.wav,REAL,Genuine_Pool,SPK_Gen_046,en,BONAFIDE,HUMAN,Varied Microphones,pcm_16k,16000,4.43,train
data/real/genuine_pool_00647.wav,REAL,Genuine_Pool,SPK_Gen_047,en,BONAFIDE,HUMAN,Varied Microphones,pcm_16k,16000,4.84,train
data/real/genuine_pool_00648.wav,REAL,Genuine_Pool,SPK_Gen_048,en,BONAFIDE,HUMAN,Varied Microphones,pcm_16k,16000,5.14,test
data/real/genuine_pool_00649.wav,REAL,Genuine_Pool,SPK_Gen_049,en,BONAFIDE,HUMAN,Varied Microphones,pcm_16k,16000,4.36,train
data/real/genuine_pool_00650.wav,REAL,Genuine_Pool,SPK_Gen_050,en,BONAFIDE,HUMAN,Varied Microphones,pcm_16k,16000,5.68,validation
data/real/genuine_pool_00651.wav,REAL,Genuine_Pool,SPK_Gen_051,en,BONAFIDE,HUMAN,Varied Microphones,pcm_16k,16000,5.76,train
data/real/genuine_pool_00652.wav,REAL,Genuine_Pool,SPK_Gen_052,en,BONAFIDE,HUMAN,Varied Microphones,pcm_16k,16000,4.3,train
data/real/genuine_pool_00653.wav,REAL,Genuine_Pool,SPK_Gen_053,en,BONAFIDE,HUMAN,Varied Microphones,pcm_16k,16000,5.76,train
data/real/genuine_pool_00654.wav,REAL,Genuine_Pool,SPK_Gen_054,en,BONAFIDE,HUMAN,Varied Microphones,pcm_16k,16000,4.74,train
data/real/genuine_pool_00655.wav,REAL,Genuine_Pool,SPK_Gen_055,en,BONAFIDE,HUMAN,Varied Microphones,pcm_16k,16000,5.15,train
data/real/genuine_pool_00656.wav,REAL,Genuine_Pool,SPK_Gen_056,en,BONAFIDE,HUMAN,Varied Microphones,pcm_16k,16000,5.79,test
data/real/genuine_pool_00657.wav,REAL,Genuine_Pool,SPK_Gen_057,en,BONAFIDE,HUMAN,Varied Microphones,pcm_16k,16000,4.4,train
data/real/genuine_pool_00658.wav,REAL,Genuine_Pool,SPK_Gen_058,en,BONAFIDE,HUMAN,Varied Microphones,pcm_16k,16000,5.54,validation
data/real/genuine_pool_00659.wav,REAL,Genuine_Pool,SPK_Gen_059,en,BONAFIDE,HUMAN,Varied Microphones,pcm_16k,16000,5.36,train
data/real/genuine_pool_00660.wav,REAL,Genuine_Pool,SPK_Gen_060,en,BONAFIDE,HUMAN,Varied Microphones,pcm_16k,16000,4.65,test
data/real/genuine_pool_00661.wav,REAL,Genuine_Pool,SPK_Gen_061,en,BONAFIDE,HUMAN,Varied Microphones,pcm_16k,16000,5.34,train
data/real/genuine_pool_00662.wav,REAL,Genuine_Pool,SPK_Gen_062,en,BONAFIDE,HUMAN,Varied Microphones,pcm_16k,16000,5.13,train
data/real/genuine_pool_00663.wav,REAL,Genuine_Pool,SPK_Gen_063,en,BONAFIDE,HUMAN,Varied Microphones,pcm_16k,16000,4.64,test
data/real/genuine_pool_00664.wav,REAL,Genuine_Pool,SPK_Gen_064,en,BONAFIDE,HUMAN,Varied Microphones,pcm_16k,16000,5.46,train
data/real/genuine_pool_00665.wav,REAL,Genuine_Pool,SPK_Gen_065,en,BONAFIDE,HUMAN,Varied Microphones,pcm_16k,16000,5.23,train
data/real/genuine_pool_00666.wav,REAL,Genuine_Pool,SPK_Gen_066,en,BONAFIDE,HUMAN,Varied Microphones,pcm_16k,16000,4.84,train
data/real/genuine_pool_00667.wav,REAL,Genuine_Pool,SPK_Gen_067,en,BONAFIDE,HUMAN,Varied Microphones,pcm_16k,16000,4.96,train
data/real/genuine_pool_00668.wav,REAL,Genuine_Pool,SPK_Gen_068,en,BONAFIDE,HUMAN,Varied Microphones,pcm_16k,16000,5.17,test
data/real/genuine_pool_00669.wav,REAL,Genuine_Pool,SPK_Gen_069,en,BONAFIDE,HUMAN,Varied Microphones,pcm_16k,16000,4.85,train
data/real/genuine_pool_00670.wav,REAL,Genuine_Pool,SPK_Gen_070,en,BONAFIDE,HUMAN,Varied Microphones,pcm_16k,16000,4.98,train
data/real/genuine_pool_00671.wav,REAL,Genuine_Pool,SPK_Gen_071,en,BONAFIDE,HUMAN,Varied Microphones,pcm_16k,16000,4.65,test
data/real/genuine_pool_00672.wav,REAL,Genuine_Pool,SPK_Gen_072,en,BONAFIDE,HUMAN,Varied Microphones,pcm_16k,16000,5.43,train
data/real/genuine_pool_00673.wav,REAL,Genuine_Pool,SPK_Gen_073,en,BONAFIDE,HUMAN,Varied Microphones,pcm_16k,16000,4.37,train
data/real/genuine_pool_00674.wav,REAL,Genuine_Pool,SPK_Gen_074,en,BONAFIDE,HUMAN,Varied Microphones,pcm_16k,16000,4.6,validation
data/real/genuine_pool_00675.wav,REAL,Genuine_Pool,SPK_Gen_075,en,BONAFIDE,HUMAN,Varied Microphones,pcm_16k,16000,5.0,train
data/real/genuine_pool_00676.wav,REAL,Genuine_Pool,SPK_Gen_076,en,BONAFIDE,HUMAN,Varied Microphones,pcm_16k,16000,5.21,train
data/real/genuine_pool_00677.wav,REAL,Genuine_Pool,SPK_Gen_077,en,BONAFIDE,HUMAN,Varied Microphones,pcm_16k,16000,4.42,train
data/real/genuine_pool_00678.wav,REAL,Genuine_Pool,SPK_Gen_078,en,BONAFIDE,HUMAN,Varied Microphones,pcm_16k,16000,4.36,train
data/real/genuine_pool_00679.wav,REAL,Genuine_Pool,SPK_Gen_079,en,BONAFIDE,HUMAN,Varied Microphones,pcm_16k,16000,4.28,train
data/real/genuine_pool_00680.wav,REAL,Genuine_Pool,SPK_Gen_080,en,BONAFIDE,HUMAN,Varied Microphones,pcm_16k,16000,4.31,train
data/real/genuine_pool_00681.wav,REAL,Genuine_Pool,SPK_Gen_081,en,BONAFIDE,HUMAN,Varied Microphones,pcm_16k,16000,5.28,test
data/real/genuine_pool_00682.wav,REAL,Genuine_Pool,SPK_Gen_082,en,BONAFIDE,HUMAN,Varied Microphones,pcm_16k,16000,5.76,train
data/real/genuine_pool_00683.wav,REAL,Genuine_Pool,SPK_Gen_083,en,BONAFIDE,HUMAN,Varied Microphones,pcm_16k,16000,4.81,train
data/real/genuine_pool_00684.wav,REAL,Genuine_Pool,SPK_Gen_084,en,BONAFIDE,HUMAN,Varied Microphones,pcm_16k,16000,5.29,test
data/real/genuine_pool_00685.wav,REAL,Genuine_Pool,SPK_Gen_085,en,BONAFIDE,HUMAN,Varied Microphones,pcm_16k,16000,4.44,test
data/real/genuine_pool_00686.wav,REAL,Genuine_Pool,SPK_Gen_086,en,BONAFIDE,HUMAN,Varied Microphones,pcm_16k,16000,5.2,train
data/real/genuine_pool_00687.wav,REAL,Genuine_Pool,SPK_Gen_087,en,BONAFIDE,HUMAN,Varied Microphones,pcm_16k,16000,4.35,train
data/real/genuine_pool_00688.wav,REAL,Genuine_Pool,SPK_Gen_088,en,BONAFIDE,HUMAN,Varied Microphones,pcm_16k,16000,4.32,test
data/real/genuine_pool_00689.wav,REAL,Genuine_Pool,SPK_Gen_089,en,BONAFIDE,HUMAN,Varied Microphones,pcm_16k,16000,5.4,train
data/real/genuine_pool_00690.wav,REAL,Genuine_Pool,SPK_Gen_090,en,BONAFIDE,HUMAN,Varied Microphones,pcm_16k,16000,5.43,test
data/real/genuine_pool_00691.wav,REAL,Genuine_Pool,SPK_Gen_091,en,BONAFIDE,HUMAN,Varied Microphones,pcm_16k,16000,5.47,validation
data/real/genuine_pool_00692.wav,REAL,Genuine_Pool,SPK_Gen_092,en,BONAFIDE,HUMAN,Varied Microphones,pcm_16k,16000,4.52,test
data/real/genuine_pool_00693.wav,REAL,Genuine_Pool,SPK_Gen_093,en,BONAFIDE,HUMAN,Varied Microphones,pcm_16k,16000,5.26,train
data/real/genuine_pool_00694.wav,REAL,Genuine_Pool,SPK_Gen_094,en,BONAFIDE,HUMAN,Varied Microphones,pcm_16k,16000,4.98,train
data/real/genuine_pool_00695.wav,REAL,Genuine_Pool,SPK_Gen_095,en,BONAFIDE,HUMAN,Varied Microphones,pcm_16k,16000,4.62,train
data/real/genuine_pool_00696.wav,REAL,Genuine_Pool,SPK_Gen_096,en,BONAFIDE,HUMAN,Varied Microphones,pcm_16k,16000,4.75,validation
data/real/genuine_pool_00697.wav,REAL,Genuine_Pool,SPK_Gen_097,en,BONAFIDE,HUMAN,Varied Microphones,pcm_16k,16000,5.58,train
data/real/genuine_pool_00698.wav,REAL,Genuine_Pool,SPK_Gen_098,en,BONAFIDE,HUMAN,Varied Microphones,pcm_16k,16000,5.07,train
data/real/genuine_pool_00699.wav,REAL,Genuine_Pool,SPK_Gen_099,en,BONAFIDE,HUMAN,Varied Microphones,pcm_16k,16000,5.72,test
data/real/genuine_pool_00700.wav,REAL,Genuine_Pool,SPK_Gen_100,en,BONAFIDE,HUMAN,Varied Microphones,pcm_16k,16000,4.25,validation
data/real/genuine_pool_00701.wav,REAL,Genuine_Pool,SPK_Gen_101,en,BONAFIDE,HUMAN,Varied Microphones,pcm_16k,16000,4.89,train
data/real/genuine_pool_00702.wav,REAL,Genuine_Pool,SPK_Gen_102,en,BONAFIDE,HUMAN,Varied Microphones,pcm_16k,16000,5.66,train
data/real/genuine_pool_00703.wav,REAL,Genuine_Pool,SPK_Gen_103,en,BONAFIDE,HUMAN,Varied Microphones,pcm_16k,16000,4.81,train
data/real/genuine_pool_00704.wav,REAL,Genuine_Pool,SPK_Gen_104,en,BONAFIDE,HUMAN,Varied Microphones,pcm_16k,16000,4.7,train
data/real/genuine_pool_00705.wav,REAL,Genuine_Pool,SPK_Gen_105,en,BONAFIDE,HUMAN,Varied Microphones,pcm_16k,16000,4.8,train
data/real/genuine_pool_00706.wav,REAL,Genuine_Pool,SPK_Gen_106,en,BONAFIDE,HUMAN,Varied Microphones,pcm_16k,16000,4.94,train
data/real/genuine_pool_00707.wav,REAL,Genuine_Pool,SPK_Gen_107,en,BONAFIDE,HUMAN,Varied Microphones,pcm_16k,16000,4.25,train
data/real/genuine_pool_00708.wav,REAL,Genuine_Pool,SPK_Gen_108,en,BONAFIDE,HUMAN,Varied Microphones,pcm_16k,16000,5.09,train
data/real/genuine_pool_00709.wav,REAL,Genuine_Pool,SPK_Gen_109,en,BONAFIDE,HUMAN,Varied Microphones,pcm_16k,16000,5.58,test
data/real/genuine_pool_00710.wav,REAL,Genuine_Pool,SPK_Gen_110,en,BONAFIDE,HUMAN,Varied Microphones,pcm_16k,16000,4.68,train
data/real/genuine_pool_00711.wav,REAL,Genuine_Pool,SPK_Gen_111,en,BONAFIDE,HUMAN,Varied Microphones,pcm_16k,16000,5.33,train
data/real/genuine_pool_00712.wav,REAL,Genuine_Pool,SPK_Gen_112,en,BONAFIDE,HUMAN,Varied Microphones,pcm_16k,16000,4.99,train
data/real/genuine_pool_00713.wav,REAL,Genuine_Pool,SPK_Gen_113,en,BONAFIDE,HUMAN,Varied Microphones,pcm_16k,16000,4.42,train
data/real/genuine_pool_00714.wav,REAL,Genuine_Pool,SPK_Gen_114,en,BONAFIDE,HUMAN,Varied Microphones,pcm_16k,16000,5.35,train
data/real/genuine_pool_00715.wav,REAL,Genuine_Pool,SPK_Gen_115,en,BONAFIDE,HUMAN,Varied Microphones,pcm_16k,16000,4.98,validation
data/real/genuine_pool_00716.wav,REAL,Genuine_Pool,SPK_Gen_116,en,BONAFIDE,HUMAN,Varied Microphones,pcm_16k,16000,4.38,validation
data/real/genuine_pool_00717.wav,REAL,Genuine_Pool,SPK_Gen_117,en,BONAFIDE,HUMAN,Varied Microphones,pcm_16k,16000,5.28,test
data/real/genuine_pool_00718.wav,REAL,Genuine_Pool,SPK_Gen_118,en,BONAFIDE,HUMAN,Varied Microphones,pcm_16k,16000,5.26,train
data/real/genuine_pool_00719.wav,REAL,Genuine_Pool,SPK_Gen_119,en,BONAFIDE,HUMAN,Varied Microphones,pcm_16k,16000,5.3,test
data/real/genuine_pool_00720.wav,REAL,Genuine_Pool,SPK_Gen_000,en,BONAFIDE,HUMAN,Varied Microphones,pcm_16k,16000,5.12,validation
data/real/genuine_pool_00721.wav,REAL,Genuine_Pool,SPK_Gen_001,en,BONAFIDE,HUMAN,Varied Microphones,pcm_16k,16000,4.96,train
data/real/genuine_pool_00722.wav,REAL,Genuine_Pool,SPK_Gen_002,en,BONAFIDE,HUMAN,Varied Microphones,pcm_16k,16000,5.57,validation
data/real/genuine_pool_00723.wav,REAL,Genuine_Pool,SPK_Gen_003,en,BONAFIDE,HUMAN,Varied Microphones,pcm_16k,16000,5.01,test
data/real/genuine_pool_00724.wav,REAL,Genuine_Pool,SPK_Gen_004,en,BONAFIDE,HUMAN,Varied Microphones,pcm_16k,16000,4.83,train
data/real/genuine_pool_00725.wav,REAL,Genuine_Pool,SPK_Gen_005,en,BONAFIDE,HUMAN,Varied Microphones,pcm_16k,16000,4.99,train
data/real/genuine_pool_00726.wav,REAL,Genuine_Pool,SPK_Gen_006,en,BONAFIDE,HUMAN,Varied Microphones,pcm_16k,16000,5.75,train
data/real/genuine_pool_00727.wav,REAL,Genuine_Pool,SPK_Gen_007,en,BONAFIDE,HUMAN,Varied Microphones,pcm_16k,16000,5.19,train
data/real/genuine_pool_00728.wav,REAL,Genuine_Pool,SPK_Gen_008,en,BONAFIDE,HUMAN,Varied Microphones,pcm_16k,16000,4.76,test
data/real/genuine_pool_00729.wav,REAL,Genuine_Pool,SPK_Gen_009,en,BONAFIDE,HUMAN,Varied Microphones,pcm_16k,16000,5.76,train
data/real/genuine_pool_00730.wav,REAL,Genuine_Pool,SPK_Gen_010,en,BONAFIDE,HUMAN,Varied Microphones,pcm_16k,16000,4.71,train
data/real/genuine_pool_00731.wav,REAL,Genuine_Pool,SPK_Gen_011,en,BONAFIDE,HUMAN,Varied Microphones,pcm_16k,16000,4.25,train
data/real/genuine_pool_00732.wav,REAL,Genuine_Pool,SPK_Gen_012,en,BONAFIDE,HUMAN,Varied Microphones,pcm_16k,16000,4.27,train
data/real/genuine_pool_00733.wav,REAL,Genuine_Pool,SPK_Gen_013,en,BONAFIDE,HUMAN,Varied Microphones,pcm_16k,16000,5.54,train
data/real/genuine_pool_00734.wav,REAL,Genuine_Pool,SPK_Gen_014,en,BONAFIDE,HUMAN,Varied Microphones,pcm_16k,16000,4.76,test
data/real/genuine_pool_00735.wav,REAL,Genuine_Pool,SPK_Gen_015,en,BONAFIDE,HUMAN,Varied Microphones,pcm_16k,16000,5.39,train
data/real/genuine_pool_00736.wav,REAL,Genuine_Pool,SPK_Gen_016,en,BONAFIDE,HUMAN,Varied Microphones,pcm_16k,16000,4.24,train
data/real/genuine_pool_00737.wav,REAL,Genuine_Pool,SPK_Gen_017,en,BONAFIDE,HUMAN,Varied Microphones,pcm_16k,16000,5.63,validation
data/real/genuine_pool_00738.wav,REAL,Genuine_Pool,SPK_Gen_018,en,BONAFIDE,HUMAN,Varied Microphones,pcm_16k,16000,4.75,test
data/real/genuine_pool_00739.wav,REAL,Genuine_Pool,SPK_Gen_019,en,BONAFIDE,HUMAN,Varied Microphones,pcm_16k,16000,4.36,train
data/real/genuine_pool_00740.wav,REAL,Genuine_Pool,SPK_Gen_020,en,BONAFIDE,HUMAN,Varied Microphones,pcm_16k,16000,4.75,test
data/real/genuine_pool_00741.wav,REAL,Genuine_Pool,SPK_Gen_021,en,BONAFIDE,HUMAN,Varied Microphones,pcm_16k,16000,4.77,test
data/real/genuine_pool_00742.wav,REAL,Genuine_Pool,SPK_Gen_022,en,BONAFIDE,HUMAN,Varied Microphones,pcm_16k,16000,4.76,train
data/real/genuine_pool_00743.wav,REAL,Genuine_Pool,SPK_Gen_023,en,BONAFIDE,HUMAN,Varied Microphones,pcm_16k,16000,5.26,train
data/real/genuine_pool_00744.wav,REAL,Genuine_Pool,SPK_Gen_024,en,BONAFIDE,HUMAN,Varied Microphones,pcm_16k,16000,4.6,test
data/real/genuine_pool_00745.wav,REAL,Genuine_Pool,SPK_Gen_025,en,BONAFIDE,HUMAN,Varied Microphones,pcm_16k,16000,5.24,train
data/real/genuine_pool_00746.wav,REAL,Genuine_Pool,SPK_Gen_026,en,BONAFIDE,HUMAN,Varied Microphones,pcm_16k,16000,5.15,train
data/real/genuine_pool_00747.wav,REAL,Genuine_Pool,SPK_Gen_027,en,BONAFIDE,HUMAN,Varied Microphones,pcm_16k,16000,5.66,test
data/real/genuine_pool_00748.wav,REAL,Genuine_Pool,SPK_Gen_028,en,BONAFIDE,HUMAN,Varied Microphones,pcm_16k,16000,4.3,train
data/real/genuine_pool_00749.wav,REAL,Genuine_Pool,SPK_Gen_029,en,BONAFIDE,HUMAN,Varied Microphones,pcm_16k,16000,4.69,validation
data/real/genuine_pool_00750.wav,REAL,Genuine_Pool,SPK_Gen_030,en,BONAFIDE,HUMAN,Varied Microphones,pcm_16k,16000,4.74,train
data/real/genuine_pool_00751.wav,REAL,Genuine_Pool,SPK_Gen_031,en,BONAFIDE,HUMAN,Varied Microphones,pcm_16k,16000,4.23,train
data/real/genuine_pool_00752.wav,REAL,Genuine_Pool,SPK_Gen_032,en,BONAFIDE,HUMAN,Varied Microphones,pcm_16k,16000,4.72,train
data/real/genuine_pool_00753.wav,REAL,Genuine_Pool,SPK_Gen_033,en,BONAFIDE,HUMAN,Varied Microphones,pcm_16k,16000,4.94,train
data/real/genuine_pool_00754.wav,REAL,Genuine_Pool,SPK_Gen_034,en,BONAFIDE,HUMAN,Varied Microphones,pcm_16k,16000,5.58,train
data/real/genuine_pool_00755.wav,REAL,Genuine_Pool,SPK_Gen_035,en,BONAFIDE,HUMAN,Varied Microphones,pcm_16k,16000,5.11,train
data/real/genuine_pool_00756.wav,REAL,Genuine_Pool,SPK_Gen_036,en,BONAFIDE,HUMAN,Varied Microphones,pcm_16k,16000,5.64,test
data/real/genuine_pool_00757.wav,REAL,Genuine_Pool,SPK_Gen_037,en,BONAFIDE,HUMAN,Varied Microphones,pcm_16k,16000,4.63,train
data/real/genuine_pool_00758.wav,REAL,Genuine_Pool,SPK_Gen_038,en,BONAFIDE,HUMAN,Varied Microphones,pcm_16k,16000,5.31,test
data/real/genuine_pool_00759.wav,REAL,Genuine_Pool,SPK_Gen_039,en,BONAFIDE,HUMAN,Varied Microphones,pcm_16k,16000,5.14,validation
data/real/genuine_pool_00760.wav,REAL,Genuine_Pool,SPK_Gen_040,en,BONAFIDE,HUMAN,Varied Microphones,pcm_16k,16000,5.78,train
data/real/genuine_pool_00761.wav,REAL,Genuine_Pool,SPK_Gen_041,en,BONAFIDE,HUMAN,Varied Microphones,pcm_16k,16000,4.8,train
data/real/genuine_pool_00762.wav,REAL,Genuine_Pool,SPK_Gen_042,en,BONAFIDE,HUMAN,Varied Microphones,pcm_16k,16000,4.82,train
data/real/genuine_pool_00763.wav,REAL,Genuine_Pool,SPK_Gen_043,en,BONAFIDE,HUMAN,Varied Microphones,pcm_16k,16000,5.12,train
data/real/genuine_pool_00764.wav,REAL,Genuine_Pool,SPK_Gen_044,en,BONAFIDE,HUMAN,Varied Microphones,pcm_16k,16000,5.49,train
data/real/genuine_pool_00765.wav,REAL,Genuine_Pool,SPK_Gen_045,en,BONAFIDE,HUMAN,Varied Microphones,pcm_16k,16000,4.36,validation
data/real/genuine_pool_00766.wav,REAL,Genuine_Pool,SPK_Gen_046,en,BONAFIDE,HUMAN,Varied Microphones,pcm_16k,16000,5.28,train
data/real/genuine_pool_00767.wav,REAL,Genuine_Pool,SPK_Gen_047,en,BONAFIDE,HUMAN,Varied Microphones,pcm_16k,16000,4.74,train
data/real/genuine_pool_00768.wav,REAL,Genuine_Pool,SPK_Gen_048,en,BONAFIDE,HUMAN,Varied Microphones,pcm_16k,16000,5.0,test
data/real/genuine_pool_00769.wav,REAL,Genuine_Pool,SPK_Gen_049,en,BONAFIDE,HUMAN,Varied Microphones,pcm_16k,16000,5.42,train
data/real/genuine_pool_00770.wav,REAL,Genuine_Pool,SPK_Gen_050,en,BONAFIDE,HUMAN,Varied Microphones,pcm_16k,16000,4.74,validation
data/real/genuine_pool_00771.wav,REAL,Genuine_Pool,SPK_Gen_051,en,BONAFIDE,HUMAN,Varied Microphones,pcm_16k,16000,5.18,train
data/real/genuine_pool_00772.wav,REAL,Genuine_Pool,SPK_Gen_052,en,BONAFIDE,HUMAN,Varied Microphones,pcm_16k,16000,4.78,train
data/real/genuine_pool_00773.wav,REAL,Genuine_Pool,SPK_Gen_053,en,BONAFIDE,HUMAN,Varied Microphones,pcm_16k,16000,4.9,train
data/real/genuine_pool_00774.wav,REAL,Genuine_Pool,SPK_Gen_054,en,BONAFIDE,HUMAN,Varied Microphones,pcm_16k,16000,5.0,train
data/real/genuine_pool_00775.wav,REAL,Genuine_Pool,SPK_Gen_055,en,BONAFIDE,HUMAN,Varied Microphones,pcm_16k,16000,5.56,train
data/real/genuine_pool_00776.wav,REAL,Genuine_Pool,SPK_Gen_056,en,BONAFIDE,HUMAN,Varied Microphones,pcm_16k,16000,5.46,test
data/real/genuine_pool_00777.wav,REAL,Genuine_Pool,SPK_Gen_057,en,BONAFIDE,HUMAN,Varied Microphones,pcm_16k,16000,5.54,train
data/real/genuine_pool_00778.wav,REAL,Genuine_Pool,SPK_Gen_058,en,BONAFIDE,HUMAN,Varied Microphones,pcm_16k,16000,5.06,validation
data/real/genuine_pool_00779.wav,REAL,Genuine_Pool,SPK_Gen_059,en,BONAFIDE,HUMAN,Varied Microphones,pcm_16k,16000,4.66,train
data/real/genuine_pool_00780.wav,REAL,Genuine_Pool,SPK_Gen_060,en,BONAFIDE,HUMAN,Varied Microphones,pcm_16k,16000,4.28,test
data/real/genuine_pool_00781.wav,REAL,Genuine_Pool,SPK_Gen_061,en,BONAFIDE,HUMAN,Varied Microphones,pcm_16k,16000,5.79,train
data/real/genuine_pool_00782.wav,REAL,Genuine_Pool,SPK_Gen_062,en,BONAFIDE,HUMAN,Varied Microphones,pcm_16k,16000,4.84,train
data/real/genuine_pool_00783.wav,REAL,Genuine_Pool,SPK_Gen_063,en,BONAFIDE,HUMAN,Varied Microphones,pcm_16k,16000,4.56,test
data/real/genuine_pool_00784.wav,REAL,Genuine_Pool,SPK_Gen_064,en,BONAFIDE,HUMAN,Varied Microphones,pcm_16k,16000,5.39,train
data/real/genuine_pool_00785.wav,REAL,Genuine_Pool,SPK_Gen_065,en,BONAFIDE,HUMAN,Varied Microphones,pcm_16k,16000,4.35,train
data/real/genuine_pool_00786.wav,REAL,Genuine_Pool,SPK_Gen_066,en,BONAFIDE,HUMAN,Varied Microphones,pcm_16k,16000,5.55,train
data/real/genuine_pool_00787.wav,REAL,Genuine_Pool,SPK_Gen_067,en,BONAFIDE,HUMAN,Varied Microphones,pcm_16k,16000,4.35,train
data/real/genuine_pool_00788.wav,REAL,Genuine_Pool,SPK_Gen_068,en,BONAFIDE,HUMAN,Varied Microphones,pcm_16k,16000,4.74,test
data/real/genuine_pool_00789.wav,REAL,Genuine_Pool,SPK_Gen_069,en,BONAFIDE,HUMAN,Varied Microphones,pcm_16k,16000,4.31,train
data/real/genuine_pool_00790.wav,REAL,Genuine_Pool,SPK_Gen_070,en,BONAFIDE,HUMAN,Varied Microphones,pcm_16k,16000,5.48,train
data/real/genuine_pool_00791.wav,REAL,Genuine_Pool,SPK_Gen_071,en,BONAFIDE,HUMAN,Varied Microphones,pcm_16k,16000,4.96,test
data/real/genuine_pool_00792.wav,REAL,Genuine_Pool,SPK_Gen_072,en,BONAFIDE,HUMAN,Varied Microphones,pcm_16k,16000,4.54,train
data/real/genuine_pool_00793.wav,REAL,Genuine_Pool,SPK_Gen_073,en,BONAFIDE,HUMAN,Varied Microphones,pcm_16k,16000,5.47,train
data/real/genuine_pool_00794.wav,REAL,Genuine_Pool,SPK_Gen_074,en,BONAFIDE,HUMAN,Varied Microphones,pcm_16k,16000,5.24,validation
data/real/genuine_pool_00795.wav,REAL,Genuine_Pool,SPK_Gen_075,en,BONAFIDE,HUMAN,Varied Microphones,pcm_16k,16000,4.68,train
data/real/genuine_pool_00796.wav,REAL,Genuine_Pool,SPK_Gen_076,en,BONAFIDE,HUMAN,Varied Microphones,pcm_16k,16000,5.49,train
data/real/genuine_pool_00797.wav,REAL,Genuine_Pool,SPK_Gen_077,en,BONAFIDE,HUMAN,Varied Microphones,pcm_16k,16000,4.89,train
data/real/genuine_pool_00798.wav,REAL,Genuine_Pool,SPK_Gen_078,en,BONAFIDE,HUMAN,Varied Microphones,pcm_16k,16000,5.06,train
data/real/genuine_pool_00799.wav,REAL,Genuine_Pool,SPK_Gen_079,en,BONAFIDE,HUMAN,Varied Microphones,pcm_16k,16000,4.52,train
data/real/genuine_pool_00800.wav,REAL,Genuine_Pool,SPK_Gen_080,en,BONAFIDE,HUMAN,Varied Microphones,pcm_16k,16000,4.84,train
data/real/genuine_pool_00801.wav,REAL,Genuine_Pool,SPK_Gen_081,en,BONAFIDE,HUMAN,Varied Microphones,pcm_16k,16000,5.2,test
data/real/genuine_pool_00802.wav,REAL,Genuine_Pool,SPK_Gen_082,en,BONAFIDE,HUMAN,Varied Microphones,pcm_16k,16000,4.93,train
data/real/genuine_pool_00803.wav,REAL,Genuine_Pool,SPK_Gen_083,en,BONAFIDE,HUMAN,Varied Microphones,pcm_16k,16000,5.42,train
data/real/genuine_pool_00804.wav,REAL,Genuine_Pool,SPK_Gen_084,en,BONAFIDE,HUMAN,Varied Microphones,pcm_16k,16000,4.49,test
data/real/genuine_pool_00805.wav,REAL,Genuine_Pool,SPK_Gen_085,en,BONAFIDE,HUMAN,Varied Microphones,pcm_16k,16000,4.23,test
data/real/genuine_pool_00806.wav,REAL,Genuine_Pool,SPK_Gen_086,en,BONAFIDE,HUMAN,Varied Microphones,pcm_16k,16000,5.33,train
data/real/genuine_pool_00807.wav,REAL,Genuine_Pool,SPK_Gen_087,en,BONAFIDE,HUMAN,Varied Microphones,pcm_16k,16000,5.58,train
data/real/genuine_pool_00808.wav,REAL,Genuine_Pool,SPK_Gen_088,en,BONAFIDE,HUMAN,Varied Microphones,pcm_16k,16000,5.12,test
data/real/genuine_pool_00809.wav,REAL,Genuine_Pool,SPK_Gen_089,en,BONAFIDE,HUMAN,Varied Microphones,pcm_16k,16000,4.54,train
data/real/genuine_pool_00810.wav,REAL,Genuine_Pool,SPK_Gen_090,en,BONAFIDE,HUMAN,Varied Microphones,pcm_16k,16000,5.74,test
data/real/genuine_pool_00811.wav,REAL,Genuine_Pool,SPK_Gen_091,en,BONAFIDE,HUMAN,Varied Microphones,pcm_16k,16000,5.39,validation
data/real/genuine_pool_00812.wav,REAL,Genuine_Pool,SPK_Gen_092,en,BONAFIDE,HUMAN,Varied Microphones,pcm_16k,16000,4.95,test
data/real/genuine_pool_00813.wav,REAL,Genuine_Pool,SPK_Gen_093,en,BONAFIDE,HUMAN,Varied Microphones,pcm_16k,16000,5.7,train
data/real/genuine_pool_00814.wav,REAL,Genuine_Pool,SPK_Gen_094,en,BONAFIDE,HUMAN,Varied Microphones,pcm_16k,16000,5.05,train
data/real/genuine_pool_00815.wav,REAL,Genuine_Pool,SPK_Gen_095,en,BONAFIDE,HUMAN,Varied Microphones,pcm_16k,16000,5.18,train
data/real/genuine_pool_00816.wav,REAL,Genuine_Pool,SPK_Gen_096,en,BONAFIDE,HUMAN,Varied Microphones,pcm_16k,16000,5.43,validation
data/real/genuine_pool_00817.wav,REAL,Genuine_Pool,SPK_Gen_097,en,BONAFIDE,HUMAN,Varied Microphones,pcm_16k,16000,4.89,train
data/real/genuine_pool_00818.wav,REAL,Genuine_Pool,SPK_Gen_098,en,BONAFIDE,HUMAN,Varied Microphones,pcm_16k,16000,5.11,train
data/real/genuine_pool_00819.wav,REAL,Genuine_Pool,SPK_Gen_099,en,BONAFIDE,HUMAN,Varied Microphones,pcm_16k,16000,5.2,test
data/real/genuine_pool_00820.wav,REAL,Genuine_Pool,SPK_Gen_100,en,BONAFIDE,HUMAN,Varied Microphones,pcm_16k,16000,5.04,validation
data/real/genuine_pool_00821.wav,REAL,Genuine_Pool,SPK_Gen_101,en,BONAFIDE,HUMAN,Varied Microphones,pcm_16k,16000,4.78,train
data/real/genuine_pool_00822.wav,REAL,Genuine_Pool,SPK_Gen_102,en,BONAFIDE,HUMAN,Varied Microphones,pcm_16k,16000,4.44,train
data/real/genuine_pool_00823.wav,REAL,Genuine_Pool,SPK_Gen_103,en,BONAFIDE,HUMAN,Varied Microphones,pcm_16k,16000,4.44,train
data/real/genuine_pool_00824.wav,REAL,Genuine_Pool,SPK_Gen_104,en,BONAFIDE,HUMAN,Varied Microphones,pcm_16k,16000,5.3,train
data/real/genuine_pool_00825.wav,REAL,Genuine_Pool,SPK_Gen_105,en,BONAFIDE,HUMAN,Varied Microphones,pcm_16k,16000,4.68,train
data/real/genuine_pool_00826.wav,REAL,Genuine_Pool,SPK_Gen_106,en,BONAFIDE,HUMAN,Varied Microphones,pcm_16k,16000,4.9,train
data/real/genuine_pool_00827.wav,REAL,Genuine_Pool,SPK_Gen_107,en,BONAFIDE,HUMAN,Varied Microphones,pcm_16k,16000,4.71,train
data/real/genuine_pool_00828.wav,REAL,Genuine_Pool,SPK_Gen_108,en,BONAFIDE,HUMAN,Varied Microphones,pcm_16k,16000,5.53,train
data/real/genuine_pool_00829.wav,REAL,Genuine_Pool,SPK_Gen_109,en,BONAFIDE,HUMAN,Varied Microphones,pcm_16k,16000,4.3,test
data/real/genuine_pool_00830.wav,REAL,Genuine_Pool,SPK_Gen_110,en,BONAFIDE,HUMAN,Varied Microphones,pcm_16k,16000,4.53,train
data/real/genuine_pool_00831.wav,REAL,Genuine_Pool,SPK_Gen_111,en,BONAFIDE,HUMAN,Varied Microphones,pcm_16k,16000,4.86,train
data/real/genuine_pool_00832.wav,REAL,Genuine_Pool,SPK_Gen_112,en,BONAFIDE,HUMAN,Varied Microphones,pcm_16k,16000,5.52,train
data/real/genuine_pool_00833.wav,REAL,Genuine_Pool,SPK_Gen_113,en,BONAFIDE,HUMAN,Varied Microphones,pcm_16k,16000,5.23,train
data/real/genuine_pool_00834.wav,REAL,Genuine_Pool,SPK_Gen_114,en,BONAFIDE,HUMAN,Varied Microphones,pcm_16k,16000,4.61,train
data/real/genuine_pool_00835.wav,REAL,Genuine_Pool,SPK_Gen_115,en,BONAFIDE,HUMAN,Varied Microphones,pcm_16k,16000,5.16,validation
data/real/genuine_pool_00836.wav,REAL,Genuine_Pool,SPK_Gen_116,en,BONAFIDE,HUMAN,Varied Microphones,pcm_16k,16000,4.85,validation
data/real/genuine_pool_00837.wav,REAL,Genuine_Pool,SPK_Gen_117,en,BONAFIDE,HUMAN,Varied Microphones,pcm_16k,16000,4.38,test
data/real/genuine_pool_00838.wav,REAL,Genuine_Pool,SPK_Gen_118,en,BONAFIDE,HUMAN,Varied Microphones,pcm_16k,16000,4.51,train
data/real/genuine_pool_00839.wav,REAL,Genuine_Pool,SPK_Gen_119,en,BONAFIDE,HUMAN,Varied Microphones,pcm_16k,16000,4.59,test
data/real/genuine_pool_00840.wav,REAL,Genuine_Pool,SPK_Gen_000,en,BONAFIDE,HUMAN,Varied Microphones,pcm_16k,16000,5.52,validation
data/real/genuine_pool_00841.wav,REAL,Genuine_Pool,SPK_Gen_001,en,BONAFIDE,HUMAN,Varied Microphones,pcm_16k,16000,4.94,train
data/real/genuine_pool_00842.wav,REAL,Genuine_Pool,SPK_Gen_002,en,BONAFIDE,HUMAN,Varied Microphones,pcm_16k,16000,5.1,validation
data/real/genuine_pool_00843.wav,REAL,Genuine_Pool,SPK_Gen_003,en,BONAFIDE,HUMAN,Varied Microphones,pcm_16k,16000,4.9,test
data/real/genuine_pool_00844.wav,REAL,Genuine_Pool,SPK_Gen_004,en,BONAFIDE,HUMAN,Varied Microphones,pcm_16k,16000,5.24,train
data/real/genuine_pool_00845.wav,REAL,Genuine_Pool,SPK_Gen_005,en,BONAFIDE,HUMAN,Varied Microphones,pcm_16k,16000,4.26,train
data/real/genuine_pool_00846.wav,REAL,Genuine_Pool,SPK_Gen_006,en,BONAFIDE,HUMAN,Varied Microphones,pcm_16k,16000,4.45,train
data/real/genuine_pool_00847.wav,REAL,Genuine_Pool,SPK_Gen_007,en,BONAFIDE,HUMAN,Varied Microphones,pcm_16k,16000,4.42,train
data/real/genuine_pool_00848.wav,REAL,Genuine_Pool,SPK_Gen_008,en,BONAFIDE,HUMAN,Varied Microphones,pcm_16k,16000,4.61,test
data/real/genuine_pool_00849.wav,REAL,Genuine_Pool,SPK_Gen_009,en,BONAFIDE,HUMAN,Varied Microphones,pcm_16k,16000,5.49,train
data/real/genuine_pool_00850.wav,REAL,Genuine_Pool,SPK_Gen_010,en,BONAFIDE,HUMAN,Varied Microphones,pcm_16k,16000,5.25,train
data/real/genuine_pool_00851.wav,REAL,Genuine_Pool,SPK_Gen_011,en,BONAFIDE,HUMAN,Varied Microphones,pcm_16k,16000,4.48,train
data/real/genuine_pool_00852.wav,REAL,Genuine_Pool,SPK_Gen_012,en,BONAFIDE,HUMAN,Varied Microphones,pcm_16k,16000,5.56,train
data/real/genuine_pool_00853.wav,REAL,Genuine_Pool,SPK_Gen_013,en,BONAFIDE,HUMAN,Varied Microphones,pcm_16k,16000,5.74,train
data/real/genuine_pool_00854.wav,REAL,Genuine_Pool,SPK_Gen_014,en,BONAFIDE,HUMAN,Varied Microphones,pcm_16k,16000,4.98,test
data/real/genuine_pool_00855.wav,REAL,Genuine_Pool,SPK_Gen_015,en,BONAFIDE,HUMAN,Varied Microphones,pcm_16k,16000,4.23,train
data/real/genuine_pool_00856.wav,REAL,Genuine_Pool,SPK_Gen_016,en,BONAFIDE,HUMAN,Varied Microphones,pcm_16k,16000,5.58,train
data/real/genuine_pool_00857.wav,REAL,Genuine_Pool,SPK_Gen_017,en,BONAFIDE,HUMAN,Varied Microphones,pcm_16k,16000,4.33,validation
data/real/genuine_pool_00858.wav,REAL,Genuine_Pool,SPK_Gen_018,en,BONAFIDE,HUMAN,Varied Microphones,pcm_16k,16000,5.16,test
data/real/genuine_pool_00859.wav,REAL,Genuine_Pool,SPK_Gen_019,en,BONAFIDE,HUMAN,Varied Microphones,pcm_16k,16000,5.59,train
data/real/genuine_pool_00860.wav,REAL,Genuine_Pool,SPK_Gen_020,en,BONAFIDE,HUMAN,Varied Microphones,pcm_16k,16000,5.64,test
data/real/genuine_pool_00861.wav,REAL,Genuine_Pool,SPK_Gen_021,en,BONAFIDE,HUMAN,Varied Microphones,pcm_16k,16000,4.85,test
data/real/genuine_pool_00862.wav,REAL,Genuine_Pool,SPK_Gen_022,en,BONAFIDE,HUMAN,Varied Microphones,pcm_16k,16000,4.78,train
data/real/genuine_pool_00863.wav,REAL,Genuine_Pool,SPK_Gen_023,en,BONAFIDE,HUMAN,Varied Microphones,pcm_16k,16000,5.25,train
data/real/genuine_pool_00864.wav,REAL,Genuine_Pool,SPK_Gen_024,en,BONAFIDE,HUMAN,Varied Microphones,pcm_16k,16000,4.34,test
data/real/genuine_pool_00865.wav,REAL,Genuine_Pool,SPK_Gen_025,en,BONAFIDE,HUMAN,Varied Microphones,pcm_16k,16000,5.71,train
data/real/genuine_pool_00866.wav,REAL,Genuine_Pool,SPK_Gen_026,en,BONAFIDE,HUMAN,Varied Microphones,pcm_16k,16000,5.36,train
data/real/genuine_pool_00867.wav,REAL,Genuine_Pool,SPK_Gen_027,en,BONAFIDE,HUMAN,Varied Microphones,pcm_16k,16000,4.42,test
data/real/genuine_pool_00868.wav,REAL,Genuine_Pool,SPK_Gen_028,en,BONAFIDE,HUMAN,Varied Microphones,pcm_16k,16000,4.38,train
data/real/genuine_pool_00869.wav,REAL,Genuine_Pool,SPK_Gen_029,en,BONAFIDE,HUMAN,Varied Microphones,pcm_16k,16000,5.38,validation
data/real/genuine_pool_00870.wav,REAL,Genuine_Pool,SPK_Gen_030,en,BONAFIDE,HUMAN,Varied Microphones,pcm_16k,16000,5.69,train
data/real/genuine_pool_00871.wav,REAL,Genuine_Pool,SPK_Gen_031,en,BONAFIDE,HUMAN,Varied Microphones,pcm_16k,16000,5.04,train
data/real/genuine_pool_00872.wav,REAL,Genuine_Pool,SPK_Gen_032,en,BONAFIDE,HUMAN,Varied Microphones,pcm_16k,16000,5.53,train
data/real/genuine_pool_00873.wav,REAL,Genuine_Pool,SPK_Gen_033,en,BONAFIDE,HUMAN,Varied Microphones,pcm_16k,16000,5.72,train
data/real/genuine_pool_00874.wav,REAL,Genuine_Pool,SPK_Gen_034,en,BONAFIDE,HUMAN,Varied Microphones,pcm_16k,16000,5.69,train
data/real/genuine_pool_00875.wav,REAL,Genuine_Pool,SPK_Gen_035,en,BONAFIDE,HUMAN,Varied Microphones,pcm_16k,16000,4.6,train
data/real/genuine_pool_00876.wav,REAL,Genuine_Pool,SPK_Gen_036,en,BONAFIDE,HUMAN,Varied Microphones,pcm_16k,16000,5.62,test
data/real/genuine_pool_00877.wav,REAL,Genuine_Pool,SPK_Gen_037,en,BONAFIDE,HUMAN,Varied Microphones,pcm_16k,16000,4.58,train
data/real/genuine_pool_00878.wav,REAL,Genuine_Pool,SPK_Gen_038,en,BONAFIDE,HUMAN,Varied Microphones,pcm_16k,16000,4.4,test
data/real/genuine_pool_00879.wav,REAL,Genuine_Pool,SPK_Gen_039,en,BONAFIDE,HUMAN,Varied Microphones,pcm_16k,16000,5.49,validation
data/real/genuine_pool_00880.wav,REAL,Genuine_Pool,SPK_Gen_040,en,BONAFIDE,HUMAN,Varied Microphones,pcm_16k,16000,4.73,train
data/real/genuine_pool_00881.wav,REAL,Genuine_Pool,SPK_Gen_041,en,BONAFIDE,HUMAN,Varied Microphones,pcm_16k,16000,5.13,train
data/real/genuine_pool_00882.wav,REAL,Genuine_Pool,SPK_Gen_042,en,BONAFIDE,HUMAN,Varied Microphones,pcm_16k,16000,4.82,train
data/real/genuine_pool_00883.wav,REAL,Genuine_Pool,SPK_Gen_043,en,BONAFIDE,HUMAN,Varied Microphones,pcm_16k,16000,5.4,train
data/real/genuine_pool_00884.wav,REAL,Genuine_Pool,SPK_Gen_044,en,BONAFIDE,HUMAN,Varied Microphones,pcm_16k,16000,4.58,train
data/real/genuine_pool_00885.wav,REAL,Genuine_Pool,SPK_Gen_045,en,BONAFIDE,HUMAN,Varied Microphones,pcm_16k,16000,4.88,validation
data/real/genuine_pool_00886.wav,REAL,Genuine_Pool,SPK_Gen_046,en,BONAFIDE,HUMAN,Varied Microphones,pcm_16k,16000,4.43,train
data/real/genuine_pool_00887.wav,REAL,Genuine_Pool,SPK_Gen_047,en,BONAFIDE,HUMAN,Varied Microphones,pcm_16k,16000,4.48,train
data/real/genuine_pool_00888.wav,REAL,Genuine_Pool,SPK_Gen_048,en,BONAFIDE,HUMAN,Varied Microphones,pcm_16k,16000,5.75,test
data/real/genuine_pool_00889.wav,REAL,Genuine_Pool,SPK_Gen_049,en,BONAFIDE,HUMAN,Varied Microphones,pcm_16k,16000,4.9,train
data/real/genuine_pool_00890.wav,REAL,Genuine_Pool,SPK_Gen_050,en,BONAFIDE,HUMAN,Varied Microphones,pcm_16k,16000,4.61,validation
data/real/genuine_pool_00891.wav,REAL,Genuine_Pool,SPK_Gen_051,en,BONAFIDE,HUMAN,Varied Microphones,pcm_16k,16000,5.14,train
data/real/genuine_pool_00892.wav,REAL,Genuine_Pool,SPK_Gen_052,en,BONAFIDE,HUMAN,Varied Microphones,pcm_16k,16000,4.98,train
data/real/genuine_pool_00893.wav,REAL,Genuine_Pool,SPK_Gen_053,en,BONAFIDE,HUMAN,Varied Microphones,pcm_16k,16000,4.8,train
data/real/genuine_pool_00894.wav,REAL,Genuine_Pool,SPK_Gen_054,en,BONAFIDE,HUMAN,Varied Microphones,pcm_16k,16000,5.72,train
data/real/genuine_pool_00895.wav,REAL,Genuine_Pool,SPK_Gen_055,en,BONAFIDE,HUMAN,Varied Microphones,pcm_16k,16000,4.71,train
data/real/genuine_pool_00896.wav,REAL,Genuine_Pool,SPK_Gen_056,en,BONAFIDE,HUMAN,Varied Microphones,pcm_16k,16000,4.88,test
data/real/genuine_pool_00897.wav,REAL,Genuine_Pool,SPK_Gen_057,en,BONAFIDE,HUMAN,Varied Microphones,pcm_16k,16000,5.29,train
data/real/genuine_pool_00898.wav,REAL,Genuine_Pool,SPK_Gen_058,en,BONAFIDE,HUMAN,Varied Microphones,pcm_16k,16000,5.74,validation
data/real/genuine_pool_00899.wav,REAL,Genuine_Pool,SPK_Gen_059,en,BONAFIDE,HUMAN,Varied Microphones,pcm_16k,16000,5.61,train
data/real/genuine_pool_00900.wav,REAL,Genuine_Pool,SPK_Gen_060,en,BONAFIDE,HUMAN,Varied Microphones,pcm_16k,16000,5.7,test
data/real/genuine_pool_00901.wav,REAL,Genuine_Pool,SPK_Gen_061,en,BONAFIDE,HUMAN,Varied Microphones,pcm_16k,16000,4.78,train
data/real/genuine_pool_00902.wav,REAL,Genuine_Pool,SPK_Gen_062,en,BONAFIDE,HUMAN,Varied Microphones,pcm_16k,16000,5.35,train
data/real/genuine_pool_00903.wav,REAL,Genuine_Pool,SPK_Gen_063,en,BONAFIDE,HUMAN,Varied Microphones,pcm_16k,16000,5.51,test
data/real/genuine_pool_00904.wav,REAL,Genuine_Pool,SPK_Gen_064,en,BONAFIDE,HUMAN,Varied Microphones,pcm_16k,16000,4.23,train
data/real/genuine_pool_00905.wav,REAL,Genuine_Pool,SPK_Gen_065,en,BONAFIDE,HUMAN,Varied Microphones,pcm_16k,16000,5.75,train
data/real/genuine_pool_00906.wav,REAL,Genuine_Pool,SPK_Gen_066,en,BONAFIDE,HUMAN,Varied Microphones,pcm_16k,16000,5.17,train
data/real/genuine_pool_00907.wav,REAL,Genuine_Pool,SPK_Gen_067,en,BONAFIDE,HUMAN,Varied Microphones,pcm_16k,16000,5.55,train
data/real/genuine_pool_00908.wav,REAL,Genuine_Pool,SPK_Gen_068,en,BONAFIDE,HUMAN,Varied Microphones,pcm_16k,16000,5.26,test
data/real/genuine_pool_00909.wav,REAL,Genuine_Pool,SPK_Gen_069,en,BONAFIDE,HUMAN,Varied Microphones,pcm_16k,16000,5.71,train
data/real/genuine_pool_00910.wav,REAL,Genuine_Pool,SPK_Gen_070,en,BONAFIDE,HUMAN,Varied Microphones,pcm_16k,16000,5.31,train
data/real/genuine_pool_00911.wav,REAL,Genuine_Pool,SPK_Gen_071,en,BONAFIDE,HUMAN,Varied Microphones,pcm_16k,16000,5.46,test
data/real/genuine_pool_00912.wav,REAL,Genuine_Pool,SPK_Gen_072,en,BONAFIDE,HUMAN,Varied Microphones,pcm_16k,16000,4.58,train
data/real/genuine_pool_00913.wav,REAL,Genuine_Pool,SPK_Gen_073,en,BONAFIDE,HUMAN,Varied Microphones,pcm_16k,16000,5.08,train
data/real/genuine_pool_00914.wav,REAL,Genuine_Pool,SPK_Gen_074,en,BONAFIDE,HUMAN,Varied Microphones,pcm_16k,16000,4.69,validation
data/real/genuine_pool_00915.wav,REAL,Genuine_Pool,SPK_Gen_075,en,BONAFIDE,HUMAN,Varied Microphones,pcm_16k,16000,5.73,train
data/real/genuine_pool_00916.wav,REAL,Genuine_Pool,SPK_Gen_076,en,BONAFIDE,HUMAN,Varied Microphones,pcm_16k,16000,4.78,train
data/real/genuine_pool_00917.wav,REAL,Genuine_Pool,SPK_Gen_077,en,BONAFIDE,HUMAN,Varied Microphones,pcm_16k,16000,5.5,train
data/real/genuine_pool_00918.wav,REAL,Genuine_Pool,SPK_Gen_078,en,BONAFIDE,HUMAN,Varied Microphones,pcm_16k,16000,4.4,train
data/real/genuine_pool_00919.wav,REAL,Genuine_Pool,SPK_Gen_079,en,BONAFIDE,HUMAN,Varied Microphones,pcm_16k,16000,5.59,train
data/real/genuine_pool_00920.wav,REAL,Genuine_Pool,SPK_Gen_080,en,BONAFIDE,HUMAN,Varied Microphones,pcm_16k,16000,5.57,train
data/real/genuine_pool_00921.wav,REAL,Genuine_Pool,SPK_Gen_081,en,BONAFIDE,HUMAN,Varied Microphones,pcm_16k,16000,4.82,test
data/real/genuine_pool_00922.wav,REAL,Genuine_Pool,SPK_Gen_082,en,BONAFIDE,HUMAN,Varied Microphones,pcm_16k,16000,5.66,train
data/real/genuine_pool_00923.wav,REAL,Genuine_Pool,SPK_Gen_083,en,BONAFIDE,HUMAN,Varied Microphones,pcm_16k,16000,4.83,train
data/real/genuine_pool_00924.wav,REAL,Genuine_Pool,SPK_Gen_084,en,BONAFIDE,HUMAN,Varied Microphones,pcm_16k,16000,5.76,test
data/real/genuine_pool_00925.wav,REAL,Genuine_Pool,SPK_Gen_085,en,BONAFIDE,HUMAN,Varied Microphones,pcm_16k,16000,4.61,test
data/real/genuine_pool_00926.wav,REAL,Genuine_Pool,SPK_Gen_086,en,BONAFIDE,HUMAN,Varied Microphones,pcm_16k,16000,4.34,train
data/real/genuine_pool_00927.wav,REAL,Genuine_Pool,SPK_Gen_087,en,BONAFIDE,HUMAN,Varied Microphones,pcm_16k,16000,5.52,train
data/real/genuine_pool_00928.wav,REAL,Genuine_Pool,SPK_Gen_088,en,BONAFIDE,HUMAN,Varied Microphones,pcm_16k,16000,4.58,test
data/real/genuine_pool_00929.wav,REAL,Genuine_Pool,SPK_Gen_089,en,BONAFIDE,HUMAN,Varied Microphones,pcm_16k,16000,4.54,train
data/real/genuine_pool_00930.wav,REAL,Genuine_Pool,SPK_Gen_090,en,BONAFIDE,HUMAN,Varied Microphones,pcm_16k,16000,5.62,test
data/real/genuine_pool_00931.wav,REAL,Genuine_Pool,SPK_Gen_091,en,BONAFIDE,HUMAN,Varied Microphones,pcm_16k,16000,5.67,validation
data/real/genuine_pool_00932.wav,REAL,Genuine_Pool,SPK_Gen_092,en,BONAFIDE,HUMAN,Varied Microphones,pcm_16k,16000,5.21,test
data/real/genuine_pool_00933.wav,REAL,Genuine_Pool,SPK_Gen_093,en,BONAFIDE,HUMAN,Varied Microphones,pcm_16k,16000,5.61,train
data/real/genuine_pool_00934.wav,REAL,Genuine_Pool,SPK_Gen_094,en,BONAFIDE,HUMAN,Varied Microphones,pcm_16k,16000,5.43,train
data/real/genuine_pool_00935.wav,REAL,Genuine_Pool,SPK_Gen_095,en,BONAFIDE,HUMAN,Varied Microphones,pcm_16k,16000,4.85,train
data/real/genuine_pool_00936.wav,REAL,Genuine_Pool,SPK_Gen_096,en,BONAFIDE,HUMAN,Varied Microphones,pcm_16k,16000,4.25,validation
data/real/genuine_pool_00937.wav,REAL,Genuine_Pool,SPK_Gen_097,en,BONAFIDE,HUMAN,Varied Microphones,pcm_16k,16000,5.59,train
data/real/genuine_pool_00938.wav,REAL,Genuine_Pool,SPK_Gen_098,en,BONAFIDE,HUMAN,Varied Microphones,pcm_16k,16000,5.52,train
data/real/genuine_pool_00939.wav,REAL,Genuine_Pool,SPK_Gen_099,en,BONAFIDE,HUMAN,Varied Microphones,pcm_16k,16000,5.7,test
data/real/genuine_pool_00940.wav,REAL,Genuine_Pool,SPK_Gen_100,en,BONAFIDE,HUMAN,Varied Microphones,pcm_16k,16000,4.95,validation
data/real/genuine_pool_00941.wav,REAL,Genuine_Pool,SPK_Gen_101,en,BONAFIDE,HUMAN,Varied Microphones,pcm_16k,16000,4.86,train
data/real/genuine_pool_00942.wav,REAL,Genuine_Pool,SPK_Gen_102,en,BONAFIDE,HUMAN,Varied Microphones,pcm_16k,16000,5.55,train
data/real/genuine_pool_00943.wav,REAL,Genuine_Pool,SPK_Gen_103,en,BONAFIDE,HUMAN,Varied Microphones,pcm_16k,16000,5.35,train
data/real/genuine_pool_00944.wav,REAL,Genuine_Pool,SPK_Gen_104,en,BONAFIDE,HUMAN,Varied Microphones,pcm_16k,16000,5.6,train
data/real/genuine_pool_00945.wav,REAL,Genuine_Pool,SPK_Gen_105,en,BONAFIDE,HUMAN,Varied Microphones,pcm_16k,16000,5.51,train
data/real/genuine_pool_00946.wav,REAL,Genuine_Pool,SPK_Gen_106,en,BONAFIDE,HUMAN,Varied Microphones,pcm_16k,16000,5.52,train
data/real/genuine_pool_00947.wav,REAL,Genuine_Pool,SPK_Gen_107,en,BONAFIDE,HUMAN,Varied Microphones,pcm_16k,16000,5.32,train
data/real/genuine_pool_00948.wav,REAL,Genuine_Pool,SPK_Gen_108,en,BONAFIDE,HUMAN,Varied Microphones,pcm_16k,16000,5.01,train
data/real/genuine_pool_00949.wav,REAL,Genuine_Pool,SPK_Gen_109,en,BONAFIDE,HUMAN,Varied Microphones,pcm_16k,16000,4.76,test
data/real/genuine_pool_00950.wav,REAL,Genuine_Pool,SPK_Gen_110,en,BONAFIDE,HUMAN,Varied Microphones,pcm_16k,16000,5.16,train
data/real/genuine_pool_00951.wav,REAL,Genuine_Pool,SPK_Gen_111,en,BONAFIDE,HUMAN,Varied Microphones,pcm_16k,16000,5.5,train
data/real/genuine_pool_00952.wav,REAL,Genuine_Pool,SPK_Gen_112,en,BONAFIDE,HUMAN,Varied Microphones,pcm_16k,16000,5.38,train
data/real/genuine_pool_00953.wav,REAL,Genuine_Pool,SPK_Gen_113,en,BONAFIDE,HUMAN,Varied Microphones,pcm_16k,16000,4.93,train
data/real/genuine_pool_00954.wav,REAL,Genuine_Pool,SPK_Gen_114,en,BONAFIDE,HUMAN,Varied Microphones,pcm_16k,16000,4.24,train
data/real/genuine_pool_00955.wav,REAL,Genuine_Pool,SPK_Gen_115,en,BONAFIDE,HUMAN,Varied Microphones,pcm_16k,16000,4.28,validation
data/real/genuine_pool_00956.wav,REAL,Genuine_Pool,SPK_Gen_116,en,BONAFIDE,HUMAN,Varied Microphones,pcm_16k,16000,5.23,validation
data/real/genuine_pool_00957.wav,REAL,Genuine_Pool,SPK_Gen_117,en,BONAFIDE,HUMAN,Varied Microphones,pcm_16k,16000,5.21,test
data/real/genuine_pool_00958.wav,REAL,Genuine_Pool,SPK_Gen_118,en,BONAFIDE,HUMAN,Varied Microphones,pcm_16k,16000,5.47,train
data/real/genuine_pool_00959.wav,REAL,Genuine_Pool,SPK_Gen_119,en,BONAFIDE,HUMAN,Varied Microphones,pcm_16k,16000,4.42,test
data/real/genuine_pool_00960.wav,REAL,Genuine_Pool,SPK_Gen_000,en,BONAFIDE,HUMAN,Varied Microphones,pcm_16k,16000,4.84,validation
data/real/genuine_pool_00961.wav,REAL,Genuine_Pool,SPK_Gen_001,en,BONAFIDE,HUMAN,Varied Microphones,pcm_16k,16000,5.21,train
data/real/genuine_pool_00962.wav,REAL,Genuine_Pool,SPK_Gen_002,en,BONAFIDE,HUMAN,Varied Microphones,pcm_16k,16000,4.7,validation
data/real/genuine_pool_00963.wav,REAL,Genuine_Pool,SPK_Gen_003,en,BONAFIDE,HUMAN,Varied Microphones,pcm_16k,16000,4.33,test
data/real/genuine_pool_00964.wav,REAL,Genuine_Pool,SPK_Gen_004,en,BONAFIDE,HUMAN,Varied Microphones,pcm_16k,16000,4.45,train
data/real/genuine_pool_00965.wav,REAL,Genuine_Pool,SPK_Gen_005,en,BONAFIDE,HUMAN,Varied Microphones,pcm_16k,16000,5.03,train
data/real/genuine_pool_00966.wav,REAL,Genuine_Pool,SPK_Gen_006,en,BONAFIDE,HUMAN,Varied Microphones,pcm_16k,16000,5.75,train
data/real/genuine_pool_00967.wav,REAL,Genuine_Pool,SPK_Gen_007,en,BONAFIDE,HUMAN,Varied Microphones,pcm_16k,16000,5.53,train
data/real/genuine_pool_00968.wav,REAL,Genuine_Pool,SPK_Gen_008,en,BONAFIDE,HUMAN,Varied Microphones,pcm_16k,16000,5.42,test
data/real/genuine_pool_00969.wav,REAL,Genuine_Pool,SPK_Gen_009,en,BONAFIDE,HUMAN,Varied Microphones,pcm_16k,16000,5.56,train
data/real/genuine_pool_00970.wav,REAL,Genuine_Pool,SPK_Gen_010,en,BONAFIDE,HUMAN,Varied Microphones,pcm_16k,16000,5.3,train
data/real/genuine_pool_00971.wav,REAL,Genuine_Pool,SPK_Gen_011,en,BONAFIDE,HUMAN,Varied Microphones,pcm_16k,16000,5.47,train
data/real/genuine_pool_00972.wav,REAL,Genuine_Pool,SPK_Gen_012,en,BONAFIDE,HUMAN,Varied Microphones,pcm_16k,16000,4.71,train
data/real/genuine_pool_00973.wav,REAL,Genuine_Pool,SPK_Gen_013,en,BONAFIDE,HUMAN,Varied Microphones,pcm_16k,16000,4.97,train
data/real/genuine_pool_00974.wav,REAL,Genuine_Pool,SPK_Gen_014,en,BONAFIDE,HUMAN,Varied Microphones,pcm_16k,16000,5.38,test
data/real/genuine_pool_00975.wav,REAL,Genuine_Pool,SPK_Gen_015,en,BONAFIDE,HUMAN,Varied Microphones,pcm_16k,16000,4.62,train
data/real/genuine_pool_00976.wav,REAL,Genuine_Pool,SPK_Gen_016,en,BONAFIDE,HUMAN,Varied Microphones,pcm_16k,16000,5.3,train
data/real/genuine_pool_00977.wav,REAL,Genuine_Pool,SPK_Gen_017,en,BONAFIDE,HUMAN,Varied Microphones,pcm_16k,16000,5.52,validation
data/real/genuine_pool_00978.wav,REAL,Genuine_Pool,SPK_Gen_018,en,BONAFIDE,HUMAN,Varied Microphones,pcm_16k,16000,5.48,test
data/real/genuine_pool_00979.wav,REAL,Genuine_Pool,SPK_Gen_019,en,BONAFIDE,HUMAN,Varied Microphones,pcm_16k,16000,4.52,train
data/real/genuine_pool_00980.wav,REAL,Genuine_Pool,SPK_Gen_020,en,BONAFIDE,HUMAN,Varied Microphones,pcm_16k,16000,4.86,test
data/real/genuine_pool_00981.wav,REAL,Genuine_Pool,SPK_Gen_021,en,BONAFIDE,HUMAN,Varied Microphones,pcm_16k,16000,4.49,test
data/real/genuine_pool_00982.wav,REAL,Genuine_Pool,SPK_Gen_022,en,BONAFIDE,HUMAN,Varied Microphones,pcm_16k,16000,5.6,train
data/real/genuine_pool_00983.wav,REAL,Genuine_Pool,SPK_Gen_023,en,BONAFIDE,HUMAN,Varied Microphones,pcm_16k,16000,5.71,train
data/real/genuine_pool_00984.wav,REAL,Genuine_Pool,SPK_Gen_024,en,BONAFIDE,HUMAN,Varied Microphones,pcm_16k,16000,5.61,test
data/real/genuine_pool_00985.wav,REAL,Genuine_Pool,SPK_Gen_025,en,BONAFIDE,HUMAN,Varied Microphones,pcm_16k,16000,4.56,train
data/real/genuine_pool_00986.wav,REAL,Genuine_Pool,SPK_Gen_026,en,BONAFIDE,HUMAN,Varied Microphones,pcm_16k,16000,5.72,train
data/real/genuine_pool_00987.wav,REAL,Genuine_Pool,SPK_Gen_027,en,BONAFIDE,HUMAN,Varied Microphones,pcm_16k,16000,5.68,test
data/real/genuine_pool_00988.wav,REAL,Genuine_Pool,SPK_Gen_028,en,BONAFIDE,HUMAN,Varied Microphones,pcm_16k,16000,5.24,train
data/real/genuine_pool_00989.wav,REAL,Genuine_Pool,SPK_Gen_029,en,BONAFIDE,HUMAN,Varied Microphones,pcm_16k,16000,5.2,validation
data/real/genuine_pool_00990.wav,REAL,Genuine_Pool,SPK_Gen_030,en,BONAFIDE,HUMAN,Varied Microphones,pcm_16k,16000,5.65,train
data/real/genuine_pool_00991.wav,REAL,Genuine_Pool,SPK_Gen_031,en,BONAFIDE,HUMAN,Varied Microphones,pcm_16k,16000,5.76,train
data/real/genuine_pool_00992.wav,REAL,Genuine_Pool,SPK_Gen_032,en,BONAFIDE,HUMAN,Varied Microphones,pcm_16k,16000,4.52,train
data/real/genuine_pool_00993.wav,REAL,Genuine_Pool,SPK_Gen_033,en,BONAFIDE,HUMAN,Varied Microphones,pcm_16k,16000,5.32,train
data/real/genuine_pool_00994.wav,REAL,Genuine_Pool,SPK_Gen_034,en,BONAFIDE,HUMAN,Varied Microphones,pcm_16k,16000,4.47,train
data/real/genuine_pool_00995.wav,REAL,Genuine_Pool,SPK_Gen_035,en,BONAFIDE,HUMAN,Varied Microphones,pcm_16k,16000,4.84,train
data/real/genuine_pool_00996.wav,REAL,Genuine_Pool,SPK_Gen_036,en,BONAFIDE,HUMAN,Varied Microphones,pcm_16k,16000,4.89,test
data/real/genuine_pool_00997.wav,REAL,Genuine_Pool,SPK_Gen_037,en,BONAFIDE,HUMAN,Varied Microphones,pcm_16k,16000,4.62,train
data/real/genuine_pool_00998.wav,REAL,Genuine_Pool,SPK_Gen_038,en,BONAFIDE,HUMAN,Varied Microphones,pcm_16k,16000,4.34,test
data/real/genuine_pool_00999.wav,REAL,Genuine_Pool,SPK_Gen_039,en,BONAFIDE,HUMAN,Varied Microphones,pcm_16k,16000,4.79,validation
data/real/genuine_pool_01000.wav,REAL,Genuine_Pool,SPK_Gen_040,en,BONAFIDE,HUMAN,Varied Microphones,pcm_16k,16000,5.72,train
data/real/genuine_pool_01001.wav,REAL,Genuine_Pool,SPK_Gen_041,en,BONAFIDE,HUMAN,Varied Microphones,pcm_16k,16000,4.39,train
data/real/genuine_pool_01002.wav,REAL,Genuine_Pool,SPK_Gen_042,en,BONAFIDE,HUMAN,Varied Microphones,pcm_16k,16000,5.35,train
data/real/genuine_pool_01003.wav,REAL,Genuine_Pool,SPK_Gen_043,en,BONAFIDE,HUMAN,Varied Microphones,pcm_16k,16000,4.9,train
data/real/genuine_pool_01004.wav,REAL,Genuine_Pool,SPK_Gen_044,en,BONAFIDE,HUMAN,Varied Microphones,pcm_16k,16000,5.67,train
data/real/genuine_pool_01005.wav,REAL,Genuine_Pool,SPK_Gen_045,en,BONAFIDE,HUMAN,Varied Microphones,pcm_16k,16000,4.93,validation
data/real/genuine_pool_01006.wav,REAL,Genuine_Pool,SPK_Gen_046,en,BONAFIDE,HUMAN,Varied Microphones,pcm_16k,16000,5.28,train
data/real/genuine_pool_01007.wav,REAL,Genuine_Pool,SPK_Gen_047,en,BONAFIDE,HUMAN,Varied Microphones,pcm_16k,16000,4.39,train
data/real/genuine_pool_01008.wav,REAL,Genuine_Pool,SPK_Gen_048,en,BONAFIDE,HUMAN,Varied Microphones,pcm_16k,16000,5.34,test
data/real/genuine_pool_01009.wav,REAL,Genuine_Pool,SPK_Gen_049,en,BONAFIDE,HUMAN,Varied Microphones,pcm_16k,16000,4.5,train
data/real/genuine_pool_01010.wav,REAL,Genuine_Pool,SPK_Gen_050,en,BONAFIDE,HUMAN,Varied Microphones,pcm_16k,16000,5.58,validation
data/real/genuine_pool_01011.wav,REAL,Genuine_Pool,SPK_Gen_051,en,BONAFIDE,HUMAN,Varied Microphones,pcm_16k,16000,5.45,train
data/real/genuine_pool_01012.wav,REAL,Genuine_Pool,SPK_Gen_052,en,BONAFIDE,HUMAN,Varied Microphones,pcm_16k,16000,4.66,train
data/real/genuine_pool_01013.wav,REAL,Genuine_Pool,SPK_Gen_053,en,BONAFIDE,HUMAN,Varied Microphones,pcm_16k,16000,4.99,train
data/real/genuine_pool_01014.wav,REAL,Genuine_Pool,SPK_Gen_054,en,BONAFIDE,HUMAN,Varied Microphones,pcm_16k,16000,4.41,train
data/real/genuine_pool_01015.wav,REAL,Genuine_Pool,SPK_Gen_055,en,BONAFIDE,HUMAN,Varied Microphones,pcm_16k,16000,5.57,train
data/real/genuine_pool_01016.wav,REAL,Genuine_Pool,SPK_Gen_056,en,BONAFIDE,HUMAN,Varied Microphones,pcm_16k,16000,5.16,test
data/real/genuine_pool_01017.wav,REAL,Genuine_Pool,SPK_Gen_057,en,BONAFIDE,HUMAN,Varied Microphones,pcm_16k,16000,5.79,train
data/real/genuine_pool_01018.wav,REAL,Genuine_Pool,SPK_Gen_058,en,BONAFIDE,HUMAN,Varied Microphones,pcm_16k,16000,4.65,validation
data/real/genuine_pool_01019.wav,REAL,Genuine_Pool,SPK_Gen_059,en,BONAFIDE,HUMAN,Varied Microphones,pcm_16k,16000,5.28,train
data/real/genuine_pool_01020.wav,REAL,Genuine_Pool,SPK_Gen_060,en,BONAFIDE,HUMAN,Varied Microphones,pcm_16k,16000,4.87,test
data/real/genuine_pool_01021.wav,REAL,Genuine_Pool,SPK_Gen_061,en,BONAFIDE,HUMAN,Varied Microphones,pcm_16k,16000,4.85,train
data/real/genuine_pool_01022.wav,REAL,Genuine_Pool,SPK_Gen_062,en,BONAFIDE,HUMAN,Varied Microphones,pcm_16k,16000,4.43,train
data/real/genuine_pool_01023.wav,REAL,Genuine_Pool,SPK_Gen_063,en,BONAFIDE,HUMAN,Varied Microphones,pcm_16k,16000,4.66,test
data/real/genuine_pool_01024.wav,REAL,Genuine_Pool,SPK_Gen_064,en,BONAFIDE,HUMAN,Varied Microphones,pcm_16k,16000,4.62,train
data/real/genuine_pool_01025.wav,REAL,Genuine_Pool,SPK_Gen_065,en,BONAFIDE,HUMAN,Varied Microphones,pcm_16k,16000,5.19,train
data/real/genuine_pool_01026.wav,REAL,Genuine_Pool,SPK_Gen_066,en,BONAFIDE,HUMAN,Varied Microphones,pcm_16k,16000,5.65,train
data/real/genuine_pool_01027.wav,REAL,Genuine_Pool,SPK_Gen_067,en,BONAFIDE,HUMAN,Varied Microphones,pcm_16k,16000,4.79,train
data/real/genuine_pool_01028.wav,REAL,Genuine_Pool,SPK_Gen_068,en,BONAFIDE,HUMAN,Varied Microphones,pcm_16k,16000,5.29,test
data/real/genuine_pool_01029.wav,REAL,Genuine_Pool,SPK_Gen_069,en,BONAFIDE,HUMAN,Varied Microphones,pcm_16k,16000,4.93,train
data/real/genuine_pool_01030.wav,REAL,Genuine_Pool,SPK_Gen_070,en,BONAFIDE,HUMAN,Varied Microphones,pcm_16k,16000,4.22,train
data/real/genuine_pool_01031.wav,REAL,Genuine_Pool,SPK_Gen_071,en,BONAFIDE,HUMAN,Varied Microphones,pcm_16k,16000,4.41,test
data/real/genuine_pool_01032.wav,REAL,Genuine_Pool,SPK_Gen_072,en,BONAFIDE,HUMAN,Varied Microphones,pcm_16k,16000,4.72,train
data/real/genuine_pool_01033.wav,REAL,Genuine_Pool,SPK_Gen_073,en,BONAFIDE,HUMAN,Varied Microphones,pcm_16k,16000,5.31,train
data/real/genuine_pool_01034.wav,REAL,Genuine_Pool,SPK_Gen_074,en,BONAFIDE,HUMAN,Varied Microphones,pcm_16k,16000,5.3,validation
data/real/genuine_pool_01035.wav,REAL,Genuine_Pool,SPK_Gen_075,en,BONAFIDE,HUMAN,Varied Microphones,pcm_16k,16000,5.34,train
data/real/genuine_pool_01036.wav,REAL,Genuine_Pool,SPK_Gen_076,en,BONAFIDE,HUMAN,Varied Microphones,pcm_16k,16000,5.33,train
data/real/genuine_pool_01037.wav,REAL,Genuine_Pool,SPK_Gen_077,en,BONAFIDE,HUMAN,Varied Microphones,pcm_16k,16000,5.38,train
data/real/genuine_pool_01038.wav,REAL,Genuine_Pool,SPK_Gen_078,en,BONAFIDE,HUMAN,Varied Microphones,pcm_16k,16000,4.61,train
data/real/genuine_pool_01039.wav,REAL,Genuine_Pool,SPK_Gen_079,en,BONAFIDE,HUMAN,Varied Microphones,pcm_16k,16000,4.35,train
data/real/genuine_pool_01040.wav,REAL,Genuine_Pool,SPK_Gen_080,en,BONAFIDE,HUMAN,Varied Microphones,pcm_16k,16000,4.29,train
data/real/genuine_pool_01041.wav,REAL,Genuine_Pool,SPK_Gen_081,en,BONAFIDE,HUMAN,Varied Microphones,pcm_16k,16000,4.73,test
data/real/genuine_pool_01042.wav,REAL,Genuine_Pool,SPK_Gen_082,en,BONAFIDE,HUMAN,Varied Microphones,pcm_16k,16000,4.58,train
data/real/genuine_pool_01043.wav,REAL,Genuine_Pool,SPK_Gen_083,en,BONAFIDE,HUMAN,Varied Microphones,pcm_16k,16000,5.65,train
data/real/genuine_pool_01044.wav,REAL,Genuine_Pool,SPK_Gen_084,en,BONAFIDE,HUMAN,Varied Microphones,pcm_16k,16000,5.79,test
data/real/genuine_pool_01045.wav,REAL,Genuine_Pool,SPK_Gen_085,en,BONAFIDE,HUMAN,Varied Microphones,pcm_16k,16000,5.7,test
data/real/genuine_pool_01046.wav,REAL,Genuine_Pool,SPK_Gen_086,en,BONAFIDE,HUMAN,Varied Microphones,pcm_16k,16000,5.75,train
data/real/genuine_pool_01047.wav,REAL,Genuine_Pool,SPK_Gen_087,en,BONAFIDE,HUMAN,Varied Microphones,pcm_16k,16000,5.16,train
data/real/genuine_pool_01048.wav,REAL,Genuine_Pool,SPK_Gen_088,en,BONAFIDE,HUMAN,Varied Microphones,pcm_16k,16000,5.4,test
data/real/genuine_pool_01049.wav,REAL,Genuine_Pool,SPK_Gen_089,en,BONAFIDE,HUMAN,Varied Microphones,pcm_16k,16000,4.27,train
data/real/genuine_pool_01050.wav,REAL,Genuine_Pool,SPK_Gen_090,en,BONAFIDE,HUMAN,Varied Microphones,pcm_16k,16000,4.61,test
data/real/genuine_pool_01051.wav,REAL,Genuine_Pool,SPK_Gen_091,en,BONAFIDE,HUMAN,Varied Microphones,pcm_16k,16000,5.19,validation
data/real/genuine_pool_01052.wav,REAL,Genuine_Pool,SPK_Gen_092,en,BONAFIDE,HUMAN,Varied Microphones,pcm_16k,16000,4.68,test
data/real/genuine_pool_01053.wav,REAL,Genuine_Pool,SPK_Gen_093,en,BONAFIDE,HUMAN,Varied Microphones,pcm_16k,16000,4.83,train
data/real/genuine_pool_01054.wav,REAL,Genuine_Pool,SPK_Gen_094,en,BONAFIDE,HUMAN,Varied Microphones,pcm_16k,16000,4.79,train
data/real/genuine_pool_01055.wav,REAL,Genuine_Pool,SPK_Gen_095,en,BONAFIDE,HUMAN,Varied Microphones,pcm_16k,16000,5.75,train
data/real/genuine_pool_01056.wav,REAL,Genuine_Pool,SPK_Gen_096,en,BONAFIDE,HUMAN,Varied Microphones,pcm_16k,16000,5.1,validation
data/real/genuine_pool_01057.wav,REAL,Genuine_Pool,SPK_Gen_097,en,BONAFIDE,HUMAN,Varied Microphones,pcm_16k,16000,5.13,train
data/real/genuine_pool_01058.wav,REAL,Genuine_Pool,SPK_Gen_098,en,BONAFIDE,HUMAN,Varied Microphones,pcm_16k,16000,4.62,train
data/real/genuine_pool_01059.wav,REAL,Genuine_Pool,SPK_Gen_099,en,BONAFIDE,HUMAN,Varied Microphones,pcm_16k,16000,5.01,test
data/real/genuine_pool_01060.wav,REAL,Genuine_Pool,SPK_Gen_100,en,BONAFIDE,HUMAN,Varied Microphones,pcm_16k,16000,5.69,validation
data/real/genuine_pool_01061.wav,REAL,Genuine_Pool,SPK_Gen_101,en,BONAFIDE,HUMAN,Varied Microphones,pcm_16k,16000,5.6,train
data/real/genuine_pool_01062.wav,REAL,Genuine_Pool,SPK_Gen_102,en,BONAFIDE,HUMAN,Varied Microphones,pcm_16k,16000,4.41,train
data/real/genuine_pool_01063.wav,REAL,Genuine_Pool,SPK_Gen_103,en,BONAFIDE,HUMAN,Varied Microphones,pcm_16k,16000,4.71,train
data/real/genuine_pool_01064.wav,REAL,Genuine_Pool,SPK_Gen_104,en,BONAFIDE,HUMAN,Varied Microphones,pcm_16k,16000,5.05,train
data/real/genuine_pool_01065.wav,REAL,Genuine_Pool,SPK_Gen_105,en,BONAFIDE,HUMAN,Varied Microphones,pcm_16k,16000,4.43,train
data/real/genuine_pool_01066.wav,REAL,Genuine_Pool,SPK_Gen_106,en,BONAFIDE,HUMAN,Varied Microphones,pcm_16k,16000,4.39,train
data/real/genuine_pool_01067.wav,REAL,Genuine_Pool,SPK_Gen_107,en,BONAFIDE,HUMAN,Varied Microphones,pcm_16k,16000,4.27,train
data/real/genuine_pool_01068.wav,REAL,Genuine_Pool,SPK_Gen_108,en,BONAFIDE,HUMAN,Varied Microphones,pcm_16k,16000,4.4,train
data/real/genuine_pool_01069.wav,REAL,Genuine_Pool,SPK_Gen_109,en,BONAFIDE,HUMAN,Varied Microphones,pcm_16k,16000,5.59,test
data/real/genuine_pool_01070.wav,REAL,Genuine_Pool,SPK_Gen_110,en,BONAFIDE,HUMAN,Varied Microphones,pcm_16k,16000,5.54,train
data/real/genuine_pool_01071.wav,REAL,Genuine_Pool,SPK_Gen_111,en,BONAFIDE,HUMAN,Varied Microphones,pcm_16k,16000,5.4,train
data/real/genuine_pool_01072.wav,REAL,Genuine_Pool,SPK_Gen_112,en,BONAFIDE,HUMAN,Varied Microphones,pcm_16k,16000,5.68,train
data/real/genuine_pool_01073.wav,REAL,Genuine_Pool,SPK_Gen_113,en,BONAFIDE,HUMAN,Varied Microphones,pcm_16k,16000,4.65,train
data/real/genuine_pool_01074.wav,REAL,Genuine_Pool,SPK_Gen_114,en,BONAFIDE,HUMAN,Varied Microphones,pcm_16k,16000,5.6,train
data/real/genuine_pool_01075.wav,REAL,Genuine_Pool,SPK_Gen_115,en,BONAFIDE,HUMAN,Varied Microphones,pcm_16k,16000,5.18,validation
data/real/genuine_pool_01076.wav,REAL,Genuine_Pool,SPK_Gen_116,en,BONAFIDE,HUMAN,Varied Microphones,pcm_16k,16000,5.42,validation
data/real/genuine_pool_01077.wav,REAL,Genuine_Pool,SPK_Gen_117,en,BONAFIDE,HUMAN,Varied Microphones,pcm_16k,16000,4.62,test
data/real/genuine_pool_01078.wav,REAL,Genuine_Pool,SPK_Gen_118,en,BONAFIDE,HUMAN,Varied Microphones,pcm_16k,16000,4.7,train
data/real/genuine_pool_01079.wav,REAL,Genuine_Pool,SPK_Gen_119,en,BONAFIDE,HUMAN,Varied Microphones,pcm_16k,16000,5.63,test
data/real/genuine_pool_01080.wav,REAL,Genuine_Pool,SPK_Gen_000,en,BONAFIDE,HUMAN,Varied Microphones,pcm_16k,16000,4.7,validation
data/real/genuine_pool_01081.wav,REAL,Genuine_Pool,SPK_Gen_001,en,BONAFIDE,HUMAN,Varied Microphones,pcm_16k,16000,5.79,train
data/real/genuine_pool_01082.wav,REAL,Genuine_Pool,SPK_Gen_002,en,BONAFIDE,HUMAN,Varied Microphones,pcm_16k,16000,5.42,validation
data/real/genuine_pool_01083.wav,REAL,Genuine_Pool,SPK_Gen_003,en,BONAFIDE,HUMAN,Varied Microphones,pcm_16k,16000,4.44,test
data/real/genuine_pool_01084.wav,REAL,Genuine_Pool,SPK_Gen_004,en,BONAFIDE,HUMAN,Varied Microphones,pcm_16k,16000,5.56,train
data/real/genuine_pool_01085.wav,REAL,Genuine_Pool,SPK_Gen_005,en,BONAFIDE,HUMAN,Varied Microphones,pcm_16k,16000,5.25,train
data/real/genuine_pool_01086.wav,REAL,Genuine_Pool,SPK_Gen_006,en,BONAFIDE,HUMAN,Varied Microphones,pcm_16k,16000,5.48,train
data/real/genuine_pool_01087.wav,REAL,Genuine_Pool,SPK_Gen_007,en,BONAFIDE,HUMAN,Varied Microphones,pcm_16k,16000,4.29,train
data/real/genuine_pool_01088.wav,REAL,Genuine_Pool,SPK_Gen_008,en,BONAFIDE,HUMAN,Varied Microphones,pcm_16k,16000,4.44,test
data/real/genuine_pool_01089.wav,REAL,Genuine_Pool,SPK_Gen_009,en,BONAFIDE,HUMAN,Varied Microphones,pcm_16k,16000,4.57,train
data/real/genuine_pool_01090.wav,REAL,Genuine_Pool,SPK_Gen_010,en,BONAFIDE,HUMAN,Varied Microphones,pcm_16k,16000,4.26,train
data/real/genuine_pool_01091.wav,REAL,Genuine_Pool,SPK_Gen_011,en,BONAFIDE,HUMAN,Varied Microphones,pcm_16k,16000,4.62,train
data/real/genuine_pool_01092.wav,REAL,Genuine_Pool,SPK_Gen_012,en,BONAFIDE,HUMAN,Varied Microphones,pcm_16k,16000,5.33,train
data/real/genuine_pool_01093.wav,REAL,Genuine_Pool,SPK_Gen_013,en,BONAFIDE,HUMAN,Varied Microphones,pcm_16k,16000,4.9,train
data/real/genuine_pool_01094.wav,REAL,Genuine_Pool,SPK_Gen_014,en,BONAFIDE,HUMAN,Varied Microphones,pcm_16k,16000,5.79,test
data/real/genuine_pool_01095.wav,REAL,Genuine_Pool,SPK_Gen_015,en,BONAFIDE,HUMAN,Varied Microphones,pcm_16k,16000,5.68,train
data/real/genuine_pool_01096.wav,REAL,Genuine_Pool,SPK_Gen_016,en,BONAFIDE,HUMAN,Varied Microphones,pcm_16k,16000,4.27,train
data/real/genuine_pool_01097.wav,REAL,Genuine_Pool,SPK_Gen_017,en,BONAFIDE,HUMAN,Varied Microphones,pcm_16k,16000,4.77,validation
data/real/genuine_pool_01098.wav,REAL,Genuine_Pool,SPK_Gen_018,en,BONAFIDE,HUMAN,Varied Microphones,pcm_16k,16000,5.33,test
data/real/genuine_pool_01099.wav,REAL,Genuine_Pool,SPK_Gen_019,en,BONAFIDE,HUMAN,Varied Microphones,pcm_16k,16000,4.98,train
data/real/genuine_pool_01100.wav,REAL,Genuine_Pool,SPK_Gen_020,en,BONAFIDE,HUMAN,Varied Microphones,pcm_16k,16000,4.99,test
data/real/genuine_pool_01101.wav,REAL,Genuine_Pool,SPK_Gen_021,en,BONAFIDE,HUMAN,Varied Microphones,pcm_16k,16000,5.55,test
data/real/genuine_pool_01102.wav,REAL,Genuine_Pool,SPK_Gen_022,en,BONAFIDE,HUMAN,Varied Microphones,pcm_16k,16000,5.59,train
data/real/genuine_pool_01103.wav,REAL,Genuine_Pool,SPK_Gen_023,en,BONAFIDE,HUMAN,Varied Microphones,pcm_16k,16000,4.4,train
data/real/genuine_pool_01104.wav,REAL,Genuine_Pool,SPK_Gen_024,en,BONAFIDE,HUMAN,Varied Microphones,pcm_16k,16000,4.35,test
data/real/genuine_pool_01105.wav,REAL,Genuine_Pool,SPK_Gen_025,en,BONAFIDE,HUMAN,Varied Microphones,pcm_16k,16000,5.59,train
data/real/genuine_pool_01106.wav,REAL,Genuine_Pool,SPK_Gen_026,en,BONAFIDE,HUMAN,Varied Microphones,pcm_16k,16000,4.49,train
data/real/genuine_pool_01107.wav,REAL,Genuine_Pool,SPK_Gen_027,en,BONAFIDE,HUMAN,Varied Microphones,pcm_16k,16000,4.47,test
data/real/genuine_pool_01108.wav,REAL,Genuine_Pool,SPK_Gen_028,en,BONAFIDE,HUMAN,Varied Microphones,pcm_16k,16000,5.01,train
data/real/genuine_pool_01109.wav,REAL,Genuine_Pool,SPK_Gen_029,en,BONAFIDE,HUMAN,Varied Microphones,pcm_16k,16000,4.64,validation
data/real/genuine_pool_01110.wav,REAL,Genuine_Pool,SPK_Gen_030,en,BONAFIDE,HUMAN,Varied Microphones,pcm_16k,16000,5.63,train
data/real/genuine_pool_01111.wav,REAL,Genuine_Pool,SPK_Gen_031,en,BONAFIDE,HUMAN,Varied Microphones,pcm_16k,16000,5.14,train
data/real/genuine_pool_01112.wav,REAL,Genuine_Pool,SPK_Gen_032,en,BONAFIDE,HUMAN,Varied Microphones,pcm_16k,16000,5.13,train
data/real/genuine_pool_01113.wav,REAL,Genuine_Pool,SPK_Gen_033,en,BONAFIDE,HUMAN,Varied Microphones,pcm_16k,16000,5.75,train
data/real/genuine_pool_01114.wav,REAL,Genuine_Pool,SPK_Gen_034,en,BONAFIDE,HUMAN,Varied Microphones,pcm_16k,16000,5.04,train
data/real/genuine_pool_01115.wav,REAL,Genuine_Pool,SPK_Gen_035,en,BONAFIDE,HUMAN,Varied Microphones,pcm_16k,16000,5.11,train
data/real/genuine_pool_01116.wav,REAL,Genuine_Pool,SPK_Gen_036,en,BONAFIDE,HUMAN,Varied Microphones,pcm_16k,16000,4.87,test
data/real/genuine_pool_01117.wav,REAL,Genuine_Pool,SPK_Gen_037,en,BONAFIDE,HUMAN,Varied Microphones,pcm_16k,16000,4.32,train
data/real/genuine_pool_01118.wav,REAL,Genuine_Pool,SPK_Gen_038,en,BONAFIDE,HUMAN,Varied Microphones,pcm_16k,16000,5.43,test
data/real/genuine_pool_01119.wav,REAL,Genuine_Pool,SPK_Gen_039,en,BONAFIDE,HUMAN,Varied Microphones,pcm_16k,16000,5.28,validation
data/real/genuine_pool_01120.wav,REAL,Genuine_Pool,SPK_Gen_040,en,BONAFIDE,HUMAN,Varied Microphones,pcm_16k,16000,5.62,train
data/real/genuine_pool_01121.wav,REAL,Genuine_Pool,SPK_Gen_041,en,BONAFIDE,HUMAN,Varied Microphones,pcm_16k,16000,4.24,train
data/real/genuine_pool_01122.wav,REAL,Genuine_Pool,SPK_Gen_042,en,BONAFIDE,HUMAN,Varied Microphones,pcm_16k,16000,5.29,train
data/real/genuine_pool_01123.wav,REAL,Genuine_Pool,SPK_Gen_043,en,BONAFIDE,HUMAN,Varied Microphones,pcm_16k,16000,5.29,train
data/real/genuine_pool_01124.wav,REAL,Genuine_Pool,SPK_Gen_044,en,BONAFIDE,HUMAN,Varied Microphones,pcm_16k,16000,4.83,train
data/real/genuine_pool_01125.wav,REAL,Genuine_Pool,SPK_Gen_045,en,BONAFIDE,HUMAN,Varied Microphones,pcm_16k,16000,5.14,validation
data/real/genuine_pool_01126.wav,REAL,Genuine_Pool,SPK_Gen_046,en,BONAFIDE,HUMAN,Varied Microphones,pcm_16k,16000,5.72,train
data/real/genuine_pool_01127.wav,REAL,Genuine_Pool,SPK_Gen_047,en,BONAFIDE,HUMAN,Varied Microphones,pcm_16k,16000,5.54,train
data/real/genuine_pool_01128.wav,REAL,Genuine_Pool,SPK_Gen_048,en,BONAFIDE,HUMAN,Varied Microphones,pcm_16k,16000,4.45,test
data/real/genuine_pool_01129.wav,REAL,Genuine_Pool,SPK_Gen_049,en,BONAFIDE,HUMAN,Varied Microphones,pcm_16k,16000,4.33,train
data/real/genuine_pool_01130.wav,REAL,Genuine_Pool,SPK_Gen_050,en,BONAFIDE,HUMAN,Varied Microphones,pcm_16k,16000,5.53,validation
data/real/genuine_pool_01131.wav,REAL,Genuine_Pool,SPK_Gen_051,en,BONAFIDE,HUMAN,Varied Microphones,pcm_16k,16000,5.26,train
data/real/genuine_pool_01132.wav,REAL,Genuine_Pool,SPK_Gen_052,en,BONAFIDE,HUMAN,Varied Microphones,pcm_16k,16000,4.93,train
data/real/genuine_pool_01133.wav,REAL,Genuine_Pool,SPK_Gen_053,en,BONAFIDE,HUMAN,Varied Microphones,pcm_16k,16000,5.73,train
data/real/genuine_pool_01134.wav,REAL,Genuine_Pool,SPK_Gen_054,en,BONAFIDE,HUMAN,Varied Microphones,pcm_16k,16000,5.15,train
data/real/genuine_pool_01135.wav,REAL,Genuine_Pool,SPK_Gen_055,en,BONAFIDE,HUMAN,Varied Microphones,pcm_16k,16000,4.21,train
data/real/genuine_pool_01136.wav,REAL,Genuine_Pool,SPK_Gen_056,en,BONAFIDE,HUMAN,Varied Microphones,pcm_16k,16000,5.75,test
data/real/genuine_pool_01137.wav,REAL,Genuine_Pool,SPK_Gen_057,en,BONAFIDE,HUMAN,Varied Microphones,pcm_16k,16000,5.25,train
data/real/genuine_pool_01138.wav,REAL,Genuine_Pool,SPK_Gen_058,en,BONAFIDE,HUMAN,Varied Microphones,pcm_16k,16000,5.72,validation
data/real/genuine_pool_01139.wav,REAL,Genuine_Pool,SPK_Gen_059,en,BONAFIDE,HUMAN,Varied Microphones,pcm_16k,16000,4.72,train
data/real/genuine_pool_01140.wav,REAL,Genuine_Pool,SPK_Gen_060,en,BONAFIDE,HUMAN,Varied Microphones,pcm_16k,16000,5.37,test
data/real/genuine_pool_01141.wav,REAL,Genuine_Pool,SPK_Gen_061,en,BONAFIDE,HUMAN,Varied Microphones,pcm_16k,16000,5.37,train
data/real/genuine_pool_01142.wav,REAL,Genuine_Pool,SPK_Gen_062,en,BONAFIDE,HUMAN,Varied Microphones,pcm_16k,16000,5.73,train
data/real/genuine_pool_01143.wav,REAL,Genuine_Pool,SPK_Gen_063,en,BONAFIDE,HUMAN,Varied Microphones,pcm_16k,16000,5.11,test
data/real/genuine_pool_01144.wav,REAL,Genuine_Pool,SPK_Gen_064,en,BONAFIDE,HUMAN,Varied Microphones,pcm_16k,16000,4.54,train
data/real/genuine_pool_01145.wav,REAL,Genuine_Pool,SPK_Gen_065,en,BONAFIDE,HUMAN,Varied Microphones,pcm_16k,16000,4.28,train
data/real/genuine_pool_01146.wav,REAL,Genuine_Pool,SPK_Gen_066,en,BONAFIDE,HUMAN,Varied Microphones,pcm_16k,16000,5.23,train
data/real/genuine_pool_01147.wav,REAL,Genuine_Pool,SPK_Gen_067,en,BONAFIDE,HUMAN,Varied Microphones,pcm_16k,16000,4.72,train
data/real/genuine_pool_01148.wav,REAL,Genuine_Pool,SPK_Gen_068,en,BONAFIDE,HUMAN,Varied Microphones,pcm_16k,16000,4.29,test
data/real/genuine_pool_01149.wav,REAL,Genuine_Pool,SPK_Gen_069,en,BONAFIDE,HUMAN,Varied Microphones,pcm_16k,16000,4.31,train
data/real/genuine_pool_01150.wav,REAL,Genuine_Pool,SPK_Gen_070,en,BONAFIDE,HUMAN,Varied Microphones,pcm_16k,16000,5.72,train
data/real/genuine_pool_01151.wav,REAL,Genuine_Pool,SPK_Gen_071,en,BONAFIDE,HUMAN,Varied Microphones,pcm_16k,16000,4.81,test
data/real/genuine_pool_01152.wav,REAL,Genuine_Pool,SPK_Gen_072,en,BONAFIDE,HUMAN,Varied Microphones,pcm_16k,16000,4.84,train
data/real/genuine_pool_01153.wav,REAL,Genuine_Pool,SPK_Gen_073,en,BONAFIDE,HUMAN,Varied Microphones,pcm_16k,16000,4.48,train
data/real/genuine_pool_01154.wav,REAL,Genuine_Pool,SPK_Gen_074,en,BONAFIDE,HUMAN,Varied Microphones,pcm_16k,16000,5.74,validation
data/real/genuine_pool_01155.wav,REAL,Genuine_Pool,SPK_Gen_075,en,BONAFIDE,HUMAN,Varied Microphones,pcm_16k,16000,5.58,train
data/real/genuine_pool_01156.wav,REAL,Genuine_Pool,SPK_Gen_076,en,BONAFIDE,HUMAN,Varied Microphones,pcm_16k,16000,4.34,train
data/real/genuine_pool_01157.wav,REAL,Genuine_Pool,SPK_Gen_077,en,BONAFIDE,HUMAN,Varied Microphones,pcm_16k,16000,5.56,train
data/real/genuine_pool_01158.wav,REAL,Genuine_Pool,SPK_Gen_078,en,BONAFIDE,HUMAN,Varied Microphones,pcm_16k,16000,4.46,train
data/real/genuine_pool_01159.wav,REAL,Genuine_Pool,SPK_Gen_079,en,BONAFIDE,HUMAN,Varied Microphones,pcm_16k,16000,5.45,train
data/real/genuine_pool_01160.wav,REAL,Genuine_Pool,SPK_Gen_080,en,BONAFIDE,HUMAN,Varied Microphones,pcm_16k,16000,4.66,train
data/real/genuine_pool_01161.wav,REAL,Genuine_Pool,SPK_Gen_081,en,BONAFIDE,HUMAN,Varied Microphones,pcm_16k,16000,5.4,test
data/real/genuine_pool_01162.wav,REAL,Genuine_Pool,SPK_Gen_082,en,BONAFIDE,HUMAN,Varied Microphones,pcm_16k,16000,5.25,train
data/real/genuine_pool_01163.wav,REAL,Genuine_Pool,SPK_Gen_083,en,BONAFIDE,HUMAN,Varied Microphones,pcm_16k,16000,4.39,train
data/real/genuine_pool_01164.wav,REAL,Genuine_Pool,SPK_Gen_084,en,BONAFIDE,HUMAN,Varied Microphones,pcm_16k,16000,4.99,test
data/real/genuine_pool_01165.wav,REAL,Genuine_Pool,SPK_Gen_085,en,BONAFIDE,HUMAN,Varied Microphones,pcm_16k,16000,4.89,test
data/real/genuine_pool_01166.wav,REAL,Genuine_Pool,SPK_Gen_086,en,BONAFIDE,HUMAN,Varied Microphones,pcm_16k,16000,5.49,train
data/real/genuine_pool_01167.wav,REAL,Genuine_Pool,SPK_Gen_087,en,BONAFIDE,HUMAN,Varied Microphones,pcm_16k,16000,4.7,train
data/real/genuine_pool_01168.wav,REAL,Genuine_Pool,SPK_Gen_088,en,BONAFIDE,HUMAN,Varied Microphones,pcm_16k,16000,5.3,test
data/real/genuine_pool_01169.wav,REAL,Genuine_Pool,SPK_Gen_089,en,BONAFIDE,HUMAN,Varied Microphones,pcm_16k,16000,4.41,train
data/real/genuine_pool_01170.wav,REAL,Genuine_Pool,SPK_Gen_090,en,BONAFIDE,HUMAN,Varied Microphones,pcm_16k,16000,5.26,test
data/real/genuine_pool_01171.wav,REAL,Genuine_Pool,SPK_Gen_091,en,BONAFIDE,HUMAN,Varied Microphones,pcm_16k,16000,5.53,validation
data/real/genuine_pool_01172.wav,REAL,Genuine_Pool,SPK_Gen_092,en,BONAFIDE,HUMAN,Varied Microphones,pcm_16k,16000,5.02,test
data/real/genuine_pool_01173.wav,REAL,Genuine_Pool,SPK_Gen_093,en,BONAFIDE,HUMAN,Varied Microphones,pcm_16k,16000,4.98,train
data/real/genuine_pool_01174.wav,REAL,Genuine_Pool,SPK_Gen_094,en,BONAFIDE,HUMAN,Varied Microphones,pcm_16k,16000,5.62,train
data/real/genuine_pool_01175.wav,REAL,Genuine_Pool,SPK_Gen_095,en,BONAFIDE,HUMAN,Varied Microphones,pcm_16k,16000,4.96,train
data/real/genuine_pool_01176.wav,REAL,Genuine_Pool,SPK_Gen_096,en,BONAFIDE,HUMAN,Varied Microphones,pcm_16k,16000,5.1,validation
data/real/genuine_pool_01177.wav,REAL,Genuine_Pool,SPK_Gen_097,en,BONAFIDE,HUMAN,Varied Microphones,pcm_16k,16000,4.88,train
data/real/genuine_pool_01178.wav,REAL,Genuine_Pool,SPK_Gen_098,en,BONAFIDE,HUMAN,Varied Microphones,pcm_16k,16000,5.41,train
data/real/genuine_pool_01179.wav,REAL,Genuine_Pool,SPK_Gen_099,en,BONAFIDE,HUMAN,Varied Microphones,pcm_16k,16000,5.5,test
data/real/genuine_pool_01180.wav,REAL,Genuine_Pool,SPK_Gen_100,en,BONAFIDE,HUMAN,Varied Microphones,pcm_16k,16000,5.18,validation
data/real/genuine_pool_01181.wav,REAL,Genuine_Pool,SPK_Gen_101,en,BONAFIDE,HUMAN,Varied Microphones,pcm_16k,16000,4.89,train
data/real/genuine_pool_01182.wav,REAL,Genuine_Pool,SPK_Gen_102,en,BONAFIDE,HUMAN,Varied Microphones,pcm_16k,16000,4.88,train
data/real/genuine_pool_01183.wav,REAL,Genuine_Pool,SPK_Gen_103,en,BONAFIDE,HUMAN,Varied Microphones,pcm_16k,16000,4.26,train
data/real/genuine_pool_01184.wav,REAL,Genuine_Pool,SPK_Gen_104,en,BONAFIDE,HUMAN,Varied Microphones,pcm_16k,16000,4.75,train
data/real/genuine_pool_01185.wav,REAL,Genuine_Pool,SPK_Gen_105,en,BONAFIDE,HUMAN,Varied Microphones,pcm_16k,16000,4.94,train
data/real/genuine_pool_01186.wav,REAL,Genuine_Pool,SPK_Gen_106,en,BONAFIDE,HUMAN,Varied Microphones,pcm_16k,16000,4.56,train
data/real/genuine_pool_01187.wav,REAL,Genuine_Pool,SPK_Gen_107,en,BONAFIDE,HUMAN,Varied Microphones,pcm_16k,16000,5.3,train
data/real/genuine_pool_01188.wav,REAL,Genuine_Pool,SPK_Gen_108,en,BONAFIDE,HUMAN,Varied Microphones,pcm_16k,16000,4.45,train
data/real/genuine_pool_01189.wav,REAL,Genuine_Pool,SPK_Gen_109,en,BONAFIDE,HUMAN,Varied Microphones,pcm_16k,16000,4.99,test
data/real/genuine_pool_01190.wav,REAL,Genuine_Pool,SPK_Gen_110,en,BONAFIDE,HUMAN,Varied Microphones,pcm_16k,16000,5.21,train
data/real/genuine_pool_01191.wav,REAL,Genuine_Pool,SPK_Gen_111,en,BONAFIDE,HUMAN,Varied Microphones,pcm_16k,16000,5.04,train
data/real/genuine_pool_01192.wav,REAL,Genuine_Pool,SPK_Gen_112,en,BONAFIDE,HUMAN,Varied Microphones,pcm_16k,16000,4.67,train
data/real/genuine_pool_01193.wav,REAL,Genuine_Pool,SPK_Gen_113,en,BONAFIDE,HUMAN,Varied Microphones,pcm_16k,16000,4.9,train
data/real/genuine_pool_01194.wav,REAL,Genuine_Pool,SPK_Gen_114,en,BONAFIDE,HUMAN,Varied Microphones,pcm_16k,16000,5.65,train
data/real/genuine_pool_01195.wav,REAL,Genuine_Pool,SPK_Gen_115,en,BONAFIDE,HUMAN,Varied Microphones,pcm_16k,16000,4.96,validation
data/real/genuine_pool_01196.wav,REAL,Genuine_Pool,SPK_Gen_116,en,BONAFIDE,HUMAN,Varied Microphones,pcm_16k,16000,4.44,validation
data/real/genuine_pool_01197.wav,REAL,Genuine_Pool,SPK_Gen_117,en,BONAFIDE,HUMAN,Varied Microphones,pcm_16k,16000,4.4,test
data/real/genuine_pool_01198.wav,REAL,Genuine_Pool,SPK_Gen_118,en,BONAFIDE,HUMAN,Varied Microphones,pcm_16k,16000,5.64,train
data/real/genuine_pool_01199.wav,REAL,Genuine_Pool,SPK_Gen_119,en,BONAFIDE,HUMAN,Varied Microphones,pcm_16k,16000,5.55,test
data/real/genuine_pool_01200.wav,REAL,Genuine_Pool,SPK_Gen_000,en,BONAFIDE,HUMAN,Varied Microphones,pcm_16k,16000,5.04,validation
data/real/genuine_pool_01201.wav,REAL,Genuine_Pool,SPK_Gen_001,en,BONAFIDE,HUMAN,Varied Microphones,pcm_16k,16000,4.67,train
data/real/genuine_pool_01202.wav,REAL,Genuine_Pool,SPK_Gen_002,en,BONAFIDE,HUMAN,Varied Microphones,pcm_16k,16000,4.28,validation
data/real/genuine_pool_01203.wav,REAL,Genuine_Pool,SPK_Gen_003,en,BONAFIDE,HUMAN,Varied Microphones,pcm_16k,16000,4.32,test
data/real/genuine_pool_01204.wav,REAL,Genuine_Pool,SPK_Gen_004,en,BONAFIDE,HUMAN,Varied Microphones,pcm_16k,16000,4.27,train
data/real/genuine_pool_01205.wav,REAL,Genuine_Pool,SPK_Gen_005,en,BONAFIDE,HUMAN,Varied Microphones,pcm_16k,16000,4.37,train
data/real/genuine_pool_01206.wav,REAL,Genuine_Pool,SPK_Gen_006,en,BONAFIDE,HUMAN,Varied Microphones,pcm_16k,16000,4.88,train
data/real/genuine_pool_01207.wav,REAL,Genuine_Pool,SPK_Gen_007,en,BONAFIDE,HUMAN,Varied Microphones,pcm_16k,16000,4.35,train
data/real/genuine_pool_01208.wav,REAL,Genuine_Pool,SPK_Gen_008,en,BONAFIDE,HUMAN,Varied Microphones,pcm_16k,16000,5.26,test
data/real/genuine_pool_01209.wav,REAL,Genuine_Pool,SPK_Gen_009,en,BONAFIDE,HUMAN,Varied Microphones,pcm_16k,16000,5.11,train
data/real/genuine_pool_01210.wav,REAL,Genuine_Pool,SPK_Gen_010,en,BONAFIDE,HUMAN,Varied Microphones,pcm_16k,16000,4.61,train
data/real/genuine_pool_01211.wav,REAL,Genuine_Pool,SPK_Gen_011,en,BONAFIDE,HUMAN,Varied Microphones,pcm_16k,16000,4.61,train
data/real/genuine_pool_01212.wav,REAL,Genuine_Pool,SPK_Gen_012,en,BONAFIDE,HUMAN,Varied Microphones,pcm_16k,16000,4.33,train
data/real/genuine_pool_01213.wav,REAL,Genuine_Pool,SPK_Gen_013,en,BONAFIDE,HUMAN,Varied Microphones,pcm_16k,16000,5.01,train
data/real/genuine_pool_01214.wav,REAL,Genuine_Pool,SPK_Gen_014,en,BONAFIDE,HUMAN,Varied Microphones,pcm_16k,16000,4.38,test
data/real/genuine_pool_01215.wav,REAL,Genuine_Pool,SPK_Gen_015,en,BONAFIDE,HUMAN,Varied Microphones,pcm_16k,16000,5.26,train
data/real/genuine_pool_01216.wav,REAL,Genuine_Pool,SPK_Gen_016,en,BONAFIDE,HUMAN,Varied Microphones,pcm_16k,16000,4.49,train
data/real/genuine_pool_01217.wav,REAL,Genuine_Pool,SPK_Gen_017,en,BONAFIDE,HUMAN,Varied Microphones,pcm_16k,16000,4.49,validation
data/real/genuine_pool_01218.wav,REAL,Genuine_Pool,SPK_Gen_018,en,BONAFIDE,HUMAN,Varied Microphones,pcm_16k,16000,4.83,test
data/real/genuine_pool_01219.wav,REAL,Genuine_Pool,SPK_Gen_019,en,BONAFIDE,HUMAN,Varied Microphones,pcm_16k,16000,4.33,train
data/real/genuine_pool_01220.wav,REAL,Genuine_Pool,SPK_Gen_020,en,BONAFIDE,HUMAN,Varied Microphones,pcm_16k,16000,5.6,test
data/real/genuine_pool_01221.wav,REAL,Genuine_Pool,SPK_Gen_021,en,BONAFIDE,HUMAN,Varied Microphones,pcm_16k,16000,4.68,test
data/real/genuine_pool_01222.wav,REAL,Genuine_Pool,SPK_Gen_022,en,BONAFIDE,HUMAN,Varied Microphones,pcm_16k,16000,5.14,train
data/real/genuine_pool_01223.wav,REAL,Genuine_Pool,SPK_Gen_023,en,BONAFIDE,HUMAN,Varied Microphones,pcm_16k,16000,4.93,train
data/real/genuine_pool_01224.wav,REAL,Genuine_Pool,SPK_Gen_024,en,BONAFIDE,HUMAN,Varied Microphones,pcm_16k,16000,5.27,test
data/real/genuine_pool_01225.wav,REAL,Genuine_Pool,SPK_Gen_025,en,BONAFIDE,HUMAN,Varied Microphones,pcm_16k,16000,5.2,train
data/real/genuine_pool_01226.wav,REAL,Genuine_Pool,SPK_Gen_026,en,BONAFIDE,HUMAN,Varied Microphones,pcm_16k,16000,4.62,train
data/real/genuine_pool_01227.wav,REAL,Genuine_Pool,SPK_Gen_027,en,BONAFIDE,HUMAN,Varied Microphones,pcm_16k,16000,5.75,test
data/real/genuine_pool_01228.wav,REAL,Genuine_Pool,SPK_Gen_028,en,BONAFIDE,HUMAN,Varied Microphones,pcm_16k,16000,5.59,train
data/real/genuine_pool_01229.wav,REAL,Genuine_Pool,SPK_Gen_029,en,BONAFIDE,HUMAN,Varied Microphones,pcm_16k,16000,4.5,validation
data/real/genuine_pool_01230.wav,REAL,Genuine_Pool,SPK_Gen_030,en,BONAFIDE,HUMAN,Varied Microphones,pcm_16k,16000,4.5,train
data/real/genuine_pool_01231.wav,REAL,Genuine_Pool,SPK_Gen_031,en,BONAFIDE,HUMAN,Varied Microphones,pcm_16k,16000,5.4,train
data/real/genuine_pool_01232.wav,REAL,Genuine_Pool,SPK_Gen_032,en,BONAFIDE,HUMAN,Varied Microphones,pcm_16k,16000,5.17,train
data/real/genuine_pool_01233.wav,REAL,Genuine_Pool,SPK_Gen_033,en,BONAFIDE,HUMAN,Varied Microphones,pcm_16k,16000,5.59,train
data/real/genuine_pool_01234.wav,REAL,Genuine_Pool,SPK_Gen_034,en,BONAFIDE,HUMAN,Varied Microphones,pcm_16k,16000,4.37,train
data/real/genuine_pool_01235.wav,REAL,Genuine_Pool,SPK_Gen_035,en,BONAFIDE,HUMAN,Varied Microphones,pcm_16k,16000,5.06,train
data/real/genuine_pool_01236.wav,REAL,Genuine_Pool,SPK_Gen_036,en,BONAFIDE,HUMAN,Varied Microphones,pcm_16k,16000,4.21,test
data/real/genuine_pool_01237.wav,REAL,Genuine_Pool,SPK_Gen_037,en,BONAFIDE,HUMAN,Varied Microphones,pcm_16k,16000,4.39,train
data/real/genuine_pool_01238.wav,REAL,Genuine_Pool,SPK_Gen_038,en,BONAFIDE,HUMAN,Varied Microphones,pcm_16k,16000,4.47,test
data/real/genuine_pool_01239.wav,REAL,Genuine_Pool,SPK_Gen_039,en,BONAFIDE,HUMAN,Varied Microphones,pcm_16k,16000,4.96,validation
data/real/genuine_pool_01240.wav,REAL,Genuine_Pool,SPK_Gen_040,en,BONAFIDE,HUMAN,Varied Microphones,pcm_16k,16000,5.31,train
data/real/genuine_pool_01241.wav,REAL,Genuine_Pool,SPK_Gen_041,en,BONAFIDE,HUMAN,Varied Microphones,pcm_16k,16000,5.59,train
data/real/genuine_pool_01242.wav,REAL,Genuine_Pool,SPK_Gen_042,en,BONAFIDE,HUMAN,Varied Microphones,pcm_16k,16000,5.75,train
data/real/genuine_pool_01243.wav,REAL,Genuine_Pool,SPK_Gen_043,en,BONAFIDE,HUMAN,Varied Microphones,pcm_16k,16000,5.16,train
data/real/genuine_pool_01244.wav,REAL,Genuine_Pool,SPK_Gen_044,en,BONAFIDE,HUMAN,Varied Microphones,pcm_16k,16000,4.98,train
data/real/genuine_pool_01245.wav,REAL,Genuine_Pool,SPK_Gen_045,en,BONAFIDE,HUMAN,Varied Microphones,pcm_16k,16000,5.19,validation
data/real/genuine_pool_01246.wav,REAL,Genuine_Pool,SPK_Gen_046,en,BONAFIDE,HUMAN,Varied Microphones,pcm_16k,16000,5.76,train
data/real/genuine_pool_01247.wav,REAL,Genuine_Pool,SPK_Gen_047,en,BONAFIDE,HUMAN,Varied Microphones,pcm_16k,16000,4.78,train
data/real/genuine_pool_01248.wav,REAL,Genuine_Pool,SPK_Gen_048,en,BONAFIDE,HUMAN,Varied Microphones,pcm_16k,16000,5.28,test
data/real/genuine_pool_01249.wav,REAL,Genuine_Pool,SPK_Gen_049,en,BONAFIDE,HUMAN,Varied Microphones,pcm_16k,16000,5.3,train
data/real/genuine_pool_01250.wav,REAL,Genuine_Pool,SPK_Gen_050,en,BONAFIDE,HUMAN,Varied Microphones,pcm_16k,16000,4.83,validation
data/real/genuine_pool_01251.wav,REAL,Genuine_Pool,SPK_Gen_051,en,BONAFIDE,HUMAN,Varied Microphones,pcm_16k,16000,4.68,train
data/real/genuine_pool_01252.wav,REAL,Genuine_Pool,SPK_Gen_052,en,BONAFIDE,HUMAN,Varied Microphones,pcm_16k,16000,4.4,train
data/real/genuine_pool_01253.wav,REAL,Genuine_Pool,SPK_Gen_053,en,BONAFIDE,HUMAN,Varied Microphones,pcm_16k,16000,4.22,train
data/real/genuine_pool_01254.wav,REAL,Genuine_Pool,SPK_Gen_054,en,BONAFIDE,HUMAN,Varied Microphones,pcm_16k,16000,4.38,train
data/real/genuine_pool_01255.wav,REAL,Genuine_Pool,SPK_Gen_055,en,BONAFIDE,HUMAN,Varied Microphones,pcm_16k,16000,4.23,train
data/real/genuine_pool_01256.wav,REAL,Genuine_Pool,SPK_Gen_056,en,BONAFIDE,HUMAN,Varied Microphones,pcm_16k,16000,5.75,test
data/real/genuine_pool_01257.wav,REAL,Genuine_Pool,SPK_Gen_057,en,BONAFIDE,HUMAN,Varied Microphones,pcm_16k,16000,5.57,train
data/real/genuine_pool_01258.wav,REAL,Genuine_Pool,SPK_Gen_058,en,BONAFIDE,HUMAN,Varied Microphones,pcm_16k,16000,4.53,validation
data/real/genuine_pool_01259.wav,REAL,Genuine_Pool,SPK_Gen_059,en,BONAFIDE,HUMAN,Varied Microphones,pcm_16k,16000,5.24,train
data/real/genuine_pool_01260.wav,REAL,Genuine_Pool,SPK_Gen_060,en,BONAFIDE,HUMAN,Varied Microphones,pcm_16k,16000,5.24,test
data/real/genuine_pool_01261.wav,REAL,Genuine_Pool,SPK_Gen_061,en,BONAFIDE,HUMAN,Varied Microphones,pcm_16k,16000,4.9,train
data/real/genuine_pool_01262.wav,REAL,Genuine_Pool,SPK_Gen_062,en,BONAFIDE,HUMAN,Varied Microphones,pcm_16k,16000,5.2,train
data/real/genuine_pool_01263.wav,REAL,Genuine_Pool,SPK_Gen_063,en,BONAFIDE,HUMAN,Varied Microphones,pcm_16k,16000,5.46,test
data/real/genuine_pool_01264.wav,REAL,Genuine_Pool,SPK_Gen_064,en,BONAFIDE,HUMAN,Varied Microphones,pcm_16k,16000,4.51,train
data/real/genuine_pool_01265.wav,REAL,Genuine_Pool,SPK_Gen_065,en,BONAFIDE,HUMAN,Varied Microphones,pcm_16k,16000,4.68,train
data/real/genuine_pool_01266.wav,REAL,Genuine_Pool,SPK_Gen_066,en,BONAFIDE,HUMAN,Varied Microphones,pcm_16k,16000,4.94,train
data/real/genuine_pool_01267.wav,REAL,Genuine_Pool,SPK_Gen_067,en,BONAFIDE,HUMAN,Varied Microphones,pcm_16k,16000,4.96,train
data/real/genuine_pool_01268.wav,REAL,Genuine_Pool,SPK_Gen_068,en,BONAFIDE,HUMAN,Varied Microphones,pcm_16k,16000,4.23,test
data/real/genuine_pool_01269.wav,REAL,Genuine_Pool,SPK_Gen_069,en,BONAFIDE,HUMAN,Varied Microphones,pcm_16k,16000,4.47,train
data/real/genuine_pool_01270.wav,REAL,Genuine_Pool,SPK_Gen_070,en,BONAFIDE,HUMAN,Varied Microphones,pcm_16k,16000,4.44,train
data/real/genuine_pool_01271.wav,REAL,Genuine_Pool,SPK_Gen_071,en,BONAFIDE,HUMAN,Varied Microphones,pcm_16k,16000,5.32,test
data/real/genuine_pool_01272.wav,REAL,Genuine_Pool,SPK_Gen_072,en,BONAFIDE,HUMAN,Varied Microphones,pcm_16k,16000,5.74,train
data/real/genuine_pool_01273.wav,REAL,Genuine_Pool,SPK_Gen_073,en,BONAFIDE,HUMAN,Varied Microphones,pcm_16k,16000,4.95,train
data/real/genuine_pool_01274.wav,REAL,Genuine_Pool,SPK_Gen_074,en,BONAFIDE,HUMAN,Varied Microphones,pcm_16k,16000,5.58,validation
data/real/genuine_pool_01275.wav,REAL,Genuine_Pool,SPK_Gen_075,en,BONAFIDE,HUMAN,Varied Microphones,pcm_16k,16000,5.14,train
data/real/genuine_pool_01276.wav,REAL,Genuine_Pool,SPK_Gen_076,en,BONAFIDE,HUMAN,Varied Microphones,pcm_16k,16000,4.52,train
data/real/genuine_pool_01277.wav,REAL,Genuine_Pool,SPK_Gen_077,en,BONAFIDE,HUMAN,Varied Microphones,pcm_16k,16000,5.11,train
data/real/genuine_pool_01278.wav,REAL,Genuine_Pool,SPK_Gen_078,en,BONAFIDE,HUMAN,Varied Microphones,pcm_16k,16000,5.53,train
data/real/genuine_pool_01279.wav,REAL,Genuine_Pool,SPK_Gen_079,en,BONAFIDE,HUMAN,Varied Microphones,pcm_16k,16000,4.28,train
data/real/genuine_pool_01280.wav,REAL,Genuine_Pool,SPK_Gen_080,en,BONAFIDE,HUMAN,Varied Microphones,pcm_16k,16000,4.21,train
data/real/genuine_pool_01281.wav,REAL,Genuine_Pool,SPK_Gen_081,en,BONAFIDE,HUMAN,Varied Microphones,pcm_16k,16000,5.21,test
data/real/genuine_pool_01282.wav,REAL,Genuine_Pool,SPK_Gen_082,en,BONAFIDE,HUMAN,Varied Microphones,pcm_16k,16000,5.34,train
data/real/genuine_pool_01283.wav,REAL,Genuine_Pool,SPK_Gen_083,en,BONAFIDE,HUMAN,Varied Microphones,pcm_16k,16000,5.77,train
data/real/genuine_pool_01284.wav,REAL,Genuine_Pool,SPK_Gen_084,en,BONAFIDE,HUMAN,Varied Microphones,pcm_16k,16000,5.56,test
data/real/genuine_pool_01285.wav,REAL,Genuine_Pool,SPK_Gen_085,en,BONAFIDE,HUMAN,Varied Microphones,pcm_16k,16000,5.38,test
data/real/genuine_pool_01286.wav,REAL,Genuine_Pool,SPK_Gen_086,en,BONAFIDE,HUMAN,Varied Microphones,pcm_16k,16000,5.15,train
data/real/genuine_pool_01287.wav,REAL,Genuine_Pool,SPK_Gen_087,en,BONAFIDE,HUMAN,Varied Microphones,pcm_16k,16000,5.09,train
data/real/genuine_pool_01288.wav,REAL,Genuine_Pool,SPK_Gen_088,en,BONAFIDE,HUMAN,Varied Microphones,pcm_16k,16000,4.67,test
data/real/genuine_pool_01289.wav,REAL,Genuine_Pool,SPK_Gen_089,en,BONAFIDE,HUMAN,Varied Microphones,pcm_16k,16000,4.98,train
data/real/genuine_pool_01290.wav,REAL,Genuine_Pool,SPK_Gen_090,en,BONAFIDE,HUMAN,Varied Microphones,pcm_16k,16000,4.98,test
data/real/genuine_pool_01291.wav,REAL,Genuine_Pool,SPK_Gen_091,en,BONAFIDE,HUMAN,Varied Microphones,pcm_16k,16000,5.15,validation
data/real/genuine_pool_01292.wav,REAL,Genuine_Pool,SPK_Gen_092,en,BONAFIDE,HUMAN,Varied Microphones,pcm_16k,16000,5.18,test
data/real/genuine_pool_01293.wav,REAL,Genuine_Pool,SPK_Gen_093,en,BONAFIDE,HUMAN,Varied Microphones,pcm_16k,16000,5.29,train
data/real/genuine_pool_01294.wav,REAL,Genuine_Pool,SPK_Gen_094,en,BONAFIDE,HUMAN,Varied Microphones,pcm_16k,16000,5.51,train
data/real/genuine_pool_01295.wav,REAL,Genuine_Pool,SPK_Gen_095,en,BONAFIDE,HUMAN,Varied Microphones,pcm_16k,16000,4.98,train
data/real/genuine_pool_01296.wav,REAL,Genuine_Pool,SPK_Gen_096,en,BONAFIDE,HUMAN,Varied Microphones,pcm_16k,16000,5.34,validation
data/real/genuine_pool_01297.wav,REAL,Genuine_Pool,SPK_Gen_097,en,BONAFIDE,HUMAN,Varied Microphones,pcm_16k,16000,5.05,train
data/real/genuine_pool_01298.wav,REAL,Genuine_Pool,SPK_Gen_098,en,BONAFIDE,HUMAN,Varied Microphones,pcm_16k,16000,4.88,train
data/real/genuine_pool_01299.wav,REAL,Genuine_Pool,SPK_Gen_099,en,BONAFIDE,HUMAN,Varied Microphones,pcm_16k,16000,4.71,test
data/real/genuine_pool_01300.wav,REAL,Genuine_Pool,SPK_Gen_100,en,BONAFIDE,HUMAN,Varied Microphones,pcm_16k,16000,4.3,validation
data/real/genuine_pool_01301.wav,REAL,Genuine_Pool,SPK_Gen_101,en,BONAFIDE,HUMAN,Varied Microphones,pcm_16k,16000,5.63,train
data/real/genuine_pool_01302.wav,REAL,Genuine_Pool,SPK_Gen_102,en,BONAFIDE,HUMAN,Varied Microphones,pcm_16k,16000,4.87,train
data/real/genuine_pool_01303.wav,REAL,Genuine_Pool,SPK_Gen_103,en,BONAFIDE,HUMAN,Varied Microphones,pcm_16k,16000,4.96,train
data/real/genuine_pool_01304.wav,REAL,Genuine_Pool,SPK_Gen_104,en,BONAFIDE,HUMAN,Varied Microphones,pcm_16k,16000,4.99,train
data/real/genuine_pool_01305.wav,REAL,Genuine_Pool,SPK_Gen_105,en,BONAFIDE,HUMAN,Varied Microphones,pcm_16k,16000,5.7,train
data/real/genuine_pool_01306.wav,REAL,Genuine_Pool,SPK_Gen_106,en,BONAFIDE,HUMAN,Varied Microphones,pcm_16k,16000,4.75,train
data/real/genuine_pool_01307.wav,REAL,Genuine_Pool,SPK_Gen_107,en,BONAFIDE,HUMAN,Varied Microphones,pcm_16k,16000,5.32,train
data/real/genuine_pool_01308.wav,REAL,Genuine_Pool,SPK_Gen_108,en,BONAFIDE,HUMAN,Varied Microphones,pcm_16k,16000,4.23,train
data/real/genuine_pool_01309.wav,REAL,Genuine_Pool,SPK_Gen_109,en,BONAFIDE,HUMAN,Varied Microphones,pcm_16k,16000,4.66,test
data/real/genuine_pool_01310.wav,REAL,Genuine_Pool,SPK_Gen_110,en,BONAFIDE,HUMAN,Varied Microphones,pcm_16k,16000,4.51,train
data/real/genuine_pool_01311.wav,REAL,Genuine_Pool,SPK_Gen_111,en,BONAFIDE,HUMAN,Varied Microphones,pcm_16k,16000,4.75,train
data/real/genuine_pool_01312.wav,REAL,Genuine_Pool,SPK_Gen_112,en,BONAFIDE,HUMAN,Varied Microphones,pcm_16k,16000,4.57,train
data/real/genuine_pool_01313.wav,REAL,Genuine_Pool,SPK_Gen_113,en,BONAFIDE,HUMAN,Varied Microphones,pcm_16k,16000,4.55,train
data/real/genuine_pool_01314.wav,REAL,Genuine_Pool,SPK_Gen_114,en,BONAFIDE,HUMAN,Varied Microphones,pcm_16k,16000,5.65,train
data/real/genuine_pool_01315.wav,REAL,Genuine_Pool,SPK_Gen_115,en,BONAFIDE,HUMAN,Varied Microphones,pcm_16k,16000,4.74,validation
data/real/genuine_pool_01316.wav,REAL,Genuine_Pool,SPK_Gen_116,en,BONAFIDE,HUMAN,Varied Microphones,pcm_16k,16000,5.16,validation
data/real/genuine_pool_01317.wav,REAL,Genuine_Pool,SPK_Gen_117,en,BONAFIDE,HUMAN,Varied Microphones,pcm_16k,16000,5.55,test
data/real/genuine_pool_01318.wav,REAL,Genuine_Pool,SPK_Gen_118,en,BONAFIDE,HUMAN,Varied Microphones,pcm_16k,16000,5.25,train
data/real/genuine_pool_01319.wav,REAL,Genuine_Pool,SPK_Gen_119,en,BONAFIDE,HUMAN,Varied Microphones,pcm_16k,16000,4.41,test
data/real/genuine_pool_01320.wav,REAL,Genuine_Pool,SPK_Gen_000,en,BONAFIDE,HUMAN,Varied Microphones,pcm_16k,16000,4.67,validation
data/real/genuine_pool_01321.wav,REAL,Genuine_Pool,SPK_Gen_001,en,BONAFIDE,HUMAN,Varied Microphones,pcm_16k,16000,5.34,train
data/real/genuine_pool_01322.wav,REAL,Genuine_Pool,SPK_Gen_002,en,BONAFIDE,HUMAN,Varied Microphones,pcm_16k,16000,5.74,validation
data/real/genuine_pool_01323.wav,REAL,Genuine_Pool,SPK_Gen_003,en,BONAFIDE,HUMAN,Varied Microphones,pcm_16k,16000,5.53,test
data/real/genuine_pool_01324.wav,REAL,Genuine_Pool,SPK_Gen_004,en,BONAFIDE,HUMAN,Varied Microphones,pcm_16k,16000,5.28,train
data/real/genuine_pool_01325.wav,REAL,Genuine_Pool,SPK_Gen_005,en,BONAFIDE,HUMAN,Varied Microphones,pcm_16k,16000,5.38,train
data/real/genuine_pool_01326.wav,REAL,Genuine_Pool,SPK_Gen_006,en,BONAFIDE,HUMAN,Varied Microphones,pcm_16k,16000,5.47,train
data/real/genuine_pool_01327.wav,REAL,Genuine_Pool,SPK_Gen_007,en,BONAFIDE,HUMAN,Varied Microphones,pcm_16k,16000,5.48,train
data/real/genuine_pool_01328.wav,REAL,Genuine_Pool,SPK_Gen_008,en,BONAFIDE,HUMAN,Varied Microphones,pcm_16k,16000,5.55,test
data/real/genuine_pool_01329.wav,REAL,Genuine_Pool,SPK_Gen_009,en,BONAFIDE,HUMAN,Varied Microphones,pcm_16k,16000,5.19,train
data/real/genuine_pool_01330.wav,REAL,Genuine_Pool,SPK_Gen_010,en,BONAFIDE,HUMAN,Varied Microphones,pcm_16k,16000,4.65,train
data/real/genuine_pool_01331.wav,REAL,Genuine_Pool,SPK_Gen_011,en,BONAFIDE,HUMAN,Varied Microphones,pcm_16k,16000,5.4,train
data/real/genuine_pool_01332.wav,REAL,Genuine_Pool,SPK_Gen_012,en,BONAFIDE,HUMAN,Varied Microphones,pcm_16k,16000,5.27,train
data/real/genuine_pool_01333.wav,REAL,Genuine_Pool,SPK_Gen_013,en,BONAFIDE,HUMAN,Varied Microphones,pcm_16k,16000,4.41,train
data/real/genuine_pool_01334.wav,REAL,Genuine_Pool,SPK_Gen_014,en,BONAFIDE,HUMAN,Varied Microphones,pcm_16k,16000,4.52,test
data/real/genuine_pool_01335.wav,REAL,Genuine_Pool,SPK_Gen_015,en,BONAFIDE,HUMAN,Varied Microphones,pcm_16k,16000,5.17,train
data/real/genuine_pool_01336.wav,REAL,Genuine_Pool,SPK_Gen_016,en,BONAFIDE,HUMAN,Varied Microphones,pcm_16k,16000,4.36,train
data/real/genuine_pool_01337.wav,REAL,Genuine_Pool,SPK_Gen_017,en,BONAFIDE,HUMAN,Varied Microphones,pcm_16k,16000,4.87,validation
data/real/genuine_pool_01338.wav,REAL,Genuine_Pool,SPK_Gen_018,en,BONAFIDE,HUMAN,Varied Microphones,pcm_16k,16000,5.79,test
data/real/genuine_pool_01339.wav,REAL,Genuine_Pool,SPK_Gen_019,en,BONAFIDE,HUMAN,Varied Microphones,pcm_16k,16000,4.69,train
data/real/genuine_pool_01340.wav,REAL,Genuine_Pool,SPK_Gen_020,en,BONAFIDE,HUMAN,Varied Microphones,pcm_16k,16000,4.54,test
data/real/genuine_pool_01341.wav,REAL,Genuine_Pool,SPK_Gen_021,en,BONAFIDE,HUMAN,Varied Microphones,pcm_16k,16000,4.28,test
data/real/genuine_pool_01342.wav,REAL,Genuine_Pool,SPK_Gen_022,en,BONAFIDE,HUMAN,Varied Microphones,pcm_16k,16000,4.23,train
data/real/genuine_pool_01343.wav,REAL,Genuine_Pool,SPK_Gen_023,en,BONAFIDE,HUMAN,Varied Microphones,pcm_16k,16000,5.61,train
data/real/genuine_pool_01344.wav,REAL,Genuine_Pool,SPK_Gen_024,en,BONAFIDE,HUMAN,Varied Microphones,pcm_16k,16000,4.77,test
data/real/genuine_pool_01345.wav,REAL,Genuine_Pool,SPK_Gen_025,en,BONAFIDE,HUMAN,Varied Microphones,pcm_16k,16000,4.45,train
data/real/genuine_pool_01346.wav,REAL,Genuine_Pool,SPK_Gen_026,en,BONAFIDE,HUMAN,Varied Microphones,pcm_16k,16000,5.52,train
data/real/genuine_pool_01347.wav,REAL,Genuine_Pool,SPK_Gen_027,en,BONAFIDE,HUMAN,Varied Microphones,pcm_16k,16000,5.63,test
data/real/genuine_pool_01348.wav,REAL,Genuine_Pool,SPK_Gen_028,en,BONAFIDE,HUMAN,Varied Microphones,pcm_16k,16000,4.25,train
data/real/genuine_pool_01349.wav,REAL,Genuine_Pool,SPK_Gen_029,en,BONAFIDE,HUMAN,Varied Microphones,pcm_16k,16000,4.3,validation
data/real/genuine_pool_01350.wav,REAL,Genuine_Pool,SPK_Gen_030,en,BONAFIDE,HUMAN,Varied Microphones,pcm_16k,16000,4.89,train
data/real/genuine_pool_01351.wav,REAL,Genuine_Pool,SPK_Gen_031,en,BONAFIDE,HUMAN,Varied Microphones,pcm_16k,16000,5.19,train
data/real/genuine_pool_01352.wav,REAL,Genuine_Pool,SPK_Gen_032,en,BONAFIDE,HUMAN,Varied Microphones,pcm_16k,16000,4.39,train
data/real/genuine_pool_01353.wav,REAL,Genuine_Pool,SPK_Gen_033,en,BONAFIDE,HUMAN,Varied Microphones,pcm_16k,16000,4.56,train
data/real/genuine_pool_01354.wav,REAL,Genuine_Pool,SPK_Gen_034,en,BONAFIDE,HUMAN,Varied Microphones,pcm_16k,16000,4.61,train
data/real/genuine_pool_01355.wav,REAL,Genuine_Pool,SPK_Gen_035,en,BONAFIDE,HUMAN,Varied Microphones,pcm_16k,16000,4.74,train
data/real/genuine_pool_01356.wav,REAL,Genuine_Pool,SPK_Gen_036,en,BONAFIDE,HUMAN,Varied Microphones,pcm_16k,16000,4.77,test
data/real/genuine_pool_01357.wav,REAL,Genuine_Pool,SPK_Gen_037,en,BONAFIDE,HUMAN,Varied Microphones,pcm_16k,16000,4.27,train
data/real/genuine_pool_01358.wav,REAL,Genuine_Pool,SPK_Gen_038,en,BONAFIDE,HUMAN,Varied Microphones,pcm_16k,16000,5.6,test
data/real/genuine_pool_01359.wav,REAL,Genuine_Pool,SPK_Gen_039,en,BONAFIDE,HUMAN,Varied Microphones,pcm_16k,16000,4.63,validation
data/real/genuine_pool_01360.wav,REAL,Genuine_Pool,SPK_Gen_040,en,BONAFIDE,HUMAN,Varied Microphones,pcm_16k,16000,4.44,train
data/real/genuine_pool_01361.wav,REAL,Genuine_Pool,SPK_Gen_041,en,BONAFIDE,HUMAN,Varied Microphones,pcm_16k,16000,5.3,train
data/real/genuine_pool_01362.wav,REAL,Genuine_Pool,SPK_Gen_042,en,BONAFIDE,HUMAN,Varied Microphones,pcm_16k,16000,5.02,train
data/real/genuine_pool_01363.wav,REAL,Genuine_Pool,SPK_Gen_043,en,BONAFIDE,HUMAN,Varied Microphones,pcm_16k,16000,5.27,train
data/real/genuine_pool_01364.wav,REAL,Genuine_Pool,SPK_Gen_044,en,BONAFIDE,HUMAN,Varied Microphones,pcm_16k,16000,5.33,train
data/real/genuine_pool_01365.wav,REAL,Genuine_Pool,SPK_Gen_045,en,BONAFIDE,HUMAN,Varied Microphones,pcm_16k,16000,5.68,validation
data/real/genuine_pool_01366.wav,REAL,Genuine_Pool,SPK_Gen_046,en,BONAFIDE,HUMAN,Varied Microphones,pcm_16k,16000,4.9,train
data/real/genuine_pool_01367.wav,REAL,Genuine_Pool,SPK_Gen_047,en,BONAFIDE,HUMAN,Varied Microphones,pcm_16k,16000,4.93,train
data/real/genuine_pool_01368.wav,REAL,Genuine_Pool,SPK_Gen_048,en,BONAFIDE,HUMAN,Varied Microphones,pcm_16k,16000,5.55,test
data/real/genuine_pool_01369.wav,REAL,Genuine_Pool,SPK_Gen_049,en,BONAFIDE,HUMAN,Varied Microphones,pcm_16k,16000,4.38,train
data/real/genuine_pool_01370.wav,REAL,Genuine_Pool,SPK_Gen_050,en,BONAFIDE,HUMAN,Varied Microphones,pcm_16k,16000,4.37,validation
data/real/genuine_pool_01371.wav,REAL,Genuine_Pool,SPK_Gen_051,en,BONAFIDE,HUMAN,Varied Microphones,pcm_16k,16000,5.18,train
data/real/genuine_pool_01372.wav,REAL,Genuine_Pool,SPK_Gen_052,en,BONAFIDE,HUMAN,Varied Microphones,pcm_16k,16000,5.45,train
data/real/genuine_pool_01373.wav,REAL,Genuine_Pool,SPK_Gen_053,en,BONAFIDE,HUMAN,Varied Microphones,pcm_16k,16000,5.72,train
data/real/genuine_pool_01374.wav,REAL,Genuine_Pool,SPK_Gen_054,en,BONAFIDE,HUMAN,Varied Microphones,pcm_16k,16000,5.52,train
data/real/genuine_pool_01375.wav,REAL,Genuine_Pool,SPK_Gen_055,en,BONAFIDE,HUMAN,Varied Microphones,pcm_16k,16000,4.27,train
data/real/genuine_pool_01376.wav,REAL,Genuine_Pool,SPK_Gen_056,en,BONAFIDE,HUMAN,Varied Microphones,pcm_16k,16000,4.37,test
data/real/genuine_pool_01377.wav,REAL,Genuine_Pool,SPK_Gen_057,en,BONAFIDE,HUMAN,Varied Microphones,pcm_16k,16000,5.21,train
data/real/genuine_pool_01378.wav,REAL,Genuine_Pool,SPK_Gen_058,en,BONAFIDE,HUMAN,Varied Microphones,pcm_16k,16000,5.59,validation
data/real/genuine_pool_01379.wav,REAL,Genuine_Pool,SPK_Gen_059,en,BONAFIDE,HUMAN,Varied Microphones,pcm_16k,16000,5.66,train
data/real/genuine_pool_01380.wav,REAL,Genuine_Pool,SPK_Gen_060,en,BONAFIDE,HUMAN,Varied Microphones,pcm_16k,16000,4.45,test
data/real/genuine_pool_01381.wav,REAL,Genuine_Pool,SPK_Gen_061,en,BONAFIDE,HUMAN,Varied Microphones,pcm_16k,16000,4.67,train
data/real/genuine_pool_01382.wav,REAL,Genuine_Pool,SPK_Gen_062,en,BONAFIDE,HUMAN,Varied Microphones,pcm_16k,16000,4.91,train
data/real/genuine_pool_01383.wav,REAL,Genuine_Pool,SPK_Gen_063,en,BONAFIDE,HUMAN,Varied Microphones,pcm_16k,16000,5.01,test
data/real/genuine_pool_01384.wav,REAL,Genuine_Pool,SPK_Gen_064,en,BONAFIDE,HUMAN,Varied Microphones,pcm_16k,16000,5.37,train
data/real/genuine_pool_01385.wav,REAL,Genuine_Pool,SPK_Gen_065,en,BONAFIDE,HUMAN,Varied Microphones,pcm_16k,16000,4.36,train
data/real/genuine_pool_01386.wav,REAL,Genuine_Pool,SPK_Gen_066,en,BONAFIDE,HUMAN,Varied Microphones,pcm_16k,16000,5.24,train
data/real/genuine_pool_01387.wav,REAL,Genuine_Pool,SPK_Gen_067,en,BONAFIDE,HUMAN,Varied Microphones,pcm_16k,16000,4.74,train
data/real/genuine_pool_01388.wav,REAL,Genuine_Pool,SPK_Gen_068,en,BONAFIDE,HUMAN,Varied Microphones,pcm_16k,16000,4.42,test
data/real/genuine_pool_01389.wav,REAL,Genuine_Pool,SPK_Gen_069,en,BONAFIDE,HUMAN,Varied Microphones,pcm_16k,16000,5.56,train
data/real/genuine_pool_01390.wav,REAL,Genuine_Pool,SPK_Gen_070,en,BONAFIDE,HUMAN,Varied Microphones,pcm_16k,16000,4.9,train
data/real/genuine_pool_01391.wav,REAL,Genuine_Pool,SPK_Gen_071,en,BONAFIDE,HUMAN,Varied Microphones,pcm_16k,16000,4.87,test
data/real/genuine_pool_01392.wav,REAL,Genuine_Pool,SPK_Gen_072,en,BONAFIDE,HUMAN,Varied Microphones,pcm_16k,16000,5.43,train
data/real/genuine_pool_01393.wav,REAL,Genuine_Pool,SPK_Gen_073,en,BONAFIDE,HUMAN,Varied Microphones,pcm_16k,16000,4.59,train
data/real/genuine_pool_01394.wav,REAL,Genuine_Pool,SPK_Gen_074,en,BONAFIDE,HUMAN,Varied Microphones,pcm_16k,16000,5.49,validation
data/real/genuine_pool_01395.wav,REAL,Genuine_Pool,SPK_Gen_075,en,BONAFIDE,HUMAN,Varied Microphones,pcm_16k,16000,4.75,train
data/real/genuine_pool_01396.wav,REAL,Genuine_Pool,SPK_Gen_076,en,BONAFIDE,HUMAN,Varied Microphones,pcm_16k,16000,5.01,train
data/real/genuine_pool_01397.wav,REAL,Genuine_Pool,SPK_Gen_077,en,BONAFIDE,HUMAN,Varied Microphones,pcm_16k,16000,4.34,train
data/real/genuine_pool_01398.wav,REAL,Genuine_Pool,SPK_Gen_078,en,BONAFIDE,HUMAN,Varied Microphones,pcm_16k,16000,4.8,train
data/real/genuine_pool_01399.wav,REAL,Genuine_Pool,SPK_Gen_079,en,BONAFIDE,HUMAN,Varied Microphones,pcm_16k,16000,5.41,train
data/real/genuine_pool_01400.wav,REAL,Genuine_Pool,SPK_Gen_080,en,BONAFIDE,HUMAN,Varied Microphones,pcm_16k,16000,4.78,train
data/real/genuine_pool_01401.wav,REAL,Genuine_Pool,SPK_Gen_081,en,BONAFIDE,HUMAN,Varied Microphones,pcm_16k,16000,5.26,test
data/real/genuine_pool_01402.wav,REAL,Genuine_Pool,SPK_Gen_082,en,BONAFIDE,HUMAN,Varied Microphones,pcm_16k,16000,4.44,train
data/real/genuine_pool_01403.wav,REAL,Genuine_Pool,SPK_Gen_083,en,BONAFIDE,HUMAN,Varied Microphones,pcm_16k,16000,5.41,train
data/real/genuine_pool_01404.wav,REAL,Genuine_Pool,SPK_Gen_084,en,BONAFIDE,HUMAN,Varied Microphones,pcm_16k,16000,4.87,test
data/real/genuine_pool_01405.wav,REAL,Genuine_Pool,SPK_Gen_085,en,BONAFIDE,HUMAN,Varied Microphones,pcm_16k,16000,4.57,test
data/real/genuine_pool_01406.wav,REAL,Genuine_Pool,SPK_Gen_086,en,BONAFIDE,HUMAN,Varied Microphones,pcm_16k,16000,5.48,train
data/real/genuine_pool_01407.wav,REAL,Genuine_Pool,SPK_Gen_087,en,BONAFIDE,HUMAN,Varied Microphones,pcm_16k,16000,4.86,train
data/real/genuine_pool_01408.wav,REAL,Genuine_Pool,SPK_Gen_088,en,BONAFIDE,HUMAN,Varied Microphones,pcm_16k,16000,4.85,test
data/real/genuine_pool_01409.wav,REAL,Genuine_Pool,SPK_Gen_089,en,BONAFIDE,HUMAN,Varied Microphones,pcm_16k,16000,4.93,train
data/real/genuine_pool_01410.wav,REAL,Genuine_Pool,SPK_Gen_090,en,BONAFIDE,HUMAN,Varied Microphones,pcm_16k,16000,5.56,test
data/real/genuine_pool_01411.wav,REAL,Genuine_Pool,SPK_Gen_091,en,BONAFIDE,HUMAN,Varied Microphones,pcm_16k,16000,5.47,validation
data/real/genuine_pool_01412.wav,REAL,Genuine_Pool,SPK_Gen_092,en,BONAFIDE,HUMAN,Varied Microphones,pcm_16k,16000,4.78,test
data/real/genuine_pool_01413.wav,REAL,Genuine_Pool,SPK_Gen_093,en,BONAFIDE,HUMAN,Varied Microphones,pcm_16k,16000,4.25,train
data/real/genuine_pool_01414.wav,REAL,Genuine_Pool,SPK_Gen_094,en,BONAFIDE,HUMAN,Varied Microphones,pcm_16k,16000,4.43,train
data/real/genuine_pool_01415.wav,REAL,Genuine_Pool,SPK_Gen_095,en,BONAFIDE,HUMAN,Varied Microphones,pcm_16k,16000,4.22,train
data/real/genuine_pool_01416.wav,REAL,Genuine_Pool,SPK_Gen_096,en,BONAFIDE,HUMAN,Varied Microphones,pcm_16k,16000,5.49,validation
data/real/genuine_pool_01417.wav,REAL,Genuine_Pool,SPK_Gen_097,en,BONAFIDE,HUMAN,Varied Microphones,pcm_16k,16000,5.71,train
data/real/genuine_pool_01418.wav,REAL,Genuine_Pool,SPK_Gen_098,en,BONAFIDE,HUMAN,Varied Microphones,pcm_16k,16000,4.34,train
data/real/genuine_pool_01419.wav,REAL,Genuine_Pool,SPK_Gen_099,en,BONAFIDE,HUMAN,Varied Microphones,pcm_16k,16000,4.7,test
data/real/genuine_pool_01420.wav,REAL,Genuine_Pool,SPK_Gen_100,en,BONAFIDE,HUMAN,Varied Microphones,pcm_16k,16000,5.77,validation
data/real/genuine_pool_01421.wav,REAL,Genuine_Pool,SPK_Gen_101,en,BONAFIDE,HUMAN,Varied Microphones,pcm_16k,16000,4.46,train
data/real/genuine_pool_01422.wav,REAL,Genuine_Pool,SPK_Gen_102,en,BONAFIDE,HUMAN,Varied Microphones,pcm_16k,16000,4.3,train
data/real/genuine_pool_01423.wav,REAL,Genuine_Pool,SPK_Gen_103,en,BONAFIDE,HUMAN,Varied Microphones,pcm_16k,16000,5.41,train
data/real/genuine_pool_01424.wav,REAL,Genuine_Pool,SPK_Gen_104,en,BONAFIDE,HUMAN,Varied Microphones,pcm_16k,16000,5.26,train
data/real/genuine_pool_01425.wav,REAL,Genuine_Pool,SPK_Gen_105,en,BONAFIDE,HUMAN,Varied Microphones,pcm_16k,16000,5.23,train
data/real/genuine_pool_01426.wav,REAL,Genuine_Pool,SPK_Gen_106,en,BONAFIDE,HUMAN,Varied Microphones,pcm_16k,16000,5.64,train
data/real/genuine_pool_01427.wav,REAL,Genuine_Pool,SPK_Gen_107,en,BONAFIDE,HUMAN,Varied Microphones,pcm_16k,16000,4.29,train
data/real/genuine_pool_01428.wav,REAL,Genuine_Pool,SPK_Gen_108,en,BONAFIDE,HUMAN,Varied Microphones,pcm_16k,16000,5.21,train
data/real/genuine_pool_01429.wav,REAL,Genuine_Pool,SPK_Gen_109,en,BONAFIDE,HUMAN,Varied Microphones,pcm_16k,16000,5.34,test
data/real/genuine_pool_01430.wav,REAL,Genuine_Pool,SPK_Gen_110,en,BONAFIDE,HUMAN,Varied Microphones,pcm_16k,16000,5.26,train
data/real/genuine_pool_01431.wav,REAL,Genuine_Pool,SPK_Gen_111,en,BONAFIDE,HUMAN,Varied Microphones,pcm_16k,16000,5.03,train
data/real/genuine_pool_01432.wav,REAL,Genuine_Pool,SPK_Gen_112,en,BONAFIDE,HUMAN,Varied Microphones,pcm_16k,16000,4.67,train
data/real/genuine_pool_01433.wav,REAL,Genuine_Pool,SPK_Gen_113,en,BONAFIDE,HUMAN,Varied Microphones,pcm_16k,16000,4.84,train
data/real/genuine_pool_01434.wav,REAL,Genuine_Pool,SPK_Gen_114,en,BONAFIDE,HUMAN,Varied Microphones,pcm_16k,16000,5.29,train
data/real/genuine_pool_01435.wav,REAL,Genuine_Pool,SPK_Gen_115,en,BONAFIDE,HUMAN,Varied Microphones,pcm_16k,16000,5.09,validation
data/real/genuine_pool_01436.wav,REAL,Genuine_Pool,SPK_Gen_116,en,BONAFIDE,HUMAN,Varied Microphones,pcm_16k,16000,4.69,validation
data/real/genuine_pool_01437.wav,REAL,Genuine_Pool,SPK_Gen_117,en,BONAFIDE,HUMAN,Varied Microphones,pcm_16k,16000,5.39,test
data/real/genuine_pool_01438.wav,REAL,Genuine_Pool,SPK_Gen_118,en,BONAFIDE,HUMAN,Varied Microphones,pcm_16k,16000,5.65,train
data/real/genuine_pool_01439.wav,REAL,Genuine_Pool,SPK_Gen_119,en,BONAFIDE,HUMAN,Varied Microphones,pcm_16k,16000,4.21,test
data/real/genuine_pool_01440.wav,REAL,Genuine_Pool,SPK_Gen_000,en,BONAFIDE,HUMAN,Varied Microphones,pcm_16k,16000,4.65,validation
data/real/genuine_pool_01441.wav,REAL,Genuine_Pool,SPK_Gen_001,en,BONAFIDE,HUMAN,Varied Microphones,pcm_16k,16000,5.04,train
data/real/genuine_pool_01442.wav,REAL,Genuine_Pool,SPK_Gen_002,en,BONAFIDE,HUMAN,Varied Microphones,pcm_16k,16000,5.67,validation
data/real/genuine_pool_01443.wav,REAL,Genuine_Pool,SPK_Gen_003,en,BONAFIDE,HUMAN,Varied Microphones,pcm_16k,16000,5.32,test
data/real/genuine_pool_01444.wav,REAL,Genuine_Pool,SPK_Gen_004,en,BONAFIDE,HUMAN,Varied Microphones,pcm_16k,16000,4.91,train
data/real/genuine_pool_01445.wav,REAL,Genuine_Pool,SPK_Gen_005,en,BONAFIDE,HUMAN,Varied Microphones,pcm_16k,16000,4.53,train
data/real/genuine_pool_01446.wav,REAL,Genuine_Pool,SPK_Gen_006,en,BONAFIDE,HUMAN,Varied Microphones,pcm_16k,16000,5.07,train
data/real/genuine_pool_01447.wav,REAL,Genuine_Pool,SPK_Gen_007,en,BONAFIDE,HUMAN,Varied Microphones,pcm_16k,16000,5.46,train
data/real/genuine_pool_01448.wav,REAL,Genuine_Pool,SPK_Gen_008,en,BONAFIDE,HUMAN,Varied Microphones,pcm_16k,16000,5.24,test
data/real/genuine_pool_01449.wav,REAL,Genuine_Pool,SPK_Gen_009,en,BONAFIDE,HUMAN,Varied Microphones,pcm_16k,16000,5.32,train
data/real/genuine_pool_01450.wav,REAL,Genuine_Pool,SPK_Gen_010,en,BONAFIDE,HUMAN,Varied Microphones,pcm_16k,16000,5.62,train
data/real/genuine_pool_01451.wav,REAL,Genuine_Pool,SPK_Gen_011,en,BONAFIDE,HUMAN,Varied Microphones,pcm_16k,16000,5.45,train
data/real/genuine_pool_01452.wav,REAL,Genuine_Pool,SPK_Gen_012,en,BONAFIDE,HUMAN,Varied Microphones,pcm_16k,16000,4.85,train
data/real/genuine_pool_01453.wav,REAL,Genuine_Pool,SPK_Gen_013,en,BONAFIDE,HUMAN,Varied Microphones,pcm_16k,16000,4.52,train
data/real/genuine_pool_01454.wav,REAL,Genuine_Pool,SPK_Gen_014,en,BONAFIDE,HUMAN,Varied Microphones,pcm_16k,16000,4.68,test
data/real/genuine_pool_01455.wav,REAL,Genuine_Pool,SPK_Gen_015,en,BONAFIDE,HUMAN,Varied Microphones,pcm_16k,16000,4.26,train
data/real/genuine_pool_01456.wav,REAL,Genuine_Pool,SPK_Gen_016,en,BONAFIDE,HUMAN,Varied Microphones,pcm_16k,16000,4.74,train
data/real/genuine_pool_01457.wav,REAL,Genuine_Pool,SPK_Gen_017,en,BONAFIDE,HUMAN,Varied Microphones,pcm_16k,16000,5.36,validation
data/real/genuine_pool_01458.wav,REAL,Genuine_Pool,SPK_Gen_018,en,BONAFIDE,HUMAN,Varied Microphones,pcm_16k,16000,5.38,test
data/real/genuine_pool_01459.wav,REAL,Genuine_Pool,SPK_Gen_019,en,BONAFIDE,HUMAN,Varied Microphones,pcm_16k,16000,4.4,train
data/real/genuine_pool_01460.wav,REAL,Genuine_Pool,SPK_Gen_020,en,BONAFIDE,HUMAN,Varied Microphones,pcm_16k,16000,5.79,test
data/real/genuine_pool_01461.wav,REAL,Genuine_Pool,SPK_Gen_021,en,BONAFIDE,HUMAN,Varied Microphones,pcm_16k,16000,4.65,test
data/real/genuine_pool_01462.wav,REAL,Genuine_Pool,SPK_Gen_022,en,BONAFIDE,HUMAN,Varied Microphones,pcm_16k,16000,4.35,train
data/real/genuine_pool_01463.wav,REAL,Genuine_Pool,SPK_Gen_023,en,BONAFIDE,HUMAN,Varied Microphones,pcm_16k,16000,5.08,train
data/real/genuine_pool_01464.wav,REAL,Genuine_Pool,SPK_Gen_024,en,BONAFIDE,HUMAN,Varied Microphones,pcm_16k,16000,5.03,test
data/real/genuine_pool_01465.wav,REAL,Genuine_Pool,SPK_Gen_025,en,BONAFIDE,HUMAN,Varied Microphones,pcm_16k,16000,5.41,train
data/real/genuine_pool_01466.wav,REAL,Genuine_Pool,SPK_Gen_026,en,BONAFIDE,HUMAN,Varied Microphones,pcm_16k,16000,4.46,train
data/real/genuine_pool_01467.wav,REAL,Genuine_Pool,SPK_Gen_027,en,BONAFIDE,HUMAN,Varied Microphones,pcm_16k,16000,4.24,test
data/real/genuine_pool_01468.wav,REAL,Genuine_Pool,SPK_Gen_028,en,BONAFIDE,HUMAN,Varied Microphones,pcm_16k,16000,5.47,train
data/real/genuine_pool_01469.wav,REAL,Genuine_Pool,SPK_Gen_029,en,BONAFIDE,HUMAN,Varied Microphones,pcm_16k,16000,5.15,validation
data/real/genuine_pool_01470.wav,REAL,Genuine_Pool,SPK_Gen_030,en,BONAFIDE,HUMAN,Varied Microphones,pcm_16k,16000,4.59,train
data/real/genuine_pool_01471.wav,REAL,Genuine_Pool,SPK_Gen_031,en,BONAFIDE,HUMAN,Varied Microphones,pcm_16k,16000,5.44,train
data/real/genuine_pool_01472.wav,REAL,Genuine_Pool,SPK_Gen_032,en,BONAFIDE,HUMAN,Varied Microphones,pcm_16k,16000,5.36,train
data/real/genuine_pool_01473.wav,REAL,Genuine_Pool,SPK_Gen_033,en,BONAFIDE,HUMAN,Varied Microphones,pcm_16k,16000,5.78,train
data/real/genuine_pool_01474.wav,REAL,Genuine_Pool,SPK_Gen_034,en,BONAFIDE,HUMAN,Varied Microphones,pcm_16k,16000,4.38,train
data/real/genuine_pool_01475.wav,REAL,Genuine_Pool,SPK_Gen_035,en,BONAFIDE,HUMAN,Varied Microphones,pcm_16k,16000,4.3,train
data/real/genuine_pool_01476.wav,REAL,Genuine_Pool,SPK_Gen_036,en,BONAFIDE,HUMAN,Varied Microphones,pcm_16k,16000,4.8,test
data/real/genuine_pool_01477.wav,REAL,Genuine_Pool,SPK_Gen_037,en,BONAFIDE,HUMAN,Varied Microphones,pcm_16k,16000,5.2,train
data/real/genuine_pool_01478.wav,REAL,Genuine_Pool,SPK_Gen_038,en,BONAFIDE,HUMAN,Varied Microphones,pcm_16k,16000,4.77,test
data/real/genuine_pool_01479.wav,REAL,Genuine_Pool,SPK_Gen_039,en,BONAFIDE,HUMAN,Varied Microphones,pcm_16k,16000,4.28,validation
data/real/genuine_pool_01480.wav,REAL,Genuine_Pool,SPK_Gen_040,en,BONAFIDE,HUMAN,Varied Microphones,pcm_16k,16000,5.24,train
data/real/genuine_pool_01481.wav,REAL,Genuine_Pool,SPK_Gen_041,en,BONAFIDE,HUMAN,Varied Microphones,pcm_16k,16000,4.4,train
data/real/genuine_pool_01482.wav,REAL,Genuine_Pool,SPK_Gen_042,en,BONAFIDE,HUMAN,Varied Microphones,pcm_16k,16000,4.68,train
data/real/genuine_pool_01483.wav,REAL,Genuine_Pool,SPK_Gen_043,en,BONAFIDE,HUMAN,Varied Microphones,pcm_16k,16000,5.38,train
data/real/genuine_pool_01484.wav,REAL,Genuine_Pool,SPK_Gen_044,en,BONAFIDE,HUMAN,Varied Microphones,pcm_16k,16000,4.93,train
data/real/genuine_pool_01485.wav,REAL,Genuine_Pool,SPK_Gen_045,en,BONAFIDE,HUMAN,Varied Microphones,pcm_16k,16000,5.77,validation
data/real/genuine_pool_01486.wav,REAL,Genuine_Pool,SPK_Gen_046,en,BONAFIDE,HUMAN,Varied Microphones,pcm_16k,16000,5.49,train
data/real/genuine_pool_01487.wav,REAL,Genuine_Pool,SPK_Gen_047,en,BONAFIDE,HUMAN,Varied Microphones,pcm_16k,16000,5.78,train
data/real/genuine_pool_01488.wav,REAL,Genuine_Pool,SPK_Gen_048,en,BONAFIDE,HUMAN,Varied Microphones,pcm_16k,16000,5.1,test
data/real/genuine_pool_01489.wav,REAL,Genuine_Pool,SPK_Gen_049,en,BONAFIDE,HUMAN,Varied Microphones,pcm_16k,16000,5.63,train
data/real/genuine_pool_01490.wav,REAL,Genuine_Pool,SPK_Gen_050,en,BONAFIDE,HUMAN,Varied Microphones,pcm_16k,16000,5.2,validation
data/real/genuine_pool_01491.wav,REAL,Genuine_Pool,SPK_Gen_051,en,BONAFIDE,HUMAN,Varied Microphones,pcm_16k,16000,5.05,train
data/real/genuine_pool_01492.wav,REAL,Genuine_Pool,SPK_Gen_052,en,BONAFIDE,HUMAN,Varied Microphones,pcm_16k,16000,5.15,train
data/real/genuine_pool_01493.wav,REAL,Genuine_Pool,SPK_Gen_053,en,BONAFIDE,HUMAN,Varied Microphones,pcm_16k,16000,4.76,train
data/real/genuine_pool_01494.wav,REAL,Genuine_Pool,SPK_Gen_054,en,BONAFIDE,HUMAN,Varied Microphones,pcm_16k,16000,4.66,train
data/real/genuine_pool_01495.wav,REAL,Genuine_Pool,SPK_Gen_055,en,BONAFIDE,HUMAN,Varied Microphones,pcm_16k,16000,5.46,train
data/real/genuine_pool_01496.wav,REAL,Genuine_Pool,SPK_Gen_056,en,BONAFIDE,HUMAN,Varied Microphones,pcm_16k,16000,5.34,test
data/real/genuine_pool_01497.wav,REAL,Genuine_Pool,SPK_Gen_057,en,BONAFIDE,HUMAN,Varied Microphones,pcm_16k,16000,5.28,train
data/real/genuine_pool_01498.wav,REAL,Genuine_Pool,SPK_Gen_058,en,BONAFIDE,HUMAN,Varied Microphones,pcm_16k,16000,5.34,validation
data/real/genuine_pool_01499.wav,REAL,Genuine_Pool,SPK_Gen_059,en,BONAFIDE,HUMAN,Varied Microphones,pcm_16k,16000,5.03,train
data/real/genuine_pool_01500.wav,REAL,Genuine_Pool,SPK_Gen_060,en,BONAFIDE,HUMAN,Varied Microphones,pcm_16k,16000,4.6,test
